gender,SeniorCitizen,Partner,Dependents,tenure,PhoneService,MultipleLines,OnlineSecurity,OnlineBackup,DeviceProtection,TechSupport,StreamingTV,StreamingMovies,PaperlessBilling,MonthlyCharges,TotalCharges,InternetService_DSL,InternetService_Fiber optic,InternetService_No,Contract_Month-to-month,Contract_One year,Contract_Two year,PaymentMethod_Bank transfer (automatic),PaymentMethod_Credit card (automatic),PaymentMethod_Electronic check,PaymentMethod_Mailed check
1,0,0,0,0.1023712383613841,0,0,0,0,1,0,1,1,0,-0.5219756496159262,-0.2632890631964203,1,0,0,1,0,0,0,0,1,0
1,0,1,1,-0.7117434584104956,1,0,1,0,0,0,0,0,0,0.3374778078243394,-0.5048144831572396,0,1,0,1,0,0,0,0,0,1
1,0,1,1,-0.7931549280876836,0,0,1,1,0,1,0,0,0,-0.8090131942822701,-0.7512134391325384,1,0,0,0,0,1,0,0,0,1
0,0,1,0,-0.2639803751859618,1,0,0,1,1,0,1,1,1,0.2843841579438598,-0.1736994214167345,1,0,0,0,0,1,0,1,0,0
1,0,1,1,-1.2816237461508113,1,0,0,0,0,0,0,0,0,-0.6762790695810708,-0.99085091270937,1,0,0,1,0,0,0,0,1,0
1,0,0,1,1.3642490183577978,1,0,0,1,1,1,1,1,1,0.48348534499565887,1.2709747139024437,1,0,0,0,0,1,0,1,0,0
0,0,0,0,-1.2816237461508113,1,0,0,0,0,0,0,0,0,-1.497571466169742,-1.0017175808497631,0,0,1,1,0,0,0,1,0,0
0,0,1,0,0.30589991255435406,1,1,0,1,0,0,0,0,0,-0.27641751891870747,0.03415030374133098,1,0,0,1,0,0,0,1,0,0
0,0,1,0,1.3235432835192036,1,0,0,0,0,1,1,0,1,-0.17023021915774814,0.6616070891730831,1,0,0,0,0,1,0,1,0,0
0,0,0,0,1.1200146093262338,1,1,0,0,1,1,1,1,0,0.5183280527297236,1.1177217638255048,1,0,0,0,1,0,0,1,0,0
0,1,0,0,-1.1188008067964355,1,0,1,1,0,1,0,0,0,-0.1669118660402181,-0.8840282719595658,1,0,0,1,0,0,0,1,0,0
0,0,1,1,-1.1188008067964355,1,0,1,0,0,0,0,0,1,-0.5153389433808665,-0.9083081405722422,1,0,0,1,0,0,0,0,0,1
0,0,0,0,-1.2409180113122174,1,0,1,0,0,0,0,0,0,-0.46390447005915153,-0.9563849147691331,1,0,0,1,0,0,0,0,0,1
1,0,1,1,-0.10115743583158582,1,1,1,1,1,1,0,0,0,0.08860132400959055,-0.1322085066988697,1,0,0,1,0,0,0,0,1,0
1,0,1,0,0.14307697319997809,1,1,0,0,0,0,1,1,1,1.0111034906829266,0.5149619514401006,0,1,0,1,0,0,0,0,1,0
0,0,1,1,0.9164859351332638,1,0,0,0,0,0,0,0,1,0.1367174442137754,0.676710660244983,0,1,0,0,0,1,0,1,0,0
0,0,0,0,-0.06045170099299184,1,1,1,0,1,0,0,0,1,0.6576988836659831,0.13702142880371965,0,1,0,1,0,0,0,1,0,0
0,1,1,1,-0.1825689055087738,0,0,0,0,0,0,1,0,1,-0.9633166142474143,-0.5829227765784898,1,0,0,1,0,0,0,0,1,0
1,0,0,0,-0.6710377235719016,1,0,0,0,0,0,0,0,0,-1.5257774676687466,-0.8669269901790279,0,0,1,0,0,1,0,1,0,0
1,0,0,0,-1.0780950719578415,1,0,0,0,0,0,0,0,0,-1.4859572302583868,-0.9531139378945502,0,0,1,1,0,0,1,0,0,0
1,1,1,0,-0.22327464034736777,1,1,1,0,1,0,0,0,1,0.695859944517578,-0.03565980673634629,0,1,0,0,1,0,0,0,1,0
1,0,0,0,1.0386031396490458,1,1,0,0,0,0,0,0,1,-1.3150620447055927,-0.36308678716859677,0,0,1,0,0,1,0,1,0,0
1,0,1,1,1.6084834273893616,1,1,1,1,1,1,0,1,1,1.326347036848275,2.384665504670697,0,1,0,0,0,1,0,1,0,0
0,0,0,0,-0.1825689055087738,0,0,0,0,1,1,0,0,1,-0.9682941439237093,-0.5883012284863612,1,0,0,1,0,0,0,0,0,1
1,0,1,1,0.30589991255435406,1,0,0,0,1,0,1,0,1,0.667653943018573,0.462911708690864,0,1,0,0,1,0,0,0,1,0
1,0,0,0,-1.2816237461508113,1,0,0,0,0,0,0,0,0,-1.4743429943470319,-1.001410240740742,0,0,1,1,0,0,0,0,0,1
0,0,0,0,-1.1188008067964355,1,0,0,0,0,0,0,1,1,0.5000771105833088,-0.8292997796888584,0,1,0,1,0,0,0,0,1,0
0,0,0,0,-1.2816237461508113,1,0,0,0,0,0,0,0,1,0.14169497389007057,-0.9800281502988372,0,1,0,1,0,0,0,0,1,0
0,0,0,1,-0.8338606629262776,1,1,0,1,1,0,1,1,1,1.3396204493183947,-0.4503274724007632,0,1,0,1,0,0,0,0,1,0
1,0,0,0,-1.1188008067964355,1,0,0,0,0,1,1,1,1,1.034331962505636,-0.811342336176047,0,1,0,1,0,0,0,0,1,0
1,0,1,0,1.5677776925507676,1,0,1,1,1,1,1,1,1,0.7024966507526377,1.644085606254205,1,0,0,0,0,1,1,0,0,0
1,0,0,0,-1.2002122764736234,1,1,0,0,0,0,0,0,1,0.39886734049864436,-0.9101302283614394,0,1,0,1,0,0,0,0,1,0
0,0,1,0,-0.10115743583158582,1,0,0,0,0,0,0,0,0,-1.5025489958460367,-0.7224551860741241,0,0,1,1,0,0,1,0,0,0
0,0,1,0,-0.30468611002455576,1,0,0,0,0,0,0,0,1,-1.4842980536996218,-0.787413713402252,0,0,1,0,1,0,1,0,0,0
1,0,1,1,0.7943687306174818,1,1,0,0,0,0,0,0,0,-1.3399496930870676,-0.42600369805822663,0,0,1,0,0,1,0,0,0,1
0,1,0,0,0.5501343215859179,1,1,1,1,1,0,1,1,1,1.495583045842304,1.1299056038617032,0,1,0,0,1,0,0,0,1,0
1,0,0,0,-0.9559778674420595,1,0,0,0,0,0,0,0,1,0.18483356441796028,-0.7478985565280951,0,1,0,1,0,0,0,0,1,0
0,0,1,0,-0.5489205190561197,1,1,0,0,0,0,1,0,1,0.7273842991341125,-0.32354967742950963,0,1,0,1,0,0,0,0,1,0
0,0,0,0,-0.8338606629262776,1,0,0,1,0,0,0,0,1,-0.5153389433808665,-0.7418615186723211,1,0,0,1,0,0,0,0,1,0
1,1,1,0,0.5094285867473239,1,1,0,1,1,1,1,0,1,1.1206091435614158,0.9766746066496946,0,1,0,0,1,0,1,0,0,0
0,0,1,1,0.14307697319997809,1,1,1,0,1,0,1,1,1,1.313073624378155,0.6074932771204181,0,1,0,1,0,0,0,1,0,0
1,0,0,0,0.22448844287716607,1,1,0,1,1,0,0,1,1,1.0011484313303363,0.610237385236679,0,1,0,1,0,0,0,1,0,0
1,0,1,1,-1.2816237461508113,1,0,0,0,0,0,0,0,0,-1.5174815848749215,-1.0019810152289244,0,0,1,1,0,0,0,0,0,1
1,0,1,0,-0.9152721326034655,1,1,0,0,1,0,1,1,1,1.113972437326356,-0.5547792037381181,0,1,0,1,0,0,0,0,1,0
1,0,1,1,-0.7931549280876836,1,0,0,0,0,0,0,0,0,-0.6679831867872458,-0.7648900739839826,1,0,0,1,0,0,1,0,0,0
1,0,0,0,-0.5896262538947137,1,1,0,0,1,1,1,1,1,0.5664441729339085,-0.384556689070222,1,0,0,0,1,0,0,1,0,0
0,0,1,0,0.18378270803857208,0,0,1,0,0,1,1,0,0,-0.6480730680820658,-0.3109487329596397,1,0,0,0,0,1,0,0,1,0
1,0,0,1,-1.1188008067964355,1,0,0,0,0,0,0,0,0,-1.4793205240233267,-0.956845924932665,0,0,1,1,0,0,0,1,0,0
1,0,0,0,-0.8745663977648716,1,0,0,1,0,0,0,0,0,0.33250027814804467,-0.6523596883523557,0,1,0,1,0,0,0,0,1,0
1,0,0,1,1.2828375486806096,1,0,0,1,0,1,1,1,1,1.135541732590301,1.6990994857690038,0,1,0,1,0,0,0,1,0,0
1,0,0,0,-1.2816237461508113,1,0,0,0,0,0,0,1,0,-0.3112602266527725,-0.9860212824247508,1,0,0,1,0,0,0,0,0,1
1,1,1,0,0.18378270803857208,1,1,0,0,0,0,1,1,1,0.9148712502745568,0.5146107056012194,0,1,0,1,0,0,0,0,1,0
0,0,1,1,0.631545791263106,1,1,1,1,0,0,1,1,1,1.3379612727596297,1.1837779344001371,0,1,0,1,0,0,0,1,0,0
1,1,1,0,-0.5082147842175256,1,1,0,0,0,0,1,1,1,0.9828974891839214,-0.17635571807327502,0,1,0,1,0,0,0,0,1,0
0,0,0,0,-0.2639803751859618,1,1,1,1,0,0,1,0,1,0.15165003324266044,-0.22008582501400878,1,0,0,1,0,0,1,0,0,0
0,0,0,0,-0.10115743583158582,1,0,0,0,0,0,0,0,0,-1.5108448786398618,-0.756416268120969,0,0,1,0,0,1,0,1,0,0
0,0,0,0,1.4863662228735797,1,1,1,1,0,1,0,0,1,0.06537285218688103,0.9995494919068453,1,0,0,0,0,1,0,0,0,1
1,0,1,1,1.2421318138420157,1,1,1,1,1,1,1,1,1,0.8120023036311275,1.4472781721559735,1,0,0,0,0,1,0,1,0,0
1,0,1,0,-1.1188008067964355,1,0,0,0,0,0,0,0,0,-1.5125040551986266,-0.9550677428733279,0,0,1,1,0,0,0,0,0,1
1,0,1,0,0.26519417771576004,1,0,0,0,0,0,0,0,1,-1.4760021709057967,-0.6635556494667001,0,0,1,0,0,1,1,0,0,0
1,0,0,1,-1.1595065416350294,1,1,0,1,0,0,1,1,1,1.2201597370873154,-0.850352577156812,0,1,0,1,0,0,0,0,1,0
1,0,1,0,1.1200146093262338,1,1,0,0,1,0,1,1,0,1.2019087949409006,1.6535253381741426,0,1,0,0,0,1,0,1,0,0
1,0,1,1,-0.5489205190561197,1,1,0,0,1,1,1,1,0,1.273253386967795,-0.1267202904663479,0,1,0,1,0,0,0,0,1,0
0,0,1,0,-0.8745663977648716,1,1,0,1,0,0,1,1,1,1.2301147964399053,-0.5075366384085704,0,1,0,1,0,0,0,0,1,0
0,1,0,0,-0.06045170099299184,1,1,0,1,0,0,1,1,1,1.1620885575305409,0.3887110252271693,0,1,0,1,0,0,0,0,1,0
1,0,0,0,-0.10115743583158582,1,0,1,1,1,0,0,0,1,0.642766294637098,0.06027421300813474,0,1,0,1,0,0,0,1,0,0
1,0,0,0,0.8350744654560759,1,1,0,0,0,0,0,0,0,-1.3382905165283026,-0.4488566304504474,0,0,1,0,0,1,0,0,0,1
0,0,0,0,-1.1188008067964355,1,0,0,1,0,1,0,1,1,0.8103431270723621,-0.8076981605976526,0,1,0,1,0,0,0,0,1,0
1,1,0,0,0.7536629957788878,1,1,0,1,0,0,0,0,1,0.4868036981131887,0.7347101293902735,0,1,0,0,1,0,1,0,0,0
0,0,1,0,1.5677776925507676,1,1,1,1,1,1,1,1,0,0.8086839505135972,1.794572495349953,1,0,0,0,0,1,0,1,0,0
0,0,0,1,1.1607203441648277,1,1,0,0,0,0,0,0,1,-1.3250171040581826,-0.3525494120021549,0,0,1,0,0,1,0,1,0,0
1,1,0,0,-0.9966836022806536,1,0,0,1,0,0,0,0,1,0.31756768911915967,-0.74410071089519,0,1,0,1,0,0,0,0,1,0
1,0,1,0,-0.9152721326034655,1,0,1,0,0,1,0,0,1,-0.3311703453579522,-0.7606531710524758,1,0,0,1,0,0,0,1,0,0
0,0,1,0,-0.8338606629262776,0,0,0,0,1,0,1,1,1,-0.5004063543519814,-0.7394467035300115,1,0,0,1,0,0,1,0,0,0
1,0,1,0,1.3642490183577978,1,1,0,0,0,1,0,1,0,-0.03583691789778363,0.8619928402549192,1,0,0,1,0,0,0,0,1,0
1,0,0,0,-0.3453918448631497,1,0,1,1,0,1,0,0,0,-0.14866092389380306,-0.37783911240161533,1,0,0,1,0,0,1,0,0,0
0,0,1,1,-1.1595065416350294,1,0,0,1,0,1,0,0,0,-0.2797358720362375,-0.9071885444608078,1,0,0,1,0,0,0,0,0,1
0,0,0,0,-1.1595065416350294,1,1,0,1,0,0,0,1,1,0.7970697146022425,-0.8544577628987383,0,1,0,1,0,0,0,0,1,0
0,0,0,1,0.1023712383613841,1,0,1,1,0,0,0,0,0,-0.30960105009400735,-0.12507382559659136,1,0,0,0,1,0,0,1,0,0
0,1,0,0,0.5094285867473239,1,0,1,1,0,1,0,0,1,0.689223238282518,0.6483914644851706,0,1,0,1,0,0,1,0,0,0
1,0,0,0,1.3235432835192036,1,1,1,0,1,1,1,1,1,1.495583045842304,2.123865469301261,0,1,0,0,1,0,0,1,0,0
0,0,1,1,-0.7524491932490895,1,0,0,0,0,0,0,1,1,0.5299422886410788,-0.5042656615339874,0,1,0,1,0,0,1,0,0,0
0,0,1,1,1.1607203441648277,0,0,1,1,0,1,0,1,1,-0.4722003528529765,0.3457273156940585,1,0,0,0,1,0,1,0,0,0
1,0,1,1,1.4456604880349857,1,0,1,0,1,0,0,0,0,0.5116913464946635,1.3495879232170855,0,1,0,0,0,1,0,1,0,0
0,0,1,1,-0.38609757970174374,1,0,1,1,0,1,0,0,1,-0.2382564580671127,-0.4471662598508307,1,0,0,0,1,0,0,0,0,1
0,0,0,0,0.9164859351332638,1,0,0,1,1,0,0,0,1,0.5515115839050234,0.9695179726824861,0,1,0,1,0,0,0,0,1,0
1,0,1,1,1.4863662228735797,1,1,0,0,0,0,0,0,0,-1.3432680462045974,-0.2560226649045615,0,0,1,0,0,1,1,0,0,0
0,0,1,0,-1.0373893371192475,1,0,1,0,1,1,1,1,0,0.5415565245524336,-0.7557137764432061,1,0,0,1,0,0,1,0,0,0
0,0,1,1,1.6084834273893616,1,1,1,0,0,0,0,0,0,0.4685527559667738,1.5056947457349357,0,1,0,0,0,1,1,0,0,0
0,0,1,1,1.1607203441648277,1,0,1,0,0,0,0,0,1,-0.5053838840282764,0.2898133687171265,1,0,0,0,1,0,1,0,0,0
1,1,1,0,1.2828375486806096,1,0,1,0,1,0,0,0,0,0.5100321699358986,1.1926468918318922,0,1,0,0,1,0,0,1,0,0
0,1,1,0,-0.019745966154397852,1,1,0,0,0,0,1,1,1,0.9380997220972668,0.27646602683963345,0,1,0,1,0,0,0,0,1,0
0,0,0,0,-1.2816237461508113,1,1,0,0,1,0,0,0,1,0.4851445215544238,-0.9754839072583089,0,1,0,1,0,0,0,0,0,1
1,0,0,0,-1.2002122764736234,1,0,1,0,0,1,0,0,1,0.5763992322864984,-0.9162770305418638,0,1,0,1,0,0,0,0,0,1
1,0,0,1,-1.2002122764736234,1,0,0,0,0,0,0,0,0,-1.4842980536996218,-0.9881946160528295,0,0,1,1,0,0,1,0,0,0
0,0,1,0,1.6084834273893616,1,1,1,0,1,1,1,1,1,0.6460846477546283,1.6662799526985235,1,0,0,0,0,1,0,1,0,0
0,0,0,1,-0.2639803751859618,0,0,0,0,1,0,0,0,1,-1.1657361544167435,-0.6650923500118062,1,0,0,1,0,0,0,0,0,1
1,0,0,0,0.26519417771576004,1,0,1,0,1,0,1,1,1,1.1786803231181906,0.6587532167321717,0,1,0,0,0,1,0,0,1,0
0,0,0,0,-1.2816237461508113,1,0,0,0,0,0,0,0,0,-1.5058673489635668,-1.0018273451744135,0,0,1,1,0,0,0,0,0,1
0,0,0,0,-1.2816237461508113,1,0,0,0,0,0,0,0,1,-1.5075265255223318,-1.0018492980393439,0,0,1,1,0,0,0,0,0,1
0,0,1,1,0.9571916699718578,1,0,0,0,0,0,1,1,0,0.7954105380434776,1.1708257440913856,0,1,0,0,1,0,1,0,0,0
0,1,1,0,0.428017117070136,1,1,0,0,1,1,1,1,1,1.4142833944628193,0.9802309707683685,0,1,0,0,1,0,0,0,1,0
0,0,0,1,-1.2816237461508113,1,1,0,0,0,0,0,0,0,-1.3117436915880627,-0.9992588599775934,0,0,1,1,0,0,0,0,0,1
1,0,0,0,-0.1418631706701798,1,1,0,1,1,0,0,1,0,0.1981069768880804,-0.14783894652909185,1,0,0,0,1,0,0,1,0,0
1,0,0,0,-1.2409180113122174,1,1,0,1,0,0,0,0,1,0.5664441729339085,-0.9293389851752657,0,1,0,1,0,0,0,0,1,0
1,0,0,0,1.4456604880349857,1,0,0,1,1,0,0,0,0,0.4868036981131887,1.3874785680864161,0,1,0,0,1,0,0,1,0,0
1,0,1,1,1.4049547531963917,1,1,0,1,0,0,0,1,1,0.8169798333074222,1.787745154356696,0,1,0,1,0,0,1,0,0,0
0,0,1,1,-0.5489205190561197,1,1,0,0,0,0,0,0,1,-1.3283354571757127,-0.8050638168060421,0,0,1,0,0,1,1,0,0,0
1,0,1,1,1.3642490183577978,0,0,0,1,1,0,1,1,1,-0.2714399892424126,0.6177891707726292,1,0,0,0,0,1,0,1,0,0
0,0,1,0,-1.1595065416350294,0,0,1,0,0,0,0,0,1,-1.1906238027982183,-0.9535090894632918,1,0,0,1,0,0,0,0,1,0
0,0,1,1,-0.9559778674420595,1,0,0,0,0,0,0,0,0,-1.4992306427285067,-0.9179234954116203,0,0,1,0,0,1,0,0,0,1
1,1,1,0,0.8350744654560759,1,1,0,1,1,0,1,1,1,1.2915043291142099,1.3980378961177882,0,1,0,1,0,0,0,0,1,0
0,0,0,0,-0.38609757970174374,1,0,0,0,0,0,0,0,1,-1.5075265255223318,-0.8039661735595378,0,0,1,1,0,0,0,0,0,1
0,0,1,0,0.7129572609402939,1,1,1,1,0,1,1,1,0,1.4474669256381192,1.4530078699027262,0,1,0,0,1,0,0,0,1,0
1,0,0,0,-1.2409180113122174,1,0,0,1,0,0,0,0,0,0.33250027814804467,-0.9437839702992631,0,1,0,1,0,0,0,0,1,0
0,0,1,0,1.0793088744876398,1,0,0,0,0,0,0,0,0,-1.4793205240233267,-0.4541253180336683,0,0,1,0,1,0,0,0,0,1
1,0,1,1,1.2421318138420157,1,1,1,1,1,0,1,1,0,0.6162194696968583,1.3758655025384001,1,0,0,0,0,1,0,1,0,0
0,0,1,0,-0.30468611002455576,1,0,1,1,0,1,0,1,1,0.2030845065643751,-0.20355531772165308,1,0,0,1,0,0,0,0,0,1
0,0,0,0,-0.7524491932490895,1,1,0,0,1,0,0,0,1,0.5150096996121938,-0.5397414912610083,0,1,0,1,0,0,0,0,1,0
1,0,1,0,1.3235432835192036,1,1,1,1,1,0,0,0,0,0.07035038186317573,0.8817284658270675,1,0,0,0,1,0,0,1,0,0
1,1,1,0,1.4863662228735797,0,0,1,1,0,0,1,1,0,-0.2780766954774726,0.7250289159561051,1,0,0,0,0,1,0,1,0,0
0,0,1,1,-0.4675090493789317,1,0,0,1,0,0,0,0,1,0.3026351000902746,-0.3229789029413274,0,1,0,1,0,0,1,0,0,0
1,0,1,1,0.428017117070136,1,1,1,0,1,1,0,0,1,0.873391836305432,0.7518772697656018,0,1,0,0,1,0,0,1,0,0
1,1,1,0,1.5677776925507676,1,1,1,1,1,1,0,0,1,0.8982794846869069,1.8808692073901256,0,1,0,0,1,0,0,0,1,0
1,0,0,1,-0.5489205190561197,0,0,0,0,0,0,0,0,1,-1.3134028681468275,-0.7618605786236307,1,0,0,1,0,0,0,1,0,0
0,0,0,0,0.30589991255435406,1,0,0,0,0,0,0,0,0,-1.5025489958460367,-0.6458835931979799,0,0,1,0,0,1,0,1,0,0
0,0,0,0,-0.9559778674420595,1,1,0,0,0,0,0,1,1,0.6095827634617982,-0.6577161873952969,0,1,0,1,0,0,0,0,1,0
1,0,0,0,1.0386031396490458,1,1,0,1,1,0,1,1,1,1.27159421040903,1.631682237568706,0,1,0,0,1,0,1,0,0,0
0,0,0,0,-1.2816237461508113,1,0,0,0,0,0,0,0,0,-1.4942531130522119,-1.001673675119903,0,0,1,1,0,0,1,0,0,0
1,0,1,1,0.590840056424512,1,1,1,1,1,1,1,1,1,1.6100662283970886,1.3244079871422758,0,1,0,0,1,0,1,0,0,0
0,0,1,0,1.0386031396490458,1,1,1,0,1,1,1,1,1,0.642766294637098,1.1481703874835356,1,0,0,0,0,1,0,0,1,0
1,0,0,0,0.30589991255435406,1,1,0,1,1,0,1,1,1,1.2516840917038503,0.7933023258886761,0,1,0,1,0,0,0,0,0,1
0,0,0,0,0.346605647392948,1,1,0,0,1,1,0,1,1,0.12178485518489039,0.25277888558006945,1,0,0,0,1,0,0,0,1,0
1,0,1,0,1.4049547531963917,1,0,1,1,0,0,1,1,1,1.1936129121470758,1.9458277347182535,0,1,0,0,1,0,0,1,0,0
1,1,0,0,0.06166550352279012,1,0,0,1,1,0,1,1,1,1.1587702044130104,0.45742349245834224,0,1,0,0,1,0,0,0,1,0
1,0,0,0,-1.2002122764736234,1,0,0,0,0,0,0,0,1,-1.5207999379924515,-0.9871189256712551,0,0,1,1,0,0,0,0,0,1
0,1,1,0,1.1200146093262338,1,1,1,1,1,1,1,1,1,1.696343409452868,2.03045602902374,0,1,0,0,0,1,1,0,0,0
0,1,0,0,-0.9966836022806536,1,0,0,0,1,0,1,1,1,0.9015978378044367,-0.6899210402477348,0,1,0,1,0,0,0,0,1,0
1,0,1,1,-0.7117434584104956,1,1,0,0,0,0,0,0,1,0.33084110158927976,-0.5242647214852969,0,1,0,1,0,0,1,0,0,0
1,0,0,0,1.4456604880349857,1,1,1,1,1,0,0,1,1,1.233433149557435,2.1285633823962997,0,1,0,0,0,1,1,0,0,0
1,1,1,0,1.5677776925507676,1,1,0,0,0,0,0,0,0,-1.3100845150292975,-0.22465202091946684,0,0,1,0,0,1,0,1,0,0
0,0,0,0,1.0386031396490458,1,1,1,0,0,0,0,0,1,0.4934404043482487,0.9771356168132265,0,1,0,1,0,0,1,0,0,0
1,1,0,0,-1.2409180113122174,1,0,0,0,0,0,0,0,0,-1.5174815848749215,-0.994077983854093,0,0,1,1,0,0,0,0,1,0
0,0,1,1,-0.7524491932490895,1,0,0,1,0,1,0,1,1,0.8202981864249524,-0.4798760285966606,0,1,0,1,0,0,0,1,0,0
0,0,1,0,1.5677776925507676,1,0,0,0,0,0,0,0,1,-1.461069581876912,-0.35481055708995385,0,0,1,0,0,1,1,0,0,0
1,0,0,0,-0.7524491932490895,1,1,0,1,0,0,1,1,1,1.1819986762357204,-0.3889033563263793,0,1,0,1,0,0,0,0,1,0
0,0,0,0,-1.0780950719578415,0,0,1,1,0,1,0,1,0,-0.46390447005915153,-0.8753568903121813,1,0,0,1,0,0,0,1,0,0
1,0,1,1,-0.7117434584104956,1,0,0,1,1,1,0,1,1,0.15165003324266044,-0.5400049256401693,1,0,0,1,0,0,0,0,0,1
1,0,1,1,0.9978974048104517,1,0,0,1,1,0,1,1,1,1.0824480827098208,1.4474318422104844,0,1,0,0,1,0,0,1,0,0
0,0,0,0,1.3642490183577978,1,0,1,1,1,0,0,0,1,-0.1254324520710933,0.7534798289054979,1,0,0,0,0,1,1,0,0,0
1,1,1,0,1.4863662228735797,1,1,0,1,0,0,1,0,1,0.8302532457775423,1.6867839285432247,0,1,0,1,0,0,0,0,1,0
0,0,1,0,1.4456604880349857,1,0,1,0,0,1,0,0,0,-0.29964599074141746,0.6794328154963141,1,0,0,0,1,0,1,0,0,0
1,1,0,1,0.9571916699718578,1,0,1,0,0,0,1,1,0,0.9911933719777464,1.3009184216670824,0,1,0,0,1,0,0,1,0,0
1,1,0,0,0.1023712383613841,1,1,0,0,1,0,1,1,1,1.1322233794727707,0.4805398592297241,0,1,0,1,0,0,0,0,1,0
0,0,1,1,0.428017117070136,1,0,0,0,0,0,1,0,0,-0.29135010794759253,0.0869249910332607,1,0,0,1,0,0,0,0,1,0
1,0,1,0,-0.06045170099299184,1,0,0,0,1,1,0,1,1,0.04878108659923111,-0.12360298364627556,1,0,0,1,0,0,0,1,0,0
0,0,1,1,0.020959768684196134,1,0,1,1,1,0,0,0,1,-0.21502798624440272,-0.1518782736762278,1,0,0,0,1,0,0,0,0,1
1,0,0,0,-1.2816237461508113,1,0,0,0,0,0,0,0,1,0.14667250356636527,-0.9799622917040468,0,1,0,1,0,0,0,0,1,0
1,0,0,0,0.46872285190873,1,0,0,0,1,1,1,1,0,1.1670660872068355,0.9119356079708676,0,1,0,0,0,1,1,0,0,0
0,0,1,1,0.9978974048104517,1,0,1,1,0,0,0,0,0,-0.38094564212090193,0.3300310172690462,1,0,0,0,1,0,0,0,1,0
1,0,0,1,1.5270719577121736,1,1,1,1,0,1,0,0,0,0.0006649663950462456,0.9879583792237594,1,0,0,0,1,0,1,0,0,0
1,0,0,0,-1.2816237461508113,1,0,0,0,0,0,0,0,0,-1.472683817788267,-1.0013882878758118,0,0,1,1,0,0,0,1,0,0
1,0,1,1,0.9164859351332638,1,0,0,0,1,1,0,0,1,-0.3212152860053623,0.3594039505455029,1,0,0,0,0,1,0,1,0,0
1,1,1,0,-0.1418631706701798,1,1,0,0,0,0,1,1,1,0.9795791360663916,0.15469348507243982,0,1,0,1,0,0,0,0,1,0
0,0,0,0,0.020959768684196134,1,1,1,1,0,0,0,0,1,-0.13372833486491825,-0.11743422860092108,1,0,0,1,0,0,0,0,0,1
1,1,1,0,-1.1595065416350294,1,1,0,0,0,0,0,0,0,0.33250027814804467,-0.8748739272837194,0,1,0,1,0,0,0,0,1,0
1,0,0,0,1.5270719577121736,0,0,0,0,0,1,0,1,1,-0.82560495986992,0.21883975639815456,1,0,0,0,0,1,0,0,0,1
1,0,0,0,0.1023712383613841,1,1,0,0,0,0,0,0,1,-1.3051069853530026,-0.6147105249972561,0,0,1,1,0,0,0,0,1,0
0,0,0,0,-1.2409180113122174,1,0,0,0,0,0,0,0,1,-0.6331404790531808,-0.9640464646297336,1,0,0,1,0,0,0,0,0,1
1,1,1,0,-0.9152721326034655,1,1,0,0,1,0,0,1,1,0.8252757161012472,-0.6089808272505034,0,1,0,1,0,0,0,0,1,0
1,0,1,1,-1.2816237461508113,1,0,0,1,0,0,0,0,0,0.32088604223668943,-0.9776572408863877,0,1,0,1,0,0,0,1,0,0
1,0,0,0,-0.06045170099299184,1,0,0,0,0,0,0,0,0,-1.477661347464562,-0.7429811147837556,0,0,1,0,0,1,1,0,0,0
1,1,0,0,-0.10115743583158582,1,1,1,0,0,0,0,1,1,0.8485041879239571,0.12931597321325897,0,1,0,1,0,0,0,1,0,0
1,1,1,1,1.1200146093262338,1,1,1,1,0,0,0,1,1,0.9397588986560317,1.5249474082786223,0,1,0,1,0,0,0,0,1,0
0,0,1,1,1.6084834273893616,1,1,1,0,1,1,0,0,0,0.06371367562811567,1.078974957223901,1,0,0,0,0,1,1,0,0,0
1,0,0,0,-1.1595065416350294,1,0,0,0,0,0,0,0,1,-1.4677062881119718,-0.9736398666041817,0,0,1,1,0,0,0,1,0,0
1,0,1,1,-1.1595065416350294,1,0,0,0,0,0,0,0,1,0.15330920980142534,-0.8853234909904409,0,1,0,1,0,0,0,0,0,1
0,0,0,0,-0.30468611002455576,1,0,0,1,1,0,1,1,1,1.1471559685016557,0.029737777890383576,0,1,0,1,0,0,0,0,1,0
1,0,1,0,1.5270719577121736,1,1,1,0,0,1,1,1,1,0.39886734049864436,1.312114382781427,1,0,0,0,0,1,0,1,0,0
1,0,0,0,-1.2816237461508113,1,0,0,0,0,0,0,0,1,-1.4760021709057967,-1.0014321936056723,0,0,1,1,0,0,0,0,0,1
0,0,0,0,-0.5489205190561197,1,0,0,0,0,0,0,0,0,-1.4942531130522119,-0.8490354052610068,0,0,1,1,0,0,0,0,0,1
0,0,0,0,-1.2816237461508113,1,0,0,0,0,0,0,0,0,-1.5075265255223318,-1.0018492980393439,0,0,1,1,0,0,0,0,0,1
0,0,1,1,-0.8338606629262776,1,0,0,0,0,0,0,0,0,-1.480979700582092,-0.9118425518259863,0,0,1,0,0,1,1,0,0,0
1,0,0,0,1.6084834273893616,1,0,0,0,0,0,0,0,0,-1.5141632317573919,-0.3892326493003306,0,0,1,0,0,1,1,0,0,0
0,0,0,0,-1.2409180113122174,1,0,0,0,0,0,0,0,0,-1.480979700582092,-0.992321754659686,0,0,1,1,0,0,0,0,0,1
1,0,1,1,0.06166550352279012,1,0,0,1,1,0,1,0,1,0.8269348926600121,0.3470444875898638,0,1,0,1,0,0,0,0,1,0
1,0,0,0,0.18378270803857208,0,0,1,1,0,1,0,0,1,-0.8090131942822701,-0.3997480716018424,1,0,0,0,0,1,0,0,0,1
1,1,1,1,1.0386031396490458,1,1,1,1,0,1,0,0,1,0.8269348926600121,1.2400870329458107,0,1,0,0,1,0,1,0,0,0
1,0,0,0,-1.2816237461508113,1,0,0,0,0,0,0,0,1,-0.6430955384057709,-0.9904118554107683,1,0,0,1,0,0,0,0,0,1
0,1,0,0,-1.2816237461508113,1,0,0,0,0,0,0,0,1,0.20972121279943517,-0.9791280828367035,0,1,0,1,0,0,0,0,1,0
1,0,0,0,-1.2816237461508113,1,1,0,0,0,0,0,0,1,-0.4804962356468015,-0.9882604746476199,1,0,0,1,0,0,0,0,1,0
1,0,1,0,1.6084834273893616,1,1,1,1,1,1,0,0,0,0.10685226615600583,1.1008839164241278,1,0,0,0,0,1,0,0,0,1
0,1,1,1,-0.8338606629262776,0,0,0,0,0,1,0,0,1,-1.1823279200043932,-0.8541504227897171,1,0,0,1,0,0,0,0,0,1
0,0,0,0,-1.2409180113122174,1,0,0,0,0,0,0,0,0,-1.5075265255223318,-0.9965586575911927,0,0,1,1,0,0,0,0,0,1
0,0,1,0,0.590840056424512,1,0,0,0,0,0,0,0,0,-1.5025489958460367,-0.6057976618356408,0,0,1,0,0,1,1,0,0,0
1,0,1,1,-1.0780950719578415,1,0,0,0,0,0,0,0,1,-0.6746198930223056,-0.895904771886743,1,0,0,1,0,0,1,0,0,0
0,0,0,0,1.1200146093262338,0,0,1,0,1,0,1,1,0,-0.37596811244460704,0.41083951307669725,1,0,0,0,0,1,0,0,1,0
0,1,0,0,-1.2409180113122174,1,0,0,1,0,0,1,0,1,0.6261745290494481,-0.9385372355809724,0,1,0,1,0,0,1,0,0,0
1,0,1,0,0.7536629957788878,1,0,1,1,1,1,1,1,1,0.6278337056082129,0.8806527754454934,1,0,0,0,0,1,0,1,0,0
0,0,1,1,1.6084834273893616,1,1,1,1,1,0,1,1,0,1.4806504568134191,2.452543763034526,0,1,0,0,0,1,0,1,0,0
1,0,1,0,1.6084834273893616,1,1,1,1,1,0,1,1,1,0.6742906492536329,1.6604185377621903,1,0,0,0,0,1,0,0,1,0
0,0,1,1,0.7943687306174818,1,1,0,0,0,0,0,0,0,-1.3897249898500175,-0.4593500998870291,0,0,1,0,0,1,0,0,0,1
0,0,1,0,1.5677776925507676,1,1,1,1,1,1,1,1,0,0.9380997220972668,1.8461617279356577,1,0,0,0,0,1,0,1,0,0
0,0,1,0,-0.1825689055087738,1,1,0,0,0,0,0,0,0,-1.3067661619117676,-0.7152765992419855,0,0,1,0,1,0,0,0,0,1
1,1,1,0,1.5677776925507676,0,0,1,1,1,1,0,0,0,-0.6165487134655309,0.4619238297690101,1,0,0,0,0,1,0,1,0,0
1,0,1,1,1.4456604880349857,1,0,1,0,0,1,1,1,1,1.1488151450604207,1.91722315171435,0,1,0,0,0,1,0,0,1,0
1,0,0,0,-1.2816237461508113,1,0,0,0,0,0,0,0,1,0.17985603474166512,-0.9795232344054451,0,1,0,1,0,0,0,0,1,0
0,0,0,0,-0.8745663977648716,1,1,0,0,1,0,1,0,1,0.8053655973960674,-0.5756124725567708,0,1,0,1,0,0,0,0,1,0
1,0,1,1,-1.2002122764736234,1,0,0,1,1,0,0,0,1,-0.29135010794759253,-0.9365834306021945,1,0,0,1,0,0,0,0,0,1
0,0,1,0,1.1607203441648277,1,1,0,0,1,1,1,1,1,1.273253386967795,1.8515182269785995,0,1,0,0,1,0,1,0,0,0
1,0,1,0,-1.0780950719578415,1,1,0,0,0,0,0,0,1,0.3507512202944595,-0.818103818574514,0,1,0,1,0,0,0,0,1,0
0,0,1,0,0.5501343215859179,1,1,1,0,0,0,0,0,0,-0.39255987803225695,0.06958222773849183,1,0,0,1,0,0,0,0,1,0
0,0,0,1,0.7129572609402939,1,0,0,0,0,0,0,0,0,0.17985603474166512,0.5410419549770442,0,1,0,0,0,1,0,1,0,0
1,0,0,0,1.4863662228735797,1,0,0,1,1,1,1,1,1,1.29814103534927,2.178023187083786,0,1,0,0,1,0,1,0,0,0
1,0,1,1,0.22448844287716607,1,1,1,0,1,1,1,1,1,0.6792681789299281,0.4371609981278717,1,0,0,0,0,1,1,0,0,0
0,0,0,0,-1.2002122764736234,1,1,0,0,0,0,0,0,1,0.3092718063253347,-0.9180771654661309,0,1,0,1,0,0,0,0,1,0
0,1,1,0,1.4456604880349857,1,1,0,1,0,0,0,1,1,0.8186390098661871,1.679956587549968,0,1,0,1,0,0,1,0,0,0
1,0,0,1,-0.30468611002455576,1,0,0,0,0,0,0,0,0,-1.464387934994442,-0.8083567465455552,0,0,1,1,0,0,0,0,0,1
0,1,1,0,-0.5896262538947137,1,1,0,0,0,1,1,1,0,1.1554518512954808,-0.20419195080462563,0,1,0,1,0,0,1,0,0,0
1,0,0,0,-1.0373893371192475,1,1,0,0,0,0,0,1,1,0.6726314726948681,-0.745856940089597,0,1,0,1,0,0,0,0,0,1
0,0,0,0,1.3235432835192036,0,0,1,0,1,1,1,1,0,-0.16525268948145297,0.71117665818522,1,0,0,0,0,1,0,1,0,0
0,0,0,0,-0.8338606629262776,1,0,0,0,0,0,0,0,0,-1.5141632317573919,-0.9099765583069288,0,0,1,0,1,0,0,0,0,1
1,0,0,0,-1.2816237461508113,0,0,0,0,0,0,0,0,0,-1.3316538102932427,-0.9995222943567544,1,0,0,1,0,0,1,0,0,0
1,0,0,0,-0.5896262538947137,1,0,0,0,0,0,0,0,0,-1.5241182911099815,-0.8572677296097895,0,0,1,1,0,0,0,0,1,0
0,0,1,0,1.2828375486806096,1,1,1,0,1,1,1,1,1,0.665994766459808,1.397554933089326,1,0,0,0,0,1,0,1,0,0
1,0,0,0,-0.2639803751859618,1,1,1,1,0,0,0,0,1,0.7207475928990529,-0.04064310707547604,0,1,0,1,0,0,0,1,0,0
0,0,0,1,-1.1595065416350294,1,1,0,1,0,0,1,0,0,0.8186390098661871,-0.84986961412835,0,1,0,1,0,0,0,0,0,1
1,0,1,0,1.5677776925507676,1,0,1,0,0,1,0,0,0,-0.3461029343868372,0.6484353702150307,1,0,0,0,0,1,1,0,0,0
0,0,0,0,0.6722515261016999,1,1,1,1,0,0,0,0,1,-0.17188939571651304,0.27791491592501927,1,0,0,1,0,0,0,1,0,0
1,0,0,0,-1.0373893371192475,1,1,0,0,0,0,0,1,1,0.7257251225753476,-0.738041720174486,0,1,0,1,0,0,0,0,1,0
0,1,0,0,0.1023712383613841,1,1,1,1,1,1,1,1,1,1.522129870782544,0.6739445992637922,0,1,0,0,1,0,1,0,0,0
1,1,1,0,-1.2816237461508113,1,0,0,0,0,0,0,0,1,0.1781968581829002,-0.9795451872703751,0,1,0,1,0,0,0,0,1,0
0,0,0,0,-1.0780950719578415,1,0,0,0,0,0,1,1,0,0.8086839505135972,-0.7568114196897106,0,1,0,1,0,0,0,0,1,0
1,0,1,1,-0.30468611002455576,1,0,0,0,0,0,1,1,1,0.8451858348064274,-0.05388068462831866,0,1,0,0,1,0,0,0,1,0
0,0,0,1,-0.7931549280876836,1,0,0,0,1,1,0,0,0,-0.38094564212090193,-0.6951238692361655,1,0,0,1,0,0,0,0,0,1
1,1,0,0,-0.9559778674420595,1,1,1,0,0,0,0,0,0,-0.3444437578280723,-0.7934946569878862,1,0,0,1,0,0,0,0,1,0
0,0,1,0,1.6084834273893616,1,1,1,0,1,1,1,1,1,0.6626764133422782,1.6526033178470791,1,0,0,0,0,1,1,0,0,0
1,0,1,1,-0.4268033145403377,1,1,0,0,1,1,1,1,1,0.45527934349665417,-0.2799293348134264,1,0,0,0,1,0,0,0,0,1
1,0,0,0,0.020959768684196134,1,0,0,1,0,1,0,0,0,0.5199872292884885,0.1535738889610053,0,1,0,0,0,1,1,0,0,0
1,1,0,0,-0.5896262538947137,1,1,1,1,0,0,0,0,1,-0.21668716280316785,-0.5867645279412551,1,0,0,1,0,0,0,1,0,0
1,0,1,1,0.06166550352279012,1,1,0,0,1,0,1,1,0,0.40716322329246935,0.1986650735274045,1,0,0,0,1,0,1,0,0,0
0,0,0,0,-1.0780950719578415,1,1,0,1,0,0,1,0,1,0.8352307754538371,-0.7815303456009887,0,1,0,1,0,0,0,0,1,0
0,0,0,1,-0.3453918448631497,1,0,0,0,0,0,0,0,0,-1.456092052200617,-0.7770300082903209,0,0,1,0,1,0,1,0,0,0
1,0,0,0,-0.7117434584104956,1,1,0,0,0,0,1,1,1,0.9430772517735615,-0.37612678893706847,0,1,0,1,0,0,0,0,1,0
1,0,0,0,1.2421318138420157,1,1,0,1,0,1,1,1,0,1.342938802435925,1.9370685416111488,0,1,0,1,0,0,0,0,1,0
1,1,0,0,-1.1595065416350294,1,0,0,0,0,0,0,0,0,0.14667250356636527,-0.8955315731829314,0,1,0,1,0,0,0,0,1,0
0,1,1,0,1.3642490183577978,1,1,0,1,1,0,1,0,1,0.19644780032931503,1.0702157641167962,1,0,0,0,1,0,1,0,0,0
0,0,1,0,0.387311382231542,1,0,0,0,0,0,0,0,0,-1.4793205240233267,-0.6284749713084208,0,0,1,1,0,0,0,1,0,0
0,1,0,0,-1.1595065416350294,1,1,1,0,0,0,0,0,1,0.5083729933771337,-0.8770692137767281,0,1,0,1,0,0,0,0,1,0
0,0,0,0,-0.2639803751859618,1,1,0,0,1,0,1,1,1,1.1803394996769556,0.13111610813752608,0,1,0,1,0,0,1,0,0,0
1,0,0,0,0.26519417771576004,1,0,0,0,1,1,0,0,0,0.5631258198163787,0.40324382181088697,0,1,0,0,1,0,0,0,1,0
0,0,1,0,1.5270719577121736,1,0,0,0,0,0,0,0,0,-1.4959122896109767,-0.42718915276445135,0,0,1,0,0,1,0,1,0,0
1,0,0,0,-1.2002122764736234,1,0,0,0,0,0,1,0,0,-0.32453363912289235,-0.9405349462896102,1,0,0,1,0,0,0,0,0,1
1,0,0,0,0.8350744654560759,1,1,0,0,0,0,1,0,0,0.680927355488693,0.9729206667466496,0,1,0,1,0,0,1,0,0,0
0,0,1,0,-1.2409180113122174,1,0,0,0,0,0,0,0,1,-0.6613464805521857,-0.9710055228125712,1,0,0,1,0,0,0,0,1,0
0,0,1,1,1.6084834273893616,1,0,1,1,1,1,0,1,1,0.3125901594428645,1.2891077803346953,1,0,0,0,0,1,0,0,1,0
1,0,1,1,1.6084834273893616,0,0,1,1,1,1,1,1,1,-0.004312563281248919,1.0618297697135028,1,0,0,0,0,1,0,1,0,0
0,0,0,0,-1.2816237461508113,1,0,0,0,0,0,0,1,1,-0.31457857977030224,-0.9860651881546112,1,0,0,1,0,0,0,0,1,0
1,0,0,0,0.631545791263106,1,0,0,1,1,1,1,1,0,0.46357522629047915,0.6454936863143992,1,0,0,0,0,1,0,1,0,0
1,0,1,1,1.2421318138420157,1,0,1,1,1,1,1,0,0,0.31756768911915967,1.041984379816704,1,0,0,0,0,1,0,1,0,0
1,0,1,1,1.6084834273893616,1,1,0,0,0,0,0,0,0,-1.3548822821159523,-0.24880017234256277,0,0,1,0,0,1,0,1,0,0
1,0,0,0,1.0793088744876398,1,1,0,0,1,0,0,0,0,-0.3577171702981922,0.35775748567574633,1,0,0,0,0,1,0,1,0,0
1,0,0,0,-0.1418631706701798,0,0,1,0,0,1,0,0,0,-0.9732716736000042,-0.5394780568818474,1,0,0,0,1,0,0,0,0,1
0,0,1,1,0.9978974048104517,1,0,1,0,1,1,0,0,1,-0.18682198474539805,0.42721635031454214,1,0,0,0,1,0,0,0,0,1
0,0,0,0,-0.10115743583158582,1,1,0,1,1,1,1,1,0,1.510515634871189,0.45035466995085416,0,1,0,0,1,0,0,1,0,0
1,0,0,0,0.22448844287716607,1,1,1,1,1,1,0,0,0,0.16658262227154547,0.15640580853698668,1,0,0,1,0,0,0,0,1,0
0,0,1,0,-0.7117434584104956,1,0,0,0,0,0,0,0,0,-1.4760021709057967,-0.8651707609846209,0,0,1,1,0,0,0,1,0,0
0,1,0,0,1.5677776925507676,1,1,0,1,0,0,1,1,1,1.152133498177951,2.041542225813434,0,1,0,1,0,0,0,1,0,0
1,0,0,0,-1.0373893371192475,1,0,0,1,0,0,1,1,1,0.9729424298313315,-0.7166815825975111,0,1,0,1,0,0,0,0,1,0
0,0,0,0,-0.22327464034736777,1,0,0,0,0,0,0,0,1,-1.5042081724048018,-0.7640339122517091,0,0,1,0,0,1,0,0,0,1
0,0,1,0,0.30589991255435406,1,0,0,0,0,0,0,0,0,-1.5207999379924515,-0.6679023167228574,0,0,1,0,0,1,0,0,0,1
0,1,0,0,-1.2816237461508113,1,0,0,1,0,0,0,1,1,0.6991782976351079,-0.9726519876823277,0,1,0,1,0,0,0,0,1,0
1,0,1,0,1.3235432835192036,1,1,0,1,0,0,1,0,1,0.8933019550106117,1.5979626370360922,0,1,0,1,0,0,1,0,0,0
0,0,0,0,-1.2816237461508113,1,0,0,0,0,0,0,1,1,0.5365789948761385,-0.9748033684454763,0,1,0,1,0,0,0,0,1,0
0,0,0,0,-1.2816237461508113,1,0,0,0,0,0,0,0,1,-0.6912116586099555,-0.9910484884937409,1,0,0,1,0,0,0,0,1,0
0,0,1,0,-1.2002122764736234,1,0,0,0,0,0,0,0,1,-1.4942531130522119,-0.990324043951048,0,0,1,1,0,0,0,0,0,1
0,1,1,0,-0.1418631706701798,1,1,0,0,1,0,1,1,1,1.1322233794727707,0.28605942881408153,0,1,0,1,0,0,1,0,0,0
1,0,0,0,-0.7117434584104956,1,0,0,0,0,0,0,0,0,-1.497571466169742,-0.8766740622079866,0,0,1,0,1,0,0,0,0,1
0,0,1,1,1.5270719577121736,1,1,1,1,1,1,1,0,0,0.49012205123071895,1.5112268676973177,1,0,0,0,0,1,1,0,0,0
0,1,1,0,-0.2639803751859618,1,1,0,1,1,0,0,1,1,0.9596690173612115,0.03522599412290538,0,1,0,1,0,0,0,0,1,0
1,0,0,0,0.1023712383613841,1,1,1,1,1,1,0,0,1,1.0559012577695812,0.4838766946990973,0,1,0,1,0,0,0,0,0,1
1,0,1,1,1.4456604880349857,1,0,0,0,1,1,1,1,1,0.266133215797445,1.16434964893701,1,0,0,0,0,1,1,0,0,0
1,0,0,0,-1.2816237461508113,1,1,0,0,0,0,0,0,1,0.33084110158927976,-0.9775255236968071,0,1,0,1,0,0,0,0,1,0
1,0,0,0,-1.2816237461508113,1,0,0,0,0,0,0,0,0,-1.4826388771408567,-1.0015200050653925,0,0,1,1,0,0,0,0,0,1
1,0,1,1,1.4863662228735797,1,1,0,0,1,0,0,0,1,0.473530285643069,1.3695650303034648,0,1,0,0,0,1,0,1,0,0
0,0,0,0,-1.1595065416350294,1,0,0,0,0,0,0,0,0,-1.4892755833759168,-0.9738374423885524,0,0,1,1,0,0,0,0,0,1
1,0,0,0,-0.06045170099299184,1,0,1,1,1,1,1,0,1,0.24954145020979507,-0.0636936152520676,1,0,0,1,0,0,1,0,0,0
1,1,1,0,1.0386031396490458,1,1,1,1,1,0,1,1,1,1.457421984990709,1.7500520852717363,0,1,0,0,1,0,0,0,1,0
0,0,1,1,1.3235432835192036,1,1,1,1,1,1,1,1,0,0.8833468956580218,1.6081048606337924,1,0,0,0,0,1,1,0,0,0
0,0,1,1,0.7536629957788878,1,0,1,1,0,1,0,1,1,0.1599459160364854,0.5537307109066347,1,0,0,0,1,0,0,1,0,0
0,0,0,0,-1.2816237461508113,1,0,0,0,0,0,0,0,0,-1.5207999379924515,-1.0020249209587846,0,0,1,1,0,0,0,0,0,1
1,0,1,0,-0.7117434584104956,1,1,0,0,1,0,1,1,1,1.2002496183821352,-0.35004678540012496,0,1,0,1,0,0,0,0,1,0
0,0,1,1,0.7943687306174818,1,0,0,0,1,0,0,0,1,-0.46390447005915153,0.13581402123256484,1,0,0,0,1,0,1,0,0,0
1,0,0,0,-1.2816237461508113,0,0,0,0,0,0,0,0,1,-1.3200395743818876,-0.9993686243022438,1,0,0,1,0,0,0,0,1,0
1,0,0,1,-1.2002122764736234,1,0,0,0,0,0,0,0,0,-1.4925939364934466,-0.9848138748535961,0,0,1,1,0,0,0,0,0,1
0,1,0,0,-0.7931549280876836,1,0,0,1,1,0,0,0,1,-0.33614787503424737,-0.6893283128946225,1,0,0,1,0,0,0,0,1,0
1,0,0,0,-1.2816237461508113,1,0,0,0,0,0,0,0,1,0.16990097538907525,-0.9796549515950255,0,1,0,1,0,0,0,0,1,0
0,1,0,0,-1.1188008067964355,1,0,0,0,1,0,1,0,1,0.6610172367835129,-0.8279606549281231,0,1,0,1,0,0,0,0,0,1
0,0,0,0,-0.30468611002455576,1,0,1,0,0,1,1,1,1,0.37232051555840456,-0.13539167211373235,1,0,0,1,0,0,0,1,0,0
0,0,0,0,1.4863662228735797,1,1,0,1,1,1,1,1,1,1.512174811429954,2.262958821498293,0,1,0,0,0,1,1,0,0,0
1,0,0,0,-1.1595065416350294,1,1,0,0,0,1,0,1,0,0.020575085100225963,-0.9062665241337442,1,0,0,1,0,0,0,0,0,1
0,0,0,0,-1.2002122764736234,1,0,0,0,0,0,0,0,0,-1.477661347464562,-0.9826844469553776,0,0,1,1,0,0,0,0,0,1
1,0,0,0,-1.1188008067964355,0,0,0,0,0,0,0,0,0,-1.3482455758808924,-0.9664173740421831,1,0,0,1,0,0,0,0,0,1
1,0,0,0,-1.1595065416350294,1,1,1,0,0,0,0,0,1,0.5033954637008385,-0.8628218044371015,0,1,0,1,0,0,0,0,1,0
1,1,0,0,-0.6710377235719016,1,0,0,0,0,0,0,1,1,0.458597696614184,-0.47552936134050333,0,1,0,1,0,0,0,0,1,0
0,0,0,1,0.7129572609402939,1,0,1,0,1,1,1,0,1,0.19478862377055015,0.5166962277695776,1,0,0,0,1,0,0,1,0,0
1,0,1,1,-0.6710377235719016,1,0,1,1,0,0,0,0,1,-0.30130516730018236,-0.6337875646215019,1,0,0,0,1,0,0,0,0,1
0,0,1,1,0.6722515261016999,1,1,0,0,0,0,1,1,1,1.0111034906829266,1.0153775075214382,0,1,0,1,0,0,1,0,0,0
1,0,0,1,-0.38609757970174374,1,0,0,1,0,1,0,0,0,-0.3577171702981922,-0.434170163812219,1,0,0,1,0,0,0,0,1,0
0,0,1,0,0.590840056424512,1,1,0,0,1,0,1,1,1,1.1803394996769556,1.0562756948861909,0,1,0,1,0,0,0,0,1,0
0,0,0,0,-0.4268033145403377,1,0,1,0,0,0,0,0,1,-0.5352490620860464,-0.5473810882566787,1,0,0,1,0,0,0,1,0,0
0,0,1,1,1.2828375486806096,1,1,1,1,1,1,1,1,0,1.6067478752795583,2.1607901881136677,0,1,0,0,1,0,0,0,1,0
1,0,1,1,-0.5082147842175256,1,0,0,0,1,0,0,0,1,-0.5087022371458064,-0.5977848661361589,1,0,0,1,0,0,0,0,1,0
1,0,1,1,0.7536629957788878,1,1,0,1,0,1,0,0,0,0.6394479415195682,0.8774257043007704,0,1,0,0,1,0,1,0,0,0
0,0,0,0,-0.7524491932490895,1,0,0,0,0,0,0,0,1,0.2014253300056102,-0.6091125444400839,0,1,0,1,0,0,0,1,0,0
0,0,0,0,0.7536629957788878,0,0,0,1,1,0,1,1,1,-0.28305422515376755,0.2753683835931291,1,0,0,0,1,0,0,1,0,0
1,0,1,0,0.30589991255435406,1,0,0,1,0,0,0,0,1,-0.49045129499939155,-0.10661146619038805,1,0,0,1,0,0,0,0,0,1
0,0,1,1,-1.1595065416350294,1,1,0,1,0,0,1,1,1,1.095721495179941,-0.8415933840497073,0,1,0,1,0,0,0,0,1,0
1,0,0,0,-1.2409180113122174,0,0,0,0,1,0,1,1,1,-0.5203164730571613,-0.9707420884334103,1,0,0,1,0,0,0,0,1,0
0,0,1,0,0.9164859351332638,1,1,0,1,0,0,0,0,1,0.42541416543888416,0.862783143392402,0,1,0,1,0,0,0,1,0,0
1,0,1,0,1.2014260790034217,1,0,0,1,1,1,0,0,1,-0.15861598324639314,0.6374589377499872,1,0,0,0,0,1,0,1,0,0
1,0,0,0,-1.2409180113122174,1,0,1,0,0,1,0,0,1,-0.3477621109456021,-0.9720812131941454,1,0,0,1,0,0,0,0,0,1
1,0,0,0,-1.2816237461508113,1,0,0,0,1,1,0,0,0,-0.3278519922404224,-0.9862408110740517,1,0,0,1,0,0,0,0,0,1
0,1,0,0,-0.8745663977648716,1,0,0,0,0,0,1,1,0,0.8219573629837174,-0.5504105836170307,0,1,0,1,0,0,1,0,0,0
0,0,0,0,-1.1188008067964355,1,1,0,0,1,1,0,0,1,0.5913318213153833,-0.8269947288711993,0,1,0,1,0,0,0,0,1,0
0,0,0,0,-0.7524491932490895,1,0,0,0,0,1,1,1,1,0.1566275629189556,-0.6058635204304309,1,0,0,1,0,0,0,0,1,0
1,0,1,0,1.5270719577121736,1,1,0,1,1,1,0,1,1,1.1206091435614158,2.001039190017423,0,1,0,0,0,1,1,0,0,0
0,0,1,0,1.5677776925507676,1,1,0,0,0,0,0,0,0,-1.3250171040581826,-0.2407434709132208,0,0,1,0,0,1,1,0,0,0
0,1,0,0,0.6722515261016999,1,0,0,0,0,0,0,0,0,-0.7011667179625456,-0.08573429164187506,1,0,0,1,0,0,0,0,0,1
1,0,1,0,-0.3453918448631497,1,0,0,0,0,0,0,0,0,-1.4876164068171518,-0.7759982236386067,0,0,1,0,1,0,0,0,0,1
1,0,0,0,0.346605647392948,1,1,0,0,1,0,0,1,0,0.0023241429538111433,0.10119435323781739,1,0,0,0,1,0,0,0,0,1
0,0,0,0,-0.7931549280876836,0,0,0,1,0,0,0,0,0,-1.1873054496806883,-0.8536016011664649,1,0,0,1,0,0,0,0,1,0
0,0,0,0,-1.2816237461508113,1,0,0,0,0,0,0,0,0,-0.6563689508758908,-0.990587478330209,1,0,0,1,0,0,0,0,0,1
0,1,0,0,0.8757802002946699,1,1,0,1,0,1,1,0,0,0.23792721429843983,0.695787699869229,1,0,0,0,1,0,0,0,0,1
1,0,1,1,-1.0373893371192475,1,0,0,0,0,0,0,0,1,0.16658262227154547,-0.7779300757524544,0,1,0,1,0,0,1,0,0,0
1,0,1,1,1.6084834273893616,1,1,1,1,1,1,0,0,0,0.23792721429843983,1.1921858816683604,1,0,0,0,0,1,0,1,0,0
0,1,0,0,-0.1825689055087738,1,1,0,1,1,0,1,1,1,1.3678264508173998,0.37371721847991973,0,1,0,1,0,0,0,0,1,0
0,0,0,0,-1.1188008067964355,0,0,0,1,0,0,1,1,1,-0.46390447005915153,-0.9096911710628377,1,0,0,1,0,0,0,1,0,0
1,0,0,0,-0.9152721326034655,1,1,0,0,0,0,1,0,1,0.7008374741938728,-0.6441932225983632,0,1,0,1,0,0,1,0,0,0
1,1,1,1,1.5677776925507676,1,0,1,1,1,0,0,0,1,0.7224067694578178,1.7026778027526082,0,1,0,0,1,0,1,0,0,0
0,0,0,0,1.4456604880349857,0,0,1,0,1,1,0,0,0,-0.8637660207215148,0.18347369099578403,1,0,0,0,0,1,0,0,0,1
0,0,0,0,-1.2409180113122174,1,0,0,0,0,0,0,0,0,-0.6430955384057709,-0.9733544793600906,1,0,0,1,0,0,0,0,1,0
0,1,1,0,0.8757802002946699,1,1,1,1,1,1,1,1,1,1.681410820423983,1.8131885248106672,0,1,0,0,1,0,1,0,0,0
1,0,1,1,-0.7117434584104956,1,1,0,0,1,1,0,0,1,-0.17520774883404305,-0.6297043317445057,1,0,0,1,0,0,1,0,0,0
0,0,0,0,-1.2002122764736234,0,0,0,1,0,0,0,0,0,-1.185646273121923,-0.967163771449806,1,0,0,1,0,0,0,0,0,1
1,1,1,0,1.3235432835192036,1,1,1,1,0,0,1,0,1,0.9215079565096169,1.61005866561257,0,1,0,0,0,1,0,1,0,0
0,0,1,1,-0.7117434584104956,1,0,0,0,0,0,0,0,0,-1.4793205240233267,-0.8629096158968219,0,0,1,0,1,0,0,1,0,0
0,0,0,0,-0.10115743583158582,1,0,0,0,0,1,1,1,1,0.9779199595076267,0.14786614407918264,0,1,0,0,1,0,1,0,0,0
0,0,0,0,1.5270719577121736,1,1,0,0,0,0,0,0,0,-1.290174396324118,-0.19534494623780044,0,0,1,0,1,0,0,1,0,0
0,0,0,0,-0.5082147842175256,1,0,0,0,0,0,0,0,0,-1.5008898192872717,-0.8317365476960981,0,0,1,0,0,1,0,0,0,1
0,0,0,0,-1.1595065416350294,0,0,0,0,0,0,0,0,1,-1.3432680462045974,-0.9723885533031668,1,0,0,1,0,0,0,0,1,0
0,0,0,0,1.2421318138420157,1,1,1,1,1,1,0,1,1,0.5100321699358986,1.1828339612081435,1,0,0,0,0,1,0,1,0,0
1,0,0,0,-1.0780950719578415,1,0,0,1,0,0,1,0,1,0.6610172367835129,-0.7805644195440649,0,1,0,1,0,0,0,0,1,0
0,1,1,1,-0.1825689055087738,0,0,0,1,0,0,0,1,1,-0.8571293144864547,-0.5289406817154055,1,0,0,0,1,0,0,0,1,0
0,0,1,0,-0.5082147842175256,1,0,0,0,0,0,0,0,1,-1.4909347599346818,-0.8275655033593815,0,0,1,0,1,0,0,0,0,1
1,0,0,0,-1.2002122764736234,1,0,1,0,0,1,1,0,1,-0.017585975751368575,-0.9245093548906466,1,0,0,1,0,0,0,1,0,0
1,0,0,0,-0.8338606629262776,1,0,0,0,0,1,0,0,0,-0.4871329418818615,-0.7497206443172924,1,0,0,1,0,0,1,0,0,0
1,0,0,0,-1.1188008067964355,0,0,1,0,1,1,0,0,0,-0.8272641364286849,-0.9123035619895181,1,0,0,1,0,0,0,0,0,1
1,0,1,1,-0.38609757970174374,1,0,1,0,0,1,0,0,0,-0.2565074002135275,-0.3854787093972857,1,0,0,0,1,0,0,1,0,0
0,0,1,0,1.5270719577121736,0,0,0,1,1,1,1,1,0,-0.23659728150834783,0.7630732308799463,1,0,0,0,0,1,1,0,0,0
1,0,1,1,1.3235432835192036,1,1,1,1,1,0,0,1,0,0.24954145020979507,1.032895893735648,1,0,0,0,1,0,0,1,0,0
0,0,1,1,1.6084834273893616,1,1,1,0,1,1,1,1,1,0.6095827634617982,1.6426806228986797,1,0,0,0,0,1,1,0,0,0
1,0,1,1,-1.2816237461508113,0,0,0,1,0,0,0,0,0,-1.1524627419466233,-0.9971513849443052,1,0,0,1,0,0,0,0,1,0
1,0,1,1,0.06166550352279012,0,0,0,0,0,1,1,0,1,-0.8090131942822701,-0.4282867960109557,1,0,0,0,0,1,0,0,1,0
0,0,0,0,-0.4675090493789317,1,1,0,0,0,0,1,1,1,1.0758113764747608,-0.07982897097568167,0,1,0,1,0,0,0,0,1,0
0,0,1,1,-0.5489205190561197,1,1,0,0,0,1,0,1,1,0.8103431270723621,-0.2697871112157262,0,1,0,0,1,0,1,0,0,0
1,0,1,0,1.5270719577121736,0,0,0,1,1,1,0,1,1,-0.46058611694162177,0.5856282236500514,1,0,0,0,1,0,1,0,0,0
0,1,0,0,0.9571916699718578,1,1,1,1,0,0,0,1,1,1.059219610887111,1.2813145132845143,0,1,0,1,0,0,0,0,1,0
1,0,0,0,-1.2816237461508113,1,0,0,0,0,0,0,1,1,-0.3062826969764773,-0.9859554238299607,1,0,0,1,0,0,0,0,0,1
0,0,1,1,0.22448844287716607,1,0,1,1,0,0,0,0,0,-0.3461029343868372,-0.09890601059992737,1,0,0,1,0,0,0,0,1,0
1,0,0,0,-0.7931549280876836,1,0,0,0,0,0,0,0,0,-1.5141632317573919,-0.896409687780135,0,0,1,0,1,0,0,1,0,0
1,1,1,0,0.5501343215859179,1,1,0,0,1,0,1,1,1,1.1969312652646056,1.0443991949590137,0,1,0,1,0,0,0,0,1,0
1,1,1,0,0.8757802002946699,0,0,0,0,0,0,0,0,1,-1.3266762806169474,-0.41120746709534783,1,0,0,1,0,0,1,0,0,0
0,1,1,0,0.631545791263106,1,0,0,0,0,0,0,0,1,0.18981109409425545,0.5460691610460343,0,1,0,1,0,0,1,0,0,0
0,0,1,1,1.4456604880349857,1,1,1,1,1,1,1,1,1,0.8003880677197722,1.7055097223285893,1,0,0,0,0,1,1,0,0,0
0,0,1,0,0.7943687306174818,1,1,0,1,1,0,1,0,0,0.9845566657426863,1.1962032559505664,0,1,0,1,0,0,1,0,0,0
0,0,1,0,1.5677776925507676,1,1,0,0,0,0,0,0,0,-1.3333129868520075,-0.20390656356053444,0,0,1,0,0,1,1,0,0,0
0,0,0,0,-1.2816237461508113,1,0,0,0,0,0,0,0,0,0.12344403174365576,-0.980269631813068,0,1,0,1,0,0,0,0,1,0
0,0,1,0,1.2828375486806096,1,0,1,1,1,1,0,1,1,0.3125901594428645,1.0793042501978523,1,0,0,0,0,1,0,0,0,1
0,0,0,0,0.5501343215859179,1,0,0,0,0,0,0,0,0,-0.6630056571109506,-0.05813954042475549,1,0,0,1,0,0,1,0,0,0
0,0,0,0,-0.8745663977648716,1,1,0,0,0,1,1,0,0,0.8368899520126024,-0.5766442572084849,0,1,0,1,0,0,0,0,1,0
1,0,0,0,0.8350744654560759,1,0,0,0,1,0,0,1,1,-0.1270916286298582,0.46389958761271793,1,0,0,0,1,0,0,0,1,0
0,0,0,0,-1.2409180113122174,1,0,0,0,0,0,0,0,1,-1.4892755833759168,-0.9931779163919593,0,0,1,1,0,0,0,0,0,1
1,1,1,0,0.9978974048104517,1,1,0,0,1,0,1,1,0,1.1836578527944854,1.5124781809983325,0,1,0,1,0,0,0,0,1,0
0,0,0,0,0.428017117070136,1,0,0,1,0,1,0,0,0,-0.31457857977030224,0.06275488674523463,1,0,0,0,1,0,0,0,1,0
1,0,0,0,0.46872285190873,1,0,0,0,0,0,0,0,0,-1.4892755833759168,-0.6392977337189538,0,0,1,0,0,1,0,0,0,1
0,0,1,0,1.5677776925507676,0,0,1,1,1,1,1,1,0,0.06205449906935077,1.0483946163762892,1,0,0,0,1,0,1,0,0,0
1,0,0,1,-0.10115743583158582,0,0,0,0,0,0,1,1,1,-0.6779382461398357,-0.43621178025071716,1,0,0,1,0,0,0,0,1,0
1,0,1,0,-0.5082147842175256,1,0,0,0,0,0,0,0,0,-1.469365464670737,-0.8271044931958497,0,0,1,0,1,0,0,0,0,1
1,0,1,1,-0.5896262538947137,1,0,0,0,0,0,0,0,0,-1.4892755833759168,-0.8585409957757345,0,0,1,0,1,0,1,0,0,0
1,1,1,0,0.06166550352279012,1,0,0,0,0,0,0,0,0,0.219676272152025,0.05533481839886512,0,1,0,1,0,0,0,1,0,0
0,0,0,0,0.7943687306174818,0,0,1,1,1,0,1,1,1,-0.20507292689181286,0.32368663930425107,1,0,0,0,0,1,1,0,0,0
0,1,0,0,1.3642490183577978,1,1,0,1,1,0,1,1,0,1.4325343366092342,2.1677492462965056,0,1,0,0,1,0,1,0,0,0
1,1,1,0,-0.1418631706701798,1,1,0,0,1,0,1,1,1,1.113972437326356,0.30858306823235104,0,1,0,1,0,0,0,0,1,0
0,0,1,1,0.346605647392948,1,1,1,1,1,1,0,1,0,0.49675875746577897,0.4499814712470425,1,0,0,1,0,0,0,1,0,0
1,0,1,1,1.4863662228735797,1,0,1,1,1,1,1,0,1,0.35904710308828447,1.3552956680989081,1,0,0,0,0,1,1,0,0,0
1,1,1,0,-0.019745966154397852,1,1,0,0,0,0,0,1,0,0.6759498258123978,0.15796446194702274,0,1,0,1,0,0,0,0,1,0
1,0,0,0,-0.9559778674420595,1,0,0,0,0,0,0,0,0,0.16990097538907525,-0.7217307415314311,0,1,0,1,0,0,0,0,0,1
1,0,0,0,-1.2409180113122174,0,0,0,0,0,1,0,0,0,-1.1640769778579783,-0.977218183587786,1,0,0,1,0,0,1,0,0,0
1,0,0,0,0.18378270803857208,1,0,0,0,0,0,0,0,0,-1.4859572302583868,-0.6654216429857576,0,0,1,0,1,0,0,1,0,0
0,0,0,0,0.26519417771576004,1,0,1,0,0,0,0,0,1,-0.5667734167025811,-0.18217322727974813,1,0,0,0,1,0,0,0,1,0
1,0,0,0,-0.9966836022806536,1,1,0,0,0,0,0,1,1,0.7174292397815226,-0.7251773413254549,0,1,0,1,0,0,0,0,1,0
1,0,1,1,-1.1188008067964355,1,0,0,0,0,0,0,0,0,-1.472683817788267,-0.9667466670161344,0,0,1,0,1,0,0,0,1,0
0,0,0,0,-0.2639803751859618,0,0,0,0,1,0,1,1,1,-0.48381458876433153,-0.44951521639835,1,0,0,1,0,0,0,1,0,0
1,0,1,1,1.2421318138420157,1,0,0,1,1,0,0,0,1,0.5100321699358986,1.1393672886465709,0,1,0,1,0,0,0,1,0,0
0,1,1,0,1.0386031396490458,1,1,0,0,0,1,1,1,1,1.1770211465594258,1.514080740138229,0,1,0,1,0,0,1,0,0,0
0,0,0,0,1.6084834273893616,1,0,0,0,0,0,0,0,1,-1.452773699083087,-0.3872129857267625,0,0,1,0,0,1,1,0,0,0
0,1,0,0,1.2828375486806096,1,0,1,1,0,1,1,0,1,0.17487850506537042,0.9570048396723364,1,0,0,0,0,1,0,1,0,0
0,1,1,0,0.7129572609402939,1,1,0,0,0,0,0,0,0,-1.3183803978231226,-0.4368703661986198,0,0,1,0,1,0,0,0,1,0
0,0,0,0,-0.9966836022806536,1,0,1,1,0,1,0,0,0,-0.2233238690382277,-0.8043832779932094,1,0,0,0,1,0,1,0,0,0
0,0,0,1,-1.2816237461508113,1,0,0,0,0,0,0,1,0,0.45527934349665417,-0.9758790588270506,0,1,0,1,0,0,0,0,1,0
0,0,0,0,-1.0780950719578415,1,0,0,0,0,0,0,0,0,0.18649274097672516,-0.819882000633851,0,1,0,1,0,0,0,1,0,0
0,0,1,1,1.3235432835192036,1,1,1,1,0,1,1,1,1,0.5830359385215584,1.2793168025758768,1,0,0,0,0,1,1,0,0,0
0,0,1,1,-0.7931549280876836,1,0,1,0,0,1,0,0,0,-0.3577171702981922,-0.7026097961773252,1,0,0,0,1,0,1,0,0,0
1,0,1,0,0.590840056424512,1,1,0,1,1,1,1,1,1,1.4806504568134191,1.2395601641874887,0,1,0,1,0,0,0,0,1,0
1,0,0,0,-1.1595065416350294,1,0,0,0,0,0,0,1,0,-0.3527396406218973,-0.9246630249451571,1,0,0,1,0,0,0,0,1,0
0,0,0,0,0.7536629957788878,1,1,0,0,0,0,0,0,0,-1.3266762806169474,-0.4449051147630317,0,0,1,0,0,1,1,0,0,0
1,0,1,1,0.06166550352279012,0,0,0,0,1,1,1,0,1,-0.6663240102284806,-0.37702685639920214,1,0,0,1,0,0,0,0,1,0
0,1,1,0,0.18378270803857208,1,0,0,0,1,1,1,0,0,0.8319124223363072,0.46998053119835204,0,1,0,1,0,0,0,0,1,0
0,0,1,0,-0.9966836022806536,1,1,0,0,0,1,0,1,1,0.8402083051301322,-0.6838620495270308,0,1,0,1,0,0,0,0,1,0
0,0,1,1,0.26519417771576004,1,1,0,0,0,1,1,1,1,1.1620885575305409,0.6436935513901321,0,1,0,1,0,0,0,1,0,0
0,0,0,0,-1.2409180113122174,1,1,0,1,0,0,0,0,0,-0.3577171702981922,-0.9657807409592104,1,0,0,1,0,0,0,0,0,1
0,0,1,0,-1.2409180113122174,1,0,0,0,0,0,0,0,0,-1.4793205240233267,-0.9920363674155949,0,0,1,1,0,0,0,0,0,1
1,0,1,0,0.428017117070136,1,1,1,1,0,1,0,0,0,0.04380355692293595,0.2660823217277022,1,0,0,1,0,0,1,0,0,0
1,0,0,1,-1.2816237461508113,1,1,0,0,1,0,1,1,1,1.1554518512954808,-0.9666149498265538,0,1,0,1,0,0,0,0,1,0
1,0,0,1,0.5094285867473239,1,1,0,0,1,0,1,1,0,1.1537926747367158,1.024334276412914,0,1,0,0,0,1,1,0,0,0
1,1,1,0,-1.2816237461508113,1,0,0,0,0,0,0,0,0,0.19644780032931503,-0.9793037057561442,0,1,0,1,0,0,0,0,0,1
1,0,0,0,-1.2816237461508113,1,1,0,0,0,0,0,0,0,-0.4705411762942116,-0.9881287574580393,1,0,0,1,0,0,0,0,0,1
1,0,1,1,-0.10115743583158582,1,1,0,0,0,0,1,0,0,0.680927355488693,0.09160095126336912,0,1,0,1,0,0,0,0,1,0
1,1,0,0,1.5270719577121736,0,0,0,1,1,0,1,0,1,-0.6928708351687206,0.3118759979718641,1,0,0,0,1,0,0,1,0,0
1,0,0,0,1.2828375486806096,1,1,0,0,1,1,1,1,1,1.3180511540544502,2.014606060544217,0,1,0,0,1,0,0,1,0,0
0,0,1,1,-0.5896262538947137,1,1,0,0,0,0,0,0,0,-1.3216987509406526,-0.8222968157761605,0,0,1,0,0,1,0,0,0,1
1,0,1,1,0.18378270803857208,1,0,0,0,0,0,0,0,0,-1.497571466169742,-0.6916114108473516,0,0,1,0,0,1,1,0,0,0
0,0,1,0,1.6084834273893616,0,0,1,1,1,1,1,1,0,0.018915908541461066,1.1496192765689213,1,0,0,0,0,1,1,0,0,0
0,0,1,1,0.5094285867473239,0,0,1,0,0,0,1,1,1,-0.4655636466179167,0.014282960979602072,1,0,0,1,0,0,1,0,0,0
0,0,1,1,0.9571916699718578,1,1,1,1,1,1,1,0,0,0.5415565245524336,1.0182094270974194,1,0,0,0,0,1,0,1,0,0
0,1,1,0,-0.06045170099299184,1,1,0,0,0,0,0,1,1,0.6610172367835129,0.14580257477575453,0,1,0,1,0,0,0,0,1,0
1,0,1,1,1.2014260790034217,1,0,0,0,0,0,0,0,0,-1.4925939364934466,-0.46387239006262704,0,0,1,0,1,0,1,0,0,0
1,1,1,0,1.4863662228735797,0,0,0,0,1,0,0,0,1,-1.1657361544167435,-0.07333092295637579,1,0,0,0,1,0,0,1,0,0
0,0,0,1,-1.1595065416350294,1,0,0,0,0,0,0,0,1,-1.477661347464562,-0.97320080930558,0,0,1,0,1,0,0,0,0,1
1,0,0,1,1.3642490183577978,1,0,0,0,0,0,0,0,0,-1.4925939364934466,-0.45320329770660467,0,0,1,0,0,1,0,1,0,0
0,0,1,1,1.5270719577121736,1,1,1,1,0,0,1,0,1,0.14169497389007057,1.128829913480129,1,0,0,0,0,1,0,1,0,0
0,1,1,0,1.6084834273893616,1,1,0,1,1,0,1,1,1,1.3545530383472797,2.3395304143744378,0,1,0,0,1,0,0,1,0,0
1,0,0,0,0.9571916699718578,1,0,1,0,1,0,0,0,0,-0.4058332905023768,0.31541040922560803,1,0,0,0,1,0,0,0,0,1
0,0,0,0,-0.8338606629262776,1,0,0,0,1,0,1,1,0,1.0144218438004564,-0.520796168826343,0,1,0,0,1,0,0,0,0,1
0,0,0,0,-1.2816237461508113,1,0,0,0,0,0,0,0,0,0.19312944721178524,-0.9793476114860044,0,1,0,1,0,0,0,0,0,1
0,0,0,0,0.346605647392948,1,1,1,1,1,1,1,1,1,1.6449089361311533,0.9773990511923873,0,1,0,1,0,0,1,0,0,0
1,0,0,1,-1.2816237461508113,1,0,0,0,0,1,0,1,1,-0.1785261019515731,-0.9842650532303439,1,0,0,1,0,0,0,0,0,1
0,0,0,0,-0.7931549280876836,1,0,0,0,0,0,0,0,0,-1.5025489958460367,-0.9029296886643707,0,0,1,0,1,0,0,0,1,0
1,0,1,1,-0.2639803751859618,1,1,0,0,0,0,1,0,1,0.6245153524906832,-0.10129887287730699,0,1,0,1,0,0,0,0,1,0
0,0,0,1,-0.6710377235719016,1,1,0,0,0,1,0,0,1,0.48348534499565887,-0.4553546784697532,0,1,0,0,1,0,0,1,0,0
1,0,0,0,-1.2002122764736234,1,0,0,0,0,0,0,1,0,-0.34112540471054226,-0.9273851801964881,1,0,0,1,0,0,0,0,0,1
1,0,0,0,1.0386031396490458,1,0,0,1,1,1,1,0,0,0.17156015194784016,0.7673101338114529,1,0,0,0,0,1,1,0,0,0
0,1,1,0,1.6084834273893616,1,1,1,1,1,1,1,1,0,0.8020472442785371,1.7786566682756397,1,0,0,0,0,1,0,1,0,0
1,0,0,1,0.9571916699718578,1,0,0,0,0,0,0,0,1,-1.4511145225243218,-0.4665725924490277,0,0,1,0,1,0,0,0,0,1
1,0,0,0,-1.2816237461508113,1,0,0,0,0,0,0,0,1,0.1566275629189556,-0.9798305745144662,0,1,0,1,0,0,0,0,1,0
0,0,1,0,0.020959768684196134,1,0,0,1,0,1,0,0,1,-0.3709905827683121,-0.19494979466905893,1,0,0,0,1,0,0,1,0,0
1,1,1,0,-0.7931549280876836,1,1,1,1,0,0,0,1,0,0.9580098408024466,-0.4567596618252788,0,1,0,1,0,0,0,1,0,0
1,0,0,0,0.9978974048104517,1,1,0,0,0,0,1,0,1,0.7290434756928779,1.1582028467565855,0,1,0,0,1,0,0,0,1,0
0,0,1,0,-0.5896262538947137,1,0,1,0,0,0,0,0,0,0.3275227484717495,-0.37902456710784005,0,1,0,1,0,0,0,0,1,0
1,0,0,0,0.387311382231542,1,1,0,1,0,0,1,1,1,1.2218189136460804,0.8658784973475444,0,1,0,1,0,0,0,0,1,0
1,0,1,0,-0.019745966154397852,1,1,1,0,0,1,1,0,1,0.2611556861211498,0.013931715140720797,1,0,0,0,1,0,0,1,0,0
1,0,1,1,0.06166550352279012,1,0,0,0,0,0,0,0,0,-1.464387934994442,-0.7312143791812288,0,0,1,1,0,0,0,0,0,1
1,0,1,0,1.2828375486806096,1,1,0,1,0,1,1,1,1,1.3379612727596297,1.985452655917061,0,1,0,0,0,1,0,0,1,0
0,0,0,0,-0.8745663977648716,1,1,0,0,0,0,0,0,1,0.38393475146975936,-0.6425028519987465,0,1,0,1,0,0,0,0,1,0
0,0,1,0,0.6722515261016999,1,1,1,0,0,0,1,1,1,1.1919537355883103,1.1178534810150855,0,1,0,1,0,0,0,0,0,1
0,0,1,1,-0.38609757970174374,1,0,0,1,1,1,0,0,0,0.6261745290494481,-0.176092283694114,0,1,0,1,0,0,0,0,1,0
0,0,1,1,0.9571916699718578,1,1,1,0,1,0,0,1,1,0.12676238486118555,0.6615192777133628,1,0,0,0,1,0,1,0,0,0
0,0,0,0,-0.30468611002455576,1,0,0,0,0,0,0,0,0,-1.5224591145512167,-0.8078737835170934,0,0,1,1,0,0,0,0,0,1
1,1,1,0,-0.9966836022806536,0,0,0,1,1,0,0,1,1,-0.7160993069914304,-0.8473450346613901,1,0,0,1,0,0,0,0,0,1
0,0,1,0,0.06166550352279012,1,1,1,1,0,1,0,0,0,-0.07565715530814353,-0.011599466772970647,1,0,0,1,0,0,0,0,1,0
1,0,0,1,-1.0780950719578415,1,1,0,0,0,0,0,0,0,-1.2802193369715278,-0.9296024195544267,0,0,1,1,0,0,0,0,0,1
1,0,0,0,-0.38609757970174374,1,1,0,0,1,1,1,1,1,1.29814103534927,0.07410451791408967,0,1,0,1,0,0,0,0,0,1
1,0,1,1,-0.06045170099299184,0,0,1,0,0,1,0,0,0,-0.9799083798350643,-0.5373266761186988,1,0,0,1,0,0,1,0,0,0
1,0,1,1,-0.8338606629262776,0,0,0,1,0,1,0,0,0,-0.9765900267175343,-0.820628398041474,1,0,0,1,0,0,0,0,0,1
0,0,0,0,-1.1595065416350294,1,1,1,0,0,0,0,0,1,0.505054640259604,-0.86997843840431,0,1,0,1,0,0,0,0,1,0
0,0,1,1,1.2421318138420157,1,1,1,1,1,0,1,0,1,1.1819986762357204,1.718483865502271,0,1,0,1,0,0,0,0,1,0
1,0,0,0,-1.2409180113122174,1,0,0,0,0,0,0,0,1,-1.5025489958460367,-0.99337549217633,0,0,1,1,0,0,0,0,0,1
0,0,1,1,1.5677776925507676,1,0,0,0,0,0,0,0,0,-1.4743429943470319,-0.3514078630257903,0,0,1,0,0,1,1,0,0,0
0,0,1,1,0.18378270803857208,1,1,0,1,0,0,1,0,1,0.7920921849259474,0.4562819434819777,0,1,0,1,0,0,0,0,1,0
0,0,0,0,-1.2816237461508113,1,0,0,0,0,0,0,0,0,-0.6563689508758908,-0.990587478330209,1,0,0,1,0,0,0,0,1,0
1,1,1,0,-1.2409180113122174,1,0,0,0,0,0,0,0,0,0.17156015194784016,-0.9482184490151407,0,1,0,1,0,0,0,0,1,0
0,0,1,0,-1.0373893371192475,1,0,0,0,0,0,1,0,1,0.5365789948761385,-0.7572285241233822,0,1,0,1,0,0,0,0,1,0
1,1,0,0,1.4863662228735797,1,1,1,0,1,1,0,1,0,0.3042942766490395,1.1984863539032955,1,0,0,0,0,1,0,1,0,0
1,0,0,0,-0.5489205190561197,1,0,0,1,1,0,0,0,1,0.44200593102653407,-0.3557984360118078,0,1,0,1,0,0,0,0,1,0
0,0,0,0,-0.5489205190561197,1,0,1,0,1,1,1,1,1,1.3827590398462843,-0.16107652408193435,0,1,0,1,0,0,0,0,1,0
1,0,1,0,1.6084834273893616,1,1,1,1,1,1,1,1,1,0.7356801819279375,1.7249599606566468,1,0,0,0,0,1,1,0,0,0
0,0,0,0,-0.1418631706701798,1,1,0,0,1,0,1,1,1,1.1172907904438856,0.2774319528965572,0,1,0,1,0,0,0,1,0,0
0,1,0,0,-1.2002122764736234,1,0,0,0,0,0,0,0,0,-0.6613464805521857,-0.9546067327097961,1,0,0,1,0,0,0,0,1,0
0,0,1,1,-0.8745663977648716,1,0,1,0,0,0,0,0,0,-0.4622452935003867,-0.7550112847654433,1,0,0,1,0,0,1,0,0,0
0,1,0,0,0.020959768684196134,0,0,1,1,1,0,1,1,1,-0.18184445506910288,-0.18294157755230117,1,0,0,1,0,0,1,0,0,0
0,0,1,0,1.6084834273893616,1,1,0,1,0,0,1,1,1,1.0874256123861161,2.005781008842322,0,1,0,0,0,1,0,1,0,0
1,1,0,0,-1.1188008067964355,1,0,0,0,0,0,0,0,0,-1.4892755833759168,-0.9690736706987235,0,0,1,1,0,0,1,0,0,0
1,1,1,0,1.0386031396490458,0,0,0,1,1,0,0,1,1,-0.6513914211995958,0.15361779469086545,1,0,0,1,0,0,0,0,1,0
1,0,1,0,1.5677776925507676,1,1,0,1,0,1,1,1,1,1.3014593884668002,2.223377806029346,0,1,0,0,0,1,0,1,0,0
1,0,0,0,-0.9559778674420595,0,0,0,0,0,0,1,1,1,-0.6480730680820658,-0.8265337187076675,1,0,0,1,0,0,0,0,1,0
0,0,0,0,-1.2816237461508113,1,1,0,0,0,0,0,0,1,-0.49211047155815646,-0.9884141447021304,1,0,0,1,0,0,0,0,1,0
0,0,0,0,-1.2409180113122174,1,1,0,0,0,1,0,0,1,-0.35108046406313215,-0.9590192585607435,1,0,0,1,0,0,0,0,0,1
1,0,1,0,0.18378270803857208,1,0,0,0,0,0,0,0,0,-1.4793205240233267,-0.7041025909925711,0,0,1,1,0,0,1,0,0,0
1,0,1,1,-1.0780950719578415,1,0,0,1,1,0,0,0,1,-0.3195561094465974,-0.8680465862904623,1,0,0,1,0,0,0,0,0,1
0,0,1,0,-0.3453918448631497,1,1,1,1,1,0,0,0,0,0.045462733481700844,-0.3257230110575883,1,0,0,1,0,0,0,0,0,1
1,0,0,0,0.8757802002946699,1,1,1,0,1,1,1,1,0,0.7356801819279375,1.0686132049768997,1,0,0,0,0,1,1,0,0,0
1,0,0,1,-0.38609757970174374,1,0,0,0,0,0,0,0,0,-1.497571466169742,-0.806051695727896,0,0,1,0,1,0,0,0,0,1
1,1,1,0,-0.5896262538947137,1,0,0,0,0,0,0,1,0,0.4519609903791239,-0.38578604950630685,0,1,0,1,0,0,0,0,1,0
1,0,1,0,1.6084834273893616,0,0,1,1,1,1,1,1,1,-0.007630916398778715,1.0733769766667287,1,0,0,0,0,1,0,0,1,0
0,0,0,1,0.8350744654560759,1,1,0,1,1,1,1,1,1,0.6527213539896879,0.943284299091032,1,0,0,0,1,0,0,0,1,0
0,0,1,1,-0.3453918448631497,1,1,1,0,1,0,1,1,0,0.4536201669378888,-0.19962575489916745,1,0,0,0,0,1,0,1,0,0
1,1,1,0,0.9571916699718578,1,0,1,1,1,1,1,1,1,0.6875640617237531,1.1077990688771053,1,0,0,0,0,1,1,0,0,0
1,0,1,1,-0.38609757970174374,1,0,1,0,0,1,1,1,1,1.1587702044130104,0.013163364868167745,0,1,0,1,0,0,0,0,1,0
0,0,1,1,1.5677776925507676,1,1,0,0,0,0,0,0,0,-1.3100845150292975,-0.2142463629426056,0,0,1,0,0,1,1,0,0,0
1,0,0,0,-1.2816237461508113,0,0,0,0,0,0,1,1,1,-0.6513914211995958,-0.9905216197354186,1,0,0,1,0,0,0,0,0,1
0,1,0,0,-0.4268033145403377,1,1,0,0,0,0,0,0,1,0.31424933600162985,-0.2672625317487662,0,1,0,1,0,0,1,0,0,0
1,0,0,0,0.9978974048104517,1,0,0,0,0,0,0,0,0,-1.472683817788267,-0.460337978808883,0,0,1,0,0,1,0,1,0,0
1,0,1,0,1.4863662228735797,0,0,1,0,1,1,1,1,0,-0.1552976301288631,0.7701859591172944,1,0,0,0,0,1,1,0,0,0
0,0,1,0,0.9978974048104517,1,1,0,1,1,0,1,1,1,1.313073624378155,1.5894010197133583,0,1,0,1,0,0,0,1,0,0
0,0,0,0,0.590840056424512,1,1,1,0,1,1,0,0,1,0.0023241429538111433,0.25403019888108436,1,0,0,0,0,1,0,0,0,1
1,0,1,1,-0.7117434584104956,1,0,0,0,0,0,0,0,1,-1.4909347599346818,-0.8839404604998454,0,0,1,1,0,0,0,0,1,0
0,0,0,0,-0.1418631706701798,0,0,0,0,0,1,0,0,1,-1.1192792107713234,-0.6037560453971426,1,0,0,1,0,0,0,0,1,0
0,0,1,0,-0.2639803751859618,1,1,0,0,0,0,0,0,0,-1.2918335728828827,-0.7100737702535549,0,0,1,0,1,0,0,0,0,1
1,0,0,0,-0.06045170099299184,1,0,0,0,0,0,0,0,0,-1.4760021709057967,-0.7300508773399342,0,0,1,0,0,1,0,0,0,1
1,1,0,0,-0.8745663977648716,1,0,0,0,0,0,0,1,1,0.450301813820359,-0.6265870249244333,0,1,0,1,0,0,0,0,1,0
0,0,0,0,0.387311382231542,1,1,0,0,1,1,1,1,1,0.44864263726159415,0.470704975741045,1,0,0,0,0,1,0,1,0,0
0,0,1,1,1.4049547531963917,0,0,1,1,1,1,1,0,0,-0.3560579937394271,0.5807107819057118,1,0,0,0,0,1,0,1,0,0
1,1,1,0,0.020959768684196134,1,1,0,1,0,0,1,1,1,1.1836578527944854,0.425416215390275,0,1,0,1,0,0,1,0,0,0
0,0,1,1,-0.9966836022806536,1,0,0,0,0,0,0,0,0,-1.497571466169742,-0.9401397947208686,0,0,1,0,1,0,0,0,1,0
0,1,0,0,-1.1595065416350294,1,1,0,0,0,0,1,1,1,1.0127626672416914,-0.8365003193859271,0,1,0,1,0,0,0,0,1,0
1,0,1,0,1.3642490183577978,0,0,1,1,1,1,1,0,1,-0.27641751891870747,0.65326500049965,1,0,0,0,0,1,1,0,0,0
1,0,0,0,0.9571916699718578,1,1,0,1,0,1,0,1,1,0.9795791360663916,1.2395821170524188,0,1,0,1,0,0,0,0,1,0
0,1,1,0,-1.1188008067964355,1,1,0,1,0,0,0,0,1,0.5332606417586087,-0.8472352703367396,0,1,0,1,0,0,0,0,1,0
1,0,1,0,-0.8745663977648716,1,1,0,1,0,0,0,0,1,0.5166688761709587,-0.6166204242461737,0,1,0,1,0,0,1,0,0,0
0,1,0,0,-1.0780950719578415,0,0,0,0,0,0,1,1,1,-0.6812565992573657,-0.8949168929648891,1,0,0,1,0,0,0,0,1,0
1,0,1,1,0.14307697319997809,1,0,0,0,0,0,0,0,0,-1.5091857020810966,-0.679142183567062,0,0,1,0,0,1,0,1,0,0
1,0,1,0,-1.2816237461508113,1,0,0,0,0,0,1,0,1,0.5183280527297236,-0.9750448499597072,0,1,0,1,0,0,0,0,1,0
1,0,1,0,0.30589991255435406,1,0,0,1,1,0,0,0,0,0.5266239355235486,0.3650458368325353,0,1,0,0,1,0,0,0,1,0
1,0,1,0,1.5270719577121736,1,1,0,1,1,0,1,0,1,0.9978300782128064,1.8886405215753765,0,1,0,0,1,0,1,0,0,0
1,0,0,0,0.46872285190873,1,1,0,1,1,1,1,1,1,0.6742906492536329,0.6159231772535717,1,0,0,0,1,0,1,0,0,0
0,0,0,0,-1.1188008067964355,1,0,0,0,0,0,1,0,1,0.5332606417586087,-0.8393541918268383,0,1,0,1,0,0,0,1,0,0
0,0,0,0,-0.6303319887333076,1,0,0,0,0,0,0,0,0,-1.5058673489635668,-0.887101673049778,0,0,1,0,1,0,0,0,0,1
1,0,1,0,1.6084834273893616,1,1,0,0,0,0,0,0,0,-1.3316538102932427,-0.18748582059282928,0,0,1,0,0,1,0,1,0,0
0,0,0,0,-0.3453918448631497,1,0,1,0,0,1,0,0,0,-0.28471340171253245,-0.40398497453334914,1,0,0,1,0,0,0,1,0,0
1,0,0,0,0.346605647392948,1,1,0,1,1,0,1,1,1,1.319710330613215,0.8979077272805416,0,1,0,1,0,0,0,0,1,0
1,0,1,1,0.8757802002946699,1,1,1,1,0,1,0,0,1,0.02389343821775623,0.555574751560762,1,0,0,0,0,1,0,1,0,0
1,0,1,1,-1.1595065416350294,1,1,0,0,0,0,0,0,0,-1.3548822821159523,-0.9783158268342903,0,0,1,0,1,0,0,1,0,0
0,0,0,1,-0.7931549280876836,0,0,0,1,0,0,0,0,0,-1.1541219185053884,-0.8426032158364912,1,0,0,1,0,0,0,0,1,0
0,0,1,1,1.6084834273893616,1,1,0,0,0,0,0,0,1,-1.2835376900890578,-0.13754305287688093,0,0,1,0,0,1,1,0,0,0
1,0,1,1,-0.7931549280876836,1,0,0,0,0,0,0,0,1,-1.4959122896109767,-0.8997684761144383,0,0,1,1,0,0,0,0,0,1
0,0,1,0,-1.2816237461508113,1,0,0,0,0,0,0,0,1,-1.469365464670737,-1.0013443821459518,0,0,1,1,0,0,0,0,0,1
0,0,0,0,1.2421318138420157,1,0,0,0,1,1,1,0,1,0.8335715988950722,1.5435853906042662,0,1,0,0,1,0,0,1,0,0
0,0,1,0,-0.4675090493789317,1,1,1,0,1,0,1,1,1,1.309755271260625,-0.04437509411359086,0,1,0,1,0,0,1,0,0,0
1,0,1,1,1.6084834273893616,1,1,0,1,1,1,1,1,0,1.5254482239000742,2.468130297134888,0,1,0,0,0,1,0,1,0,0
1,0,0,0,0.631545791263106,1,0,0,0,0,0,0,0,0,-1.4859572302583868,-0.5788395437014936,0,0,1,0,0,1,0,1,0,0
0,0,1,1,1.5270719577121736,1,0,0,0,0,0,0,0,1,-1.4859572302583868,-0.39081325557529684,0,0,1,0,0,1,0,1,0,0
1,0,0,0,1.6084834273893616,1,1,0,1,1,0,1,1,1,1.1936129121470758,2.2645394277732596,0,1,0,0,0,1,1,0,0,0
0,0,0,0,-0.5489205190561197,1,0,0,0,0,0,0,1,1,-0.2896909313888274,-0.530345665070931,1,0,0,1,0,0,0,0,1,0
0,0,0,0,0.1023712383613841,1,1,0,0,0,0,1,0,1,0.7141108866639929,0.31953754783246446,0,1,0,1,0,0,0,0,1,0
0,0,1,0,1.4456604880349857,1,1,1,1,1,1,1,1,1,0.888324425334317,1.8104005109645458,1,0,0,0,0,1,0,0,1,0
1,0,0,0,-1.1595065416350294,1,0,0,0,1,0,0,1,0,0.7008374741938728,-0.8751373616628805,0,1,0,1,0,0,0,0,1,0
1,0,1,0,0.46872285190873,1,0,0,0,0,0,1,1,1,0.8534817176002523,0.7344686478760426,0,1,0,0,1,0,1,0,0,0
0,0,0,0,1.1200146093262338,0,0,0,1,0,0,1,1,1,-0.4688819997354467,0.3187911504248416,1,0,0,1,0,0,0,0,1,0
1,0,0,1,-0.22327464034736777,1,0,0,0,0,0,0,0,0,-1.4710246412295018,-0.7549454261706532,0,0,1,0,0,1,0,0,0,1
1,0,0,1,0.1023712383613841,1,0,0,0,0,1,1,1,1,0.23792721429843983,0.08510290324406343,1,0,0,0,1,0,0,0,0,1
0,0,1,0,1.5270719577121736,1,1,0,0,1,0,1,1,1,1.2218189136460804,2.09341684564323,0,1,0,0,1,0,0,0,1,0
0,0,1,0,-1.2409180113122174,1,0,0,0,1,0,1,1,0,0.13505826765501053,-0.94551824662874,1,0,0,1,0,0,0,1,0,0
1,0,0,0,-1.2409180113122174,1,0,0,1,0,0,0,0,1,0.3258635719129846,-0.9468354185245451,0,1,0,1,0,0,0,0,1,0
0,0,1,0,1.6084834273893616,1,1,1,1,1,1,1,1,0,1.6664782313950985,2.6555858107729033,0,1,0,0,0,1,0,0,1,0
0,0,1,1,1.5677776925507676,1,1,1,1,1,1,1,1,0,0.866755130070372,1.7529059577126476,1,0,0,0,0,1,0,0,0,1
1,0,1,0,1.3642490183577978,1,1,0,1,1,0,1,1,1,1.3296653899658049,2.1214945598888115,0,1,0,1,0,0,0,1,0,0
0,1,0,0,0.7943687306174818,1,1,1,1,1,0,1,1,0,1.4325343366092342,1.5533763683630852,0,1,0,1,0,0,0,1,0,0
1,0,1,1,0.8350744654560759,1,0,0,1,0,1,1,0,0,0.0023241429538111433,0.4664900256744683,1,0,0,1,0,0,0,1,0,0
1,0,1,1,1.3642490183577978,1,1,0,1,1,0,1,1,0,0.4950995809070136,1.288032089953121,1,0,0,0,0,1,1,0,0,0
0,0,0,0,-0.38609757970174374,1,1,1,0,0,0,0,0,0,-0.34942128750436724,-0.46191858508384925,1,0,0,1,0,0,0,0,1,0
1,0,0,0,-1.2002122764736234,1,0,0,0,0,0,1,0,0,0.4751894622018339,-0.8929191822562511,0,1,0,1,0,0,0,0,1,0
0,0,0,0,-0.38609757970174374,1,1,0,1,0,0,0,0,1,0.47187110908430413,-0.2741337784718834,0,1,0,1,0,0,0,0,1,0
1,1,1,0,1.0793088744876398,0,0,0,1,0,0,1,1,1,-0.4871329418818615,0.3056413843317192,1,0,0,1,0,0,0,0,1,0
0,0,0,0,1.1200146093262338,1,0,1,0,1,1,1,1,1,1.32800621340704,1.7278796916923482,0,1,0,1,0,0,1,0,0,0
0,0,0,0,1.3642490183577978,1,1,1,1,1,1,0,1,1,1.266616680732735,1.8851719689164228,0,1,0,1,0,0,1,0,0,0
0,0,0,1,-0.7117434584104956,1,0,1,1,1,1,0,0,0,0.02223426165899086,-0.5669630437743165,1,0,0,0,1,0,0,1,0,0
1,0,0,0,1.1200146093262338,1,1,0,1,0,0,1,0,1,0.8285940692187774,1.3827587021264474,0,1,0,1,0,0,1,0,0,0
0,0,0,0,0.5501343215859179,1,0,0,1,1,1,1,1,1,1.309755271260625,1.1428138884405943,0,1,0,0,0,1,1,0,0,0
0,0,0,0,0.5094285867473239,1,1,0,1,0,0,1,0,1,0.8086839505135972,0.7532163945263369,0,1,0,1,0,0,0,1,0,0
1,0,1,1,0.46872285190873,0,0,1,1,1,1,0,1,1,-0.3610355234157222,0.03243798027678414,1,0,0,0,0,1,0,1,0,0
0,0,0,1,0.5501343215859179,1,0,0,1,1,0,1,1,1,1.1571110278542456,0.9175994471228299,0,1,0,1,0,0,0,0,1,0
1,0,1,1,-0.7931549280876836,1,1,0,0,0,0,0,0,0,-1.3416088696458326,-0.8595508275625187,0,0,1,0,1,0,1,0,0,0
1,0,1,1,1.4863662228735797,1,1,1,1,1,1,1,1,1,1.6399314064548582,2.35531452425917,0,1,0,0,0,1,1,0,0,0
1,1,0,0,-1.2816237461508113,1,1,0,0,0,0,0,0,1,0.31424933600162985,-0.977745052346108,0,1,0,1,0,0,0,0,1,0
0,0,0,0,-1.0373893371192475,1,0,0,0,1,0,1,1,1,1.0094443141241611,-0.7202379467161852,0,1,0,1,0,0,0,0,1,0
0,0,1,0,1.5677776925507676,0,0,0,1,1,1,1,1,0,-0.2216646924794628,0.8098767389108918,1,0,0,0,0,1,1,0,0,0
1,0,1,0,-0.22327464034736777,1,0,0,0,0,0,0,0,0,-1.5058673489635668,-0.78185963857494,0,0,1,0,0,1,1,0,0,0
0,1,0,0,1.2828375486806096,1,1,0,1,1,1,0,1,0,0.32254521879545484,1.1275127415843238,1,0,0,1,0,0,0,1,0,0
1,0,0,0,1.4863662228735797,1,1,1,1,1,1,0,1,1,0.5498524073462585,1.4277840280980563,1,0,0,0,0,1,0,1,0,0
1,0,0,0,-1.2816237461508113,1,0,0,0,0,0,0,0,0,-1.4842980536996218,-1.0015419579303226,0,0,1,1,0,0,1,0,0,0
1,0,1,1,0.020959768684196134,1,0,0,0,1,1,1,1,1,0.29765757041397994,0.04554384064004635,1,0,0,0,1,0,0,0,0,1
0,0,0,0,-1.2816237461508113,0,0,0,0,0,0,1,0,1,-1.003136851657774,-0.9951756271005974,1,0,0,1,0,0,0,0,1,0
1,1,1,0,-0.5082147842175256,1,1,0,1,0,1,1,1,0,1.3976916288751695,-0.05675650993415996,0,1,0,1,0,0,0,0,1,0
1,0,0,0,-0.8338606629262776,1,1,0,1,1,1,1,1,1,1.5934744628094386,-0.40242632112331295,0,1,0,1,0,0,0,0,0,1
0,0,0,1,-0.9152721326034655,1,1,1,0,1,1,0,1,0,0.2860433345026247,-0.7060124902414888,1,0,0,0,1,0,0,1,0,0
0,1,0,0,0.46872285190873,1,1,1,1,1,0,1,1,1,1.488946339607244,1.123561225896908,0,1,0,0,1,0,0,1,0,0
0,0,0,0,-0.7931549280876836,0,0,0,1,0,0,0,0,1,-1.1043466217424387,-0.8392005217723277,1,0,0,1,0,0,0,0,1,0
1,0,1,0,0.9571916699718578,1,0,0,0,0,0,0,0,0,-1.4925939364934466,-0.5157031041625629,0,0,1,0,1,0,0,1,0,0
1,0,0,0,-1.2409180113122174,1,0,0,0,1,0,1,1,1,1.026036079711811,-0.9236092874285131,0,1,0,1,0,0,0,0,1,0
0,1,0,0,-0.6303319887333076,1,1,0,0,0,0,1,1,1,0.9712832532725666,-0.30434092061568335,0,1,0,1,0,0,0,0,1,0
1,0,0,0,-0.4268033145403377,1,1,1,0,0,0,0,0,1,-0.3477621109456021,-0.5154396697834018,1,0,0,1,0,0,0,0,1,0
0,0,0,0,0.7536629957788878,1,1,0,1,1,1,1,1,1,1.5453583426052537,1.4936426228883177,0,1,0,0,1,0,0,0,1,0
1,0,0,0,-1.0780950719578415,1,0,1,1,0,0,0,0,1,-0.3062826969764773,-0.8630413330864024,1,0,0,1,0,0,1,0,0,0
0,0,0,0,-1.2816237461508113,1,0,1,0,0,0,1,1,1,1.0177401969179862,-0.9684370376157511,0,1,0,1,0,0,0,0,1,0
1,1,0,0,-0.9559778674420595,1,0,0,0,0,0,0,1,1,0.4851445215544238,-0.6949262934517947,0,1,0,1,0,0,0,0,1,0
1,1,0,0,-0.1418631706701798,1,0,0,1,1,0,1,1,1,1.2118638542934905,0.2841934352950241,0,1,0,1,0,0,1,0,0,0
1,0,0,0,-1.2816237461508113,1,0,0,0,0,0,0,0,1,-0.6414363618470058,-0.9903899025458383,1,0,0,1,0,0,0,0,1,0
0,0,1,1,0.6722515261016999,1,0,1,0,1,1,0,0,0,-0.10552233336591335,0.31736421420438593,1,0,0,1,0,0,1,0,0,0
1,0,1,1,-0.9966836022806536,1,0,0,0,0,0,0,0,0,-0.6729607164635407,-0.848332913583244,1,0,0,1,0,0,1,0,0,0
0,0,0,0,-0.9559778674420595,1,0,0,0,0,0,0,1,1,0.4851445215544238,-0.6927968655535762,0,1,0,1,0,0,0,0,1,0
0,0,1,0,0.346605647392948,1,0,0,1,1,1,0,0,1,0.7058150038701679,0.4556233575340751,0,1,0,0,1,0,1,0,0,0
0,0,0,0,-1.0780950719578415,1,0,0,0,0,1,0,0,1,-0.4688819997354467,-0.8839404604998454,1,0,0,1,0,0,1,0,0,0
0,0,1,1,0.020959768684196134,1,1,1,0,1,0,1,1,1,1.2865267994379153,0.5118007388901682,0,1,0,0,1,0,0,0,0,1
0,0,1,1,0.26519417771576004,1,0,0,0,0,0,0,0,0,-1.4992306427285067,-0.677627435886886,0,0,1,0,0,1,0,0,0,1
0,1,0,0,-1.2816237461508113,1,1,0,0,0,0,0,0,0,-0.4771778825292717,-0.9882165689177596,1,0,0,1,0,0,0,0,0,1
1,0,0,0,-0.7931549280876836,1,0,0,1,0,1,1,1,0,0.2794066282675646,-0.6014070888496234,1,0,0,1,0,0,0,0,0,1
1,1,0,0,-0.4268033145403377,1,1,0,0,0,0,1,1,1,1.0542420812108162,-0.0958765152395755,0,1,0,1,0,0,0,0,1,0
0,1,0,0,0.9164859351332638,1,1,0,0,1,0,1,1,1,1.1687252637656007,1.364779305748706,0,1,0,0,1,0,0,0,1,0
0,0,0,0,-1.2002122764736234,1,0,0,0,0,0,1,0,1,0.5166688761709587,-0.9083959520319627,0,1,0,1,0,0,0,0,1,0
1,0,0,1,0.7536629957788878,1,0,0,0,0,1,0,0,0,-0.5667734167025811,0.024337373117582047,1,0,0,0,1,0,0,1,0,0
1,0,0,0,0.7943687306174818,1,0,1,0,1,0,0,0,0,-0.3709905827683121,0.21484433498087874,1,0,0,0,1,0,0,0,1,0
0,0,0,0,-0.10115743583158582,0,0,0,0,0,1,0,1,1,-0.8156499005173299,-0.4892279490568777,1,0,0,0,1,0,0,1,0,0
1,0,1,1,0.30589991255435406,1,1,0,0,0,0,0,0,0,-1.3167212212643575,-0.5683241213999818,0,0,1,0,0,1,0,1,0,0
1,0,1,0,-0.7524491932490895,1,1,0,0,0,0,0,1,1,0.6709722961361032,-0.5102368407949711,0,1,0,1,0,0,0,0,1,0
0,0,0,1,0.346605647392948,1,0,0,0,0,0,0,0,0,-0.6547097743171256,-0.20171127706752573,1,0,0,1,0,0,1,0,0,0
1,0,0,1,0.428017117070136,0,0,1,1,1,0,0,0,1,-0.8123315473998,-0.17056016173173208,1,0,0,1,0,0,0,0,1,0
1,0,1,0,1.6084834273893616,1,1,0,1,1,1,1,1,1,0.6709722961361032,1.7627627940662567,1,0,0,0,0,1,1,0,0,0
1,0,1,1,-0.1825689055087738,0,0,1,0,1,1,1,0,0,-0.4688819997354467,-0.4015262536611794,1,0,0,0,1,0,0,0,0,1
0,0,1,1,1.4456604880349857,1,1,0,1,1,0,0,0,1,0.6460846477546283,1.5127416153774937,0,1,0,0,0,1,0,1,0,0
0,0,1,1,1.2014260790034217,1,1,0,1,1,1,1,1,1,1.522129870782544,1.9931581115075216,0,1,0,0,1,0,0,0,1,0
1,0,0,1,-1.2816237461508113,1,0,0,0,0,0,0,0,1,-0.6812565992573657,-0.9909167713041603,1,0,0,1,0,0,0,0,1,0
1,0,0,0,1.2014260790034217,1,1,0,0,1,0,1,1,1,1.0559012577695812,1.6789906614930439,0,1,0,0,1,0,0,0,1,0
0,0,1,1,0.26519417771576004,1,1,0,0,0,0,0,0,1,-1.3515639289984223,-0.6088491100609229,0,0,1,0,1,0,0,0,0,1
0,0,0,0,-1.2816237461508113,1,0,0,0,0,0,0,0,1,0.19147027065302033,-0.9793695643509346,0,1,0,1,0,0,0,0,0,1
0,0,0,0,-1.2409180113122174,1,0,0,0,1,1,1,1,0,0.38061639835222955,-0.9398105017469173,1,0,0,1,0,0,0,0,1,0
0,0,1,0,1.5677776925507676,1,1,0,0,0,0,1,1,1,0.9546914876849167,1.8809350659849162,0,1,0,0,0,1,1,0,0,0
0,0,0,0,-1.2002122764736234,1,1,0,0,0,0,0,0,1,-0.47385952941174164,-0.9439815460836338,1,0,0,1,0,0,0,0,0,1
0,0,0,0,0.7129572609402939,1,1,1,0,1,1,1,1,1,0.5830359385215584,0.8244534412244701,1,0,0,0,1,0,0,1,0,0
0,0,1,0,-0.4675090493789317,1,0,1,0,1,1,1,1,0,0.5299422886410788,-0.25744960112501714,1,0,0,0,1,0,0,0,0,1
0,0,0,0,-0.9966836022806536,1,0,0,1,0,1,1,0,1,0.01725673198269617,-0.7669755961523409,1,0,0,1,0,0,0,0,1,0
0,0,1,1,-0.6303319887333076,1,1,0,0,0,0,0,1,1,0.680927355488693,-0.37307534071178644,0,1,0,1,0,0,0,0,1,0
1,1,1,0,0.5094285867473239,1,1,0,0,0,0,0,0,0,-1.3349721634107725,-0.4948039767491199,0,0,1,0,1,0,0,1,0,0
1,0,1,1,-1.1595065416350294,1,1,0,0,0,0,0,0,1,-0.4655636466179167,-0.9113595887975244,1,0,0,1,0,0,0,0,1,0
1,0,1,0,1.4049547531963917,0,0,1,1,0,1,0,1,1,-0.46390447005915153,0.5358171731236835,1,0,0,0,0,1,1,0,0,0
0,0,0,0,-1.2002122764736234,0,0,1,0,0,1,0,0,0,-1.018069440686659,-0.9492282808019248,1,0,0,1,0,0,0,0,0,1
0,0,1,0,1.1607203441648277,1,1,0,1,0,1,0,1,1,0.9762607829488613,1.4935328585636674,0,1,0,0,0,1,1,0,0,0
1,0,0,0,1.2828375486806096,1,1,1,1,1,1,1,0,0,0.5415565245524336,1.4340625474680613,1,0,0,0,1,0,0,0,1,0
1,0,0,0,-0.4268033145403377,1,0,0,0,0,0,0,0,0,-1.5042081724048018,-0.824909206702841,0,0,1,0,1,0,0,0,0,1
1,0,0,0,-1.1595065416350294,1,0,0,0,0,0,0,1,1,-0.29964599074141746,-0.9056957496455619,1,0,0,1,0,0,0,0,1,0
1,1,1,1,0.7943687306174818,1,1,0,1,1,0,1,1,1,0.5282831120823135,0.7807452871486664,1,0,0,0,1,0,0,0,1,0
0,1,0,0,0.6722515261016999,1,1,1,0,0,0,1,1,0,1.2151822074110203,1.2157852114682042,0,1,0,1,0,0,0,1,0,0
0,0,1,0,0.8350744654560759,1,1,0,1,1,1,1,1,1,1.4607403381082393,1.5002065295024138,0,1,0,0,1,0,1,0,0,0
1,0,1,1,-0.6303319887333076,1,0,0,0,0,0,0,0,0,-1.4942531130522119,-0.8656317711481527,0,0,1,0,1,0,1,0,0,0
1,1,1,0,1.3235432835192036,1,0,0,0,0,0,0,0,1,0.1997661534468453,0.9895828912285857,0,1,0,0,1,0,1,0,0,0
0,0,0,0,0.06166550352279012,1,0,0,1,1,1,1,1,1,1.3329837430833347,0.5854745535955408,0,1,0,1,0,0,0,0,1,0
1,1,1,0,-1.2002122764736234,1,1,0,0,0,0,1,1,1,0.9845566657426863,-0.8876724475379603,0,1,0,1,0,0,0,0,1,0
1,0,0,0,-0.9559778674420595,1,0,0,0,0,0,0,0,0,-1.4959122896109767,-0.9319074703720859,0,0,1,1,0,0,0,0,0,1
1,1,0,0,1.5270719577121736,0,0,0,0,0,0,1,1,1,-0.6530505977583607,0.42286968305838485,1,0,0,0,1,0,0,0,1,0
0,0,1,1,1.6084834273893616,1,1,1,1,1,1,1,1,1,1.6880475266590431,2.711258276235604,0,1,0,0,0,1,1,0,0,0
1,0,1,1,0.30589991255435406,0,0,0,1,1,1,1,1,0,-0.1536384535700982,0.06462088026429204,1,0,0,0,1,0,0,0,0,1
0,0,0,0,1.0386031396490458,1,1,1,1,1,1,0,0,1,0.20474368312314,0.8771842227865393,1,0,0,0,1,0,0,1,0,0
0,0,1,1,-1.2002122764736234,0,0,1,0,0,0,0,0,0,-1.1690545075342733,-0.9701493610802979,1,0,0,1,0,0,0,1,0,0
1,0,0,0,-1.2816237461508113,1,0,1,0,0,0,0,0,1,-0.4705411762942116,-0.9881287574580393,1,0,0,1,0,0,0,0,0,1
1,0,1,1,0.631545791263106,1,1,0,0,0,0,0,0,0,-1.2818785135302928,-0.4637626257379766,0,0,1,0,0,1,1,0,0,0
1,0,0,0,-0.30468611002455576,1,0,0,0,1,1,1,1,0,1.1405192622665956,0.0931596046734054,0,1,0,0,0,1,1,0,0,0
0,0,1,1,0.6722515261016999,1,1,0,1,1,1,1,1,1,1.4275568069329394,1.3136071775966727,0,1,0,0,0,1,1,0,0,0
0,0,0,0,-0.9559778674420595,1,0,1,0,0,0,0,0,1,0.3092718063253347,-0.7295679143114723,0,1,0,1,0,0,0,1,0,0
0,0,1,0,-0.7117434584104956,1,0,1,0,1,0,1,1,0,1.2218189136460804,-0.27744866107632654,0,1,0,1,0,0,0,0,1,0
1,0,0,0,1.3642490183577978,1,1,1,1,1,0,0,1,1,0.32088604223668943,1.0963616262485298,1,0,0,0,0,1,0,1,0,0
0,0,1,1,1.0386031396490458,1,1,0,1,1,0,1,1,1,1.336302096200865,1.7228963913532183,0,1,0,0,1,0,0,1,0,0
1,0,1,1,0.428017117070136,1,1,1,0,0,1,0,1,1,0.23129050806338025,0.38287156315576604,1,0,0,0,1,0,0,1,0,0
0,0,1,0,0.428017117070136,1,1,0,0,0,1,1,0,1,-0.0026533867224840216,0.2664555204315136,1,0,0,0,1,0,1,0,0,0
0,0,0,0,0.590840056424512,1,0,1,0,0,0,0,0,0,0.3490920437356946,0.5460911139109643,0,1,0,1,0,0,0,1,0,0
0,0,0,0,0.9571916699718578,1,1,0,1,1,0,1,1,1,1.3893957460813444,1.5863495714880758,0,1,0,0,1,0,0,0,1,0
1,0,1,1,1.6084834273893616,0,0,1,0,1,1,1,0,0,-0.5319307089685164,0.5381441768062728,1,0,0,0,0,1,0,0,0,1
0,0,0,0,-0.6710377235719016,1,0,0,1,0,0,0,0,0,0.3374778078243394,-0.47790027075295277,0,1,0,1,0,0,1,0,0,0
0,0,1,0,1.4456604880349857,1,0,0,1,0,1,1,0,0,-0.027541035103958902,0.8890607227137165,1,0,0,0,0,1,1,0,0,0
0,0,1,1,-0.7117434584104956,1,0,0,0,0,0,0,0,0,-1.472683817788267,-0.8804719078408917,0,0,1,0,1,0,0,0,0,1
1,0,1,1,1.3642490183577978,0,0,0,0,1,1,1,1,0,-0.34112540471054226,0.5842451931594559,1,0,0,0,0,1,1,0,0,0
0,1,1,0,-1.2002122764736234,1,0,0,0,0,0,1,0,1,0.5133505230534289,-0.912040127610357,0,1,0,1,0,0,0,0,1,0
0,0,1,1,1.6084834273893616,1,1,1,1,1,0,1,1,0,1.4856279864897142,2.5588175821610784,0,1,0,0,0,1,0,1,0,0
1,0,0,0,-0.22327464034736777,1,0,0,0,0,0,0,0,0,-1.4793205240233267,-0.7770080554253908,0,0,1,0,0,1,0,1,0,0
0,0,1,1,-1.2002122764736234,1,0,0,0,0,0,0,0,0,-1.5025489958460367,-0.9837820902018819,0,0,1,1,0,0,0,0,0,1
1,0,0,0,-0.4268033145403377,1,1,0,1,0,0,0,0,1,0.4785078153193637,-0.25068811872655034,0,1,0,1,0,0,0,0,1,0
0,0,1,0,1.0386031396490458,1,0,1,1,0,0,1,0,1,0.010620025747636104,0.6543187380162941,1,0,0,1,0,0,0,1,0,0
0,0,1,1,1.6084834273893616,1,1,0,0,0,0,0,0,1,-1.3814291070561924,-0.2977550611366572,0,0,1,0,1,0,1,0,0,0
0,0,0,0,-0.019745966154397852,1,1,0,1,1,0,1,1,1,1.29814103534927,0.48978201536529065,0,1,0,0,1,0,0,1,0,0
0,0,1,1,-0.9559778674420595,1,0,0,1,0,1,1,0,1,0.02223426165899086,-0.7499182201016632,1,0,0,0,1,0,0,0,0,1
0,0,1,1,-0.9966836022806536,1,0,0,1,0,1,0,0,0,-0.2863725782712976,-0.8341294099734776,1,0,0,1,0,0,1,0,0,0
1,0,0,0,-1.1188008067964355,1,0,0,0,1,0,1,1,1,0.16824179883031035,-0.8578824098278319,1,0,0,0,1,0,0,0,0,1
0,0,0,0,0.26519417771576004,1,0,0,0,0,0,0,0,0,-1.4859572302583868,-0.6477495867170373,0,0,1,0,0,1,0,0,0,1
1,0,0,0,-0.3453918448631497,1,0,0,0,0,0,0,1,1,0.4950995809070136,-0.13185726085998833,0,1,0,1,0,0,0,1,0,0
1,0,1,1,-0.38609757970174374,1,1,0,0,0,0,0,0,0,-1.3465863993221274,-0.7739785600650387,0,0,1,0,1,0,0,0,0,1
0,1,0,0,-0.9966836022806536,1,1,0,0,0,0,0,1,0,0.6726314726948681,-0.7049367998599145,0,1,0,1,0,0,0,0,1,0
1,0,0,0,0.9164859351332638,1,0,0,1,0,1,0,1,1,-0.024222681986428636,0.5821816238560278,1,0,0,0,1,0,0,0,1,0
1,0,1,1,-1.2816237461508113,1,0,0,0,0,0,0,0,1,0.11846650206736059,-0.9803354904078583,0,1,0,1,0,0,0,0,1,0
0,0,1,0,-0.38609757970174374,1,0,0,0,0,1,1,0,0,-0.16359351292268806,-0.4189348755507385,1,0,0,0,1,0,1,0,0,0
0,0,1,0,-1.1595065416350294,1,1,0,1,0,0,1,0,1,0.8866652487755522,-0.8499793784530005,0,1,0,1,0,0,0,0,1,0
0,0,0,0,0.8757802002946699,1,0,0,0,1,0,1,1,1,0.9679649001550363,1.2116141671314875,0,1,0,0,1,0,0,1,0,0
0,1,0,0,1.3235432835192036,1,1,0,1,1,0,1,0,1,1.0127626672416914,1.7219743710261548,0,1,0,1,0,0,1,0,0,0
1,0,1,1,0.26519417771576004,0,0,0,0,0,0,0,0,1,-1.3167212212643575,-0.594294360612275,1,0,0,0,1,0,0,1,0,0
1,0,1,0,0.7536629957788878,1,1,1,0,1,1,1,1,1,1.5470175191640188,1.5011505026944079,0,1,0,0,1,0,0,0,1,0
0,0,0,0,-0.6710377235719016,1,1,0,0,0,0,0,1,1,-0.06238374283802364,-0.541914824889087,1,0,0,1,0,0,1,0,0,0
0,0,1,1,0.18378270803857208,1,1,0,1,1,0,0,1,1,1.0028076078891015,0.540712662003093,0,1,0,1,0,0,0,0,1,0
0,0,1,1,1.0793088744876398,1,1,1,0,1,1,1,0,1,0.38227557491099445,0.9739085456685035,1,0,0,0,0,1,0,0,0,1
0,1,1,1,0.631545791263106,1,0,1,0,1,1,1,1,1,1.313073624378155,1.2147534268164901,0,1,0,1,0,0,0,0,1,0
1,0,1,1,1.3235432835192036,1,0,1,0,0,1,1,1,1,0.3275227484717495,1.1059111224931177,1,0,0,0,0,1,1,0,0,0
0,0,1,1,-0.3453918448631497,1,0,0,0,0,0,0,0,0,-1.4942531130522119,-0.7761738465580474,0,0,1,0,1,0,0,0,0,1
0,0,0,0,-0.9966836022806536,1,0,1,0,0,1,0,1,0,0.03716685068787588,-0.758172497315376,1,0,0,1,0,0,1,0,0,0
1,0,0,0,-0.4268033145403377,1,1,0,1,0,0,0,0,1,0.4619160497317138,-0.30780947327463715,0,1,0,1,0,0,0,0,0,1
1,0,0,0,-0.9152721326034655,1,0,1,0,0,1,1,0,0,-0.08893056777826343,-0.7412907441841389,1,0,0,1,0,0,1,0,0,0
1,0,0,0,1.3235432835192036,1,1,0,1,1,1,1,1,1,1.4673770443432994,2.0371736056923466,0,1,0,1,0,0,0,0,1,0
0,0,1,0,-0.38609757970174374,1,1,0,0,1,0,0,1,0,0.8368899520126024,-0.11256069258644166,0,1,0,1,0,0,0,0,0,1
1,0,0,0,-0.22327464034736777,1,0,1,0,0,1,0,0,0,-0.38094564212090193,-0.3687506263205592,1,0,0,1,0,0,0,0,0,1
0,0,0,0,-0.3453918448631497,1,0,0,0,0,0,0,0,0,-1.4760021709057967,-0.7788740489444482,0,0,1,0,1,0,0,1,0,0
0,0,0,0,-1.2816237461508113,1,0,1,0,0,0,0,0,1,-0.5418857683211062,-0.9890727306500331,1,0,0,1,0,0,0,1,0,0
1,0,1,0,1.2421318138420157,1,0,1,0,1,0,1,1,0,1.1537926747367158,1.7689974077064012,0,1,0,0,0,1,0,1,0,0
1,0,1,1,1.1200146093262338,1,0,1,1,1,0,0,0,0,-0.14700174733503815,0.6116643214571347,1,0,0,0,0,1,1,0,0,0
0,0,0,0,-0.06045170099299184,0,0,1,1,0,1,0,1,1,-0.5004063543519814,-0.342999915757567,1,0,0,0,0,1,1,0,0,0
0,0,1,1,1.6084834273893616,0,0,0,1,0,1,1,1,0,-0.37430893588584213,0.6509819025469209,1,0,0,0,0,1,0,1,0,0
1,0,1,1,-0.4268033145403377,1,0,0,0,0,0,0,0,0,-1.4826388771408567,-0.7960411893197763,0,0,1,0,1,0,1,0,0,0
0,1,0,0,-1.0373893371192475,1,0,0,1,1,0,1,0,1,0.0006649663950462456,-0.7936702799073269,1,0,0,1,0,0,0,0,1,0
1,0,1,1,-1.1595065416350294,1,0,0,0,0,0,0,0,0,-0.6530505977583607,-0.9422033640242969,1,0,0,1,0,0,0,0,0,1
0,0,0,0,-1.1188008067964355,1,1,0,0,0,0,0,0,0,-1.3100845150292975,-0.9512479443754928,0,0,1,1,0,0,0,0,0,1
0,0,0,0,-0.38609757970174374,1,0,0,1,0,1,0,0,1,0.4702119325255387,-0.22724245898121717,0,1,0,1,0,0,0,0,0,1
1,0,1,1,-0.9966836022806536,1,0,0,0,0,0,0,0,0,-1.5042081724048018,-0.9555287530368598,0,0,1,0,0,1,0,1,0,0
0,0,0,0,-0.9559778674420595,1,0,0,0,0,0,0,0,0,0.1367174442137754,-0.7243650853230417,0,1,0,1,0,0,0,0,1,0
0,1,1,0,-0.38609757970174374,1,0,1,0,0,0,1,1,1,1.0011484313303363,0.01085831405050859,0,1,0,1,0,0,0,0,1,0
1,0,1,1,1.6084834273893616,1,1,1,1,1,1,0,0,0,0.16326426915401518,1.2298130921585302,1,0,0,0,0,1,1,0,0,0
1,0,0,0,-0.30468611002455576,1,0,0,0,0,0,0,0,0,0.1997661534468453,-0.2344429986782858,0,1,0,1,0,0,0,0,0,1
1,0,1,1,-0.7117434584104956,0,0,1,0,0,0,0,0,1,-1.1524627419466233,-0.8042076550737687,1,0,0,1,0,0,1,0,0,0
1,0,0,0,-1.0373893371192475,1,0,0,0,0,0,1,0,0,-0.33448869847548224,-0.8477840919599918,1,0,0,1,0,0,0,0,0,1
0,0,0,0,-1.2816237461508113,1,0,0,0,0,0,1,0,1,-0.37762728900337217,-0.9868993970219543,1,0,0,1,0,0,0,0,0,1
1,1,1,0,-1.0373893371192475,1,1,0,0,0,0,1,1,1,1.0177401969179862,-0.7275043450080442,0,1,0,1,0,0,1,0,0,0
0,0,1,1,0.631545791263106,1,0,1,0,1,0,1,1,1,1.1537926747367158,1.1748650712385216,0,1,0,0,1,0,1,0,0,0
0,0,1,1,1.4863662228735797,1,1,0,1,1,1,1,1,1,1.4541036318731793,2.279467375925719,0,1,0,0,1,0,1,0,0,0
1,1,1,1,0.9571916699718578,1,1,1,0,1,0,1,1,1,1.31473280093692,1.5337724599805171,0,1,0,0,1,0,1,0,0,0
1,1,0,0,-1.2002122764736234,1,0,0,0,0,0,1,0,1,0.49675875746577897,-0.8958608661568828,0,1,0,1,0,0,0,0,1,0
1,0,0,0,0.30589991255435406,1,0,1,0,1,0,0,1,0,0.08362379433329585,0.1886545671192847,1,0,0,1,0,0,0,0,1,0
0,0,0,0,-1.0780950719578415,1,0,0,0,0,0,0,0,0,-1.5058673489635668,-0.9557702345510908,0,0,1,0,0,1,0,0,0,1
0,0,0,0,1.1607203441648277,1,1,0,0,1,1,1,1,1,1.3827590398462843,1.8120250229693722,0,1,0,0,0,1,0,0,1,0
1,1,1,0,-1.2816237461508113,1,1,0,0,0,0,1,0,1,0.7008374741938728,-0.9726300348173976,0,1,0,1,0,0,0,0,1,0
1,0,0,0,-0.22327464034736777,1,0,1,1,0,0,0,0,0,-0.31457857977030224,-0.36163789808321095,1,0,0,0,1,0,1,0,0,0
0,0,1,0,0.428017117070136,1,1,1,1,0,1,1,1,0,0.7141108866639929,0.5589993984898556,1,0,0,0,0,1,0,1,0,0
0,1,0,0,-0.5082147842175256,1,1,0,0,0,0,0,1,1,-0.11049986304220827,-0.4948039767491199,1,0,0,1,0,0,0,0,0,1
0,0,1,0,-0.6303319887333076,1,1,0,0,0,0,1,1,0,0.9181896033920867,-0.316832100760903,0,1,0,1,0,0,0,0,1,0
1,0,0,0,-1.0780950719578415,1,0,0,0,0,0,0,0,1,0.13837662077254032,-0.8194209904703191,0,1,0,1,0,0,0,0,1,0
0,0,1,0,0.346605647392948,0,0,0,1,0,1,0,0,0,-0.9782492032762992,-0.39939682576296087,1,0,0,0,1,0,0,0,0,1
1,0,0,0,-1.2816237461508113,1,0,0,0,0,0,0,1,0,0.49675875746577897,-0.9753302372037984,0,1,0,1,0,0,0,0,1,0
0,0,0,0,-1.2816237461508113,1,0,0,0,0,0,0,0,1,0.15496838636019022,-0.9798525273793964,0,1,0,1,0,0,0,0,1,0
1,0,0,0,-0.7931549280876836,0,0,0,0,0,0,0,0,1,-1.3200395743818876,-0.8647097508210891,1,0,0,1,0,0,1,0,0,0
1,0,0,0,0.7943687306174818,1,0,0,1,1,1,1,1,1,1.3296653899658049,1.372287185554796,0,1,0,0,1,0,1,0,0,0
0,0,0,0,-1.1188008067964355,1,0,0,1,0,0,0,0,0,-0.4771778825292717,-0.902951641529301,1,0,0,1,0,0,1,0,0,0
1,0,1,1,1.6084834273893616,1,1,1,1,1,1,1,1,1,0.8518225410414869,1.817930343635566,1,0,0,0,0,1,0,1,0,0
0,0,1,0,-0.30468611002455576,1,1,0,1,0,0,0,0,0,-0.3593763468569571,-0.4075852443818835,1,0,0,1,0,0,0,0,1,0
0,0,0,0,1.3642490183577978,1,1,1,1,1,1,1,0,1,1.31473280093692,1.965980464724074,0,1,0,0,1,0,1,0,0,0
1,0,0,1,0.9571916699718578,1,1,0,0,0,0,0,0,1,-1.3316538102932427,-0.38510551069347415,0,0,1,0,0,1,0,0,0,1
0,0,0,0,-1.0780950719578415,1,0,0,0,1,1,1,1,1,1.1620885575305409,-0.7699611857828327,0,1,0,1,0,0,0,0,0,1
0,0,1,1,1.1200146093262338,0,0,1,0,1,1,1,1,0,-0.168571042598983,0.5658925980779029,1,0,0,0,0,1,0,1,0,0
1,1,0,0,0.631545791263106,1,1,0,1,0,0,1,1,1,1.1305642029140057,1.0726305792591058,0,1,0,0,1,0,0,0,1,0
1,0,1,1,-0.22327464034736777,1,0,1,1,0,0,0,0,1,-0.3378070515930122,-0.34730267728386405,1,0,0,1,0,0,0,1,0,0
1,0,1,1,1.6084834273893616,1,1,1,1,1,1,1,0,1,1.3661672742586346,2.303857008863046,0,1,0,0,0,1,0,1,0,0
0,0,0,0,0.22448844287716607,1,1,1,1,1,0,0,0,1,0.04048520380540615,0.09706721463096095,1,0,0,1,0,0,1,0,0,0
1,0,1,0,-1.1595065416350294,1,1,0,1,0,0,1,1,1,1.1703844403243657,-0.825919038489625,0,1,0,1,0,0,0,0,1,0
1,0,1,1,-1.1595065416350294,1,0,0,0,0,0,0,0,0,-1.5058673489635668,-0.9802037732182777,0,0,1,0,0,1,0,1,0,0
0,0,1,1,0.387311382231542,1,1,1,1,0,0,1,0,1,0.9795791360663916,0.7123621128914448,0,1,0,0,1,0,0,1,0,0
1,0,0,0,0.5501343215859179,1,1,0,1,1,0,1,0,1,0.9945117250952766,0.9315175634885051,0,1,0,0,1,0,0,1,0,0
1,0,1,0,0.30589991255435406,0,0,1,1,1,0,0,0,1,-0.7492828381667302,-0.2567910151771145,1,0,0,0,1,0,0,0,1,0
0,0,1,1,-0.06045170099299184,1,0,1,0,1,1,1,1,1,0.5382381714349038,0.10731920255331164,1,0,0,0,1,0,0,0,0,1
0,0,1,1,-0.10115743583158582,1,1,0,1,1,1,1,1,1,1.4126242179040545,0.41323237535407664,0,1,0,1,0,0,0,0,1,0
1,0,1,0,-0.7931549280876836,1,1,1,0,0,0,0,1,1,0.03053014445281582,-0.6142714676986544,1,0,0,1,0,0,0,0,1,0
1,1,1,0,-0.7524491932490895,1,0,0,0,0,0,0,0,0,-1.5025489958460367,-0.9100204640367889,0,0,1,0,1,0,0,0,0,1
0,0,0,0,-0.9152721326034655,1,0,0,0,0,0,0,0,1,-1.5141632317573919,-0.9290975036610348,0,0,1,0,1,0,0,0,0,1
1,1,0,0,-0.10115743583158582,1,1,0,0,1,1,1,0,1,0.13837662077254032,-0.09106883781988628,1,0,0,0,0,1,0,1,0,0
1,1,0,0,0.1023712383613841,1,1,1,0,0,0,0,1,0,0.8650959535116071,0.38601082284076854,0,1,0,1,0,0,0,1,0,0
1,0,1,0,-0.019745966154397852,1,1,0,0,0,1,0,0,1,0.4751894622018339,0.13954600827067967,0,1,0,0,1,0,0,0,1,0
1,0,0,0,-1.2409180113122174,1,0,1,0,0,0,0,0,1,0.35738792652951956,-0.927341274466628,0,1,0,1,0,0,0,0,1,0
1,0,1,1,0.1023712383613841,1,0,0,0,0,0,0,0,0,-1.4942531130522119,-0.7179987544933164,0,0,1,0,1,0,0,0,1,0
1,0,1,1,-0.22327464034736777,1,1,1,1,0,1,1,0,0,1.1886353824707805,0.21611760114682382,0,1,0,1,0,0,0,0,1,0
1,0,1,1,1.6084834273893616,1,1,0,0,0,0,0,0,0,-1.3333129868520075,-0.19415949153157583,0,0,1,0,0,1,0,1,0,0
1,0,0,1,-1.2816237461508113,1,0,0,0,0,0,0,0,1,-1.5174815848749215,-1.0019810152289244,0,0,1,1,0,0,0,0,0,1
0,0,0,0,-1.2816237461508113,1,0,0,0,0,0,0,0,0,-0.6961891882862504,-0.9911143470885312,1,0,0,1,0,0,0,0,0,1
1,0,0,0,1.2828375486806096,1,0,1,1,0,0,1,1,1,1.1737027934418955,1.8890356731441182,0,1,0,0,1,0,0,1,0,0
0,0,0,0,-0.5489205190561197,1,1,0,0,1,0,0,0,1,-0.29300928450635744,-0.5564695743377348,1,0,0,1,0,0,0,0,0,1
1,0,0,1,-1.1595065416350294,1,0,1,0,0,0,0,0,1,-0.5153389433808665,-0.9294487494999162,1,0,0,1,0,0,0,0,1,0
1,0,0,0,-1.2816237461508113,1,0,0,0,0,0,0,0,1,0.15496838636019022,-0.9798525273793964,0,1,0,1,0,0,0,0,1,0
0,0,0,0,0.06166550352279012,1,1,0,0,0,1,1,0,0,0.0023241429538111433,-0.06314479362881542,1,0,0,1,0,0,0,0,0,1
0,0,1,0,1.6084834273893616,0,0,1,1,1,0,0,1,1,-0.5219756496159262,0.5618313180658367,1,0,0,0,0,1,0,0,1,0
1,0,1,1,1.5270719577121736,1,1,1,1,1,1,1,1,1,1.712935175040518,2.5689159000289186,0,1,0,0,0,1,0,1,0,0
0,0,1,0,1.3642490183577978,1,1,1,1,1,0,0,0,0,0.06537285218688103,0.9083792438521933,1,0,0,0,0,1,1,0,0,0
1,1,1,0,1.4863662228735797,1,1,0,1,1,1,1,1,1,1.4424893959618246,2.202698207265204,0,1,0,0,0,1,1,0,0,0
1,0,0,1,-0.7117434584104956,1,0,1,0,1,0,0,1,0,-0.0026533867224840216,-0.5929771887164698,1,0,0,0,1,0,0,0,0,1
0,0,0,0,1.5270719577121736,1,1,1,1,1,0,1,1,1,1.533744106693899,2.3868168854338454,0,1,0,0,0,1,0,0,0,1
0,0,0,0,1.3642490183577978,1,1,0,0,0,0,0,0,1,-1.3200395743818876,-0.2712140474361819,0,0,1,0,0,1,0,1,0,0
0,1,0,0,0.387311382231542,1,1,0,0,0,0,1,0,1,0.6543805305484532,0.5444446490412078,0,1,0,1,0,0,0,0,1,0
0,0,1,1,-1.2002122764736234,1,0,0,0,0,0,1,0,1,0.5233055824060188,-0.9052786452118903,0,1,0,1,0,0,0,0,1,0
1,0,0,0,-0.06045170099299184,1,1,0,1,1,0,1,1,1,1.2782309166440902,0.3359363379352396,0,1,0,0,1,0,0,0,1,0
0,0,0,0,0.387311382231542,0,0,1,1,1,1,0,1,1,-0.3378070515930122,0.020693197539187493,1,0,0,0,1,0,0,0,1,0
1,0,0,0,-1.2002122764736234,1,0,0,0,1,1,1,1,1,1.1206091435614158,-0.8814817396276756,0,1,0,1,0,0,0,0,1,0
1,0,0,0,1.2421318138420157,1,0,0,0,0,0,0,0,0,-1.4743429943470319,-0.4272769642241716,0,0,1,0,1,0,0,0,0,1
1,0,1,0,0.7129572609402939,1,0,0,0,0,0,0,0,0,-1.472683817788267,-0.541651390509926,0,0,1,0,0,1,0,0,0,1
1,0,0,0,-1.2816237461508113,1,0,0,0,0,0,0,0,1,0.16492344571278056,-0.9797208101898158,0,1,0,1,0,0,0,0,1,0
0,0,1,0,1.2828375486806096,1,0,1,0,0,1,1,1,1,1.0608787874458763,1.7619505380638436,0,1,0,0,1,0,0,0,0,1
1,0,1,0,-0.6303319887333076,1,0,1,1,0,0,0,1,0,-0.004312563281248919,-0.4942551551258677,1,0,0,0,1,0,0,0,0,1
1,0,1,1,0.631545791263106,1,0,0,1,1,0,0,0,1,-0.3029643438589475,0.15361779469086545,1,0,0,0,1,0,0,1,0,0
1,0,1,0,0.22448844287716607,0,0,1,1,0,1,1,1,1,-0.16359351292268806,-0.04747044806873324,1,0,0,0,0,1,1,0,0,0
1,0,0,1,-0.7117434584104956,1,0,0,0,1,1,0,0,0,-0.3228744625641272,-0.6308239278559401,1,0,0,0,1,0,0,1,0,0
0,0,1,1,-0.1825689055087738,1,0,0,0,0,0,0,0,1,0.1815152113004305,-0.13572096508768366,0,1,0,0,1,0,1,0,0,0
1,0,1,1,1.6084834273893616,1,0,1,1,1,1,1,1,0,1.560290931634139,2.516580270035591,0,1,0,0,0,1,1,0,0,0
1,0,1,1,0.387311382231542,0,0,1,0,1,1,1,0,0,-0.5568183573499913,-0.11811476741375376,1,0,0,0,0,1,0,1,0,0
0,0,0,0,-1.2816237461508113,1,0,0,0,0,0,0,0,0,-1.4743429943470319,-1.001410240740742,0,0,1,1,0,0,0,0,0,1
0,0,0,1,-0.06045170099299184,1,1,0,0,0,0,1,0,1,0.7174292397815226,0.17390224188626613,0,1,0,1,0,0,0,1,0,0
1,1,1,0,0.46872285190873,0,0,0,1,0,0,0,0,1,-1.1474852122703283,-0.4134247064532866,1,0,0,1,0,0,0,0,1,0
0,0,0,0,-0.8745663977648716,1,0,0,0,1,1,0,0,0,-0.3693314062095472,-0.7243431324581115,1,0,0,0,1,0,1,0,0,0
0,0,0,0,-1.0780950719578415,1,0,0,0,0,0,0,1,1,-0.3295111687991873,-0.8609558109180441,1,0,0,1,0,0,0,0,1,0
1,0,0,0,1.4456604880349857,1,1,1,1,1,0,1,0,0,1.2085455011759603,2.111615770670272,0,1,0,0,1,0,1,0,0,0
1,0,1,1,1.2014260790034217,1,0,1,1,0,0,0,0,1,0.5481932307874936,1.177433556435342,0,1,0,0,1,0,0,1,0,0
0,0,1,0,-0.4675090493789317,1,1,1,0,1,0,1,1,1,1.293163505672975,-0.020687952854026866,0,1,0,1,0,0,0,0,1,0
0,0,1,1,-1.3223294809894055,1,1,0,1,1,1,1,0,0,0.2794066282675646,-0.3968393169986058,1,0,0,0,0,1,0,0,0,1
1,1,0,0,-0.9559778674420595,1,1,0,0,0,0,0,1,1,0.6278337056082129,-0.6634897908719098,0,1,0,1,0,0,0,0,1,0
1,0,1,0,1.4863662228735797,1,1,1,1,1,1,1,1,1,1.5802010503393187,2.4170898861724357,0,1,0,0,0,1,1,0,0,0
1,0,0,0,-1.0373893371192475,1,0,0,0,0,0,0,0,0,-1.466047111553207,-0.9484599305293717,0,0,1,1,0,0,0,0,0,1
0,0,1,0,1.4049547531963917,1,1,1,0,1,1,1,1,1,1.5370624598114289,2.2876338416797113,0,1,0,0,1,0,0,0,1,0
0,0,1,1,0.5094285867473239,1,0,0,1,0,1,0,0,1,-0.3577171702981922,0.00811420593424769,1,0,0,0,1,0,0,1,0,0
1,1,1,0,-0.6303319887333076,1,1,0,0,0,0,1,1,1,0.9911933719777464,-0.32376920607881055,0,1,0,1,0,0,0,0,1,0
0,0,0,0,0.1023712383613841,1,0,0,0,0,0,0,0,0,-1.4544328756418519,-0.6850694570981856,0,0,1,0,1,0,0,0,0,1
0,1,0,0,-1.2002122764736234,1,0,0,0,1,0,1,0,1,0.7273842991341125,-0.9134012052360225,0,1,0,1,0,0,0,0,1,0
0,0,0,0,-0.8338606629262776,1,1,0,0,0,0,0,1,1,0.7174292397815226,-0.5419806834838772,0,1,0,1,0,0,0,0,1,0
1,0,0,0,0.06166550352279012,0,0,0,0,0,0,0,0,1,-1.3233579274994176,-0.6360267568443707,1,0,0,1,0,0,1,0,0,0
0,0,1,0,0.9571916699718578,1,0,1,1,1,0,1,1,1,1.3495755086709846,1.654074159797395,0,1,0,0,1,0,0,1,0,0
1,1,1,0,-1.0373893371192475,1,0,0,0,0,0,1,1,1,0.7987288911610074,-0.7445836739236519,0,1,0,1,0,0,0,0,1,0
0,0,0,0,-1.2816237461508113,1,1,0,0,0,0,0,0,1,-1.3017886322354726,-0.9991271427880131,0,0,1,1,0,0,0,0,1,0
0,0,0,0,0.8350744654560759,1,0,0,0,0,0,0,0,0,-1.4826388771408567,-0.5500812906430794,0,0,1,0,0,1,0,0,0,1
0,1,1,0,0.387311382231542,1,1,1,0,1,0,1,1,1,1.336302096200865,1.0088794595021322,0,1,0,0,1,0,1,0,0,0
1,0,0,0,0.7943687306174818,1,0,1,0,1,0,1,0,0,0.873391836305432,1.069974282602565,0,1,0,0,1,0,0,0,1,0
0,0,1,0,1.6084834273893616,1,1,1,1,1,1,1,1,1,1.7328452937456982,2.7345283130614964,0,1,0,0,0,1,0,1,0,0
0,0,1,1,-1.2409180113122174,0,0,0,0,0,0,0,0,1,-1.3449272227633626,-0.994363371098184,1,0,0,1,0,0,0,0,0,1
0,0,0,0,-1.2409180113122174,1,1,0,1,0,0,0,0,0,0.4851445215544238,-0.9437839702992631,0,1,0,1,0,0,0,0,1,0
0,0,1,1,0.7943687306174818,1,1,0,0,1,0,1,1,0,1.2052271480584305,1.3170757302556266,0,1,0,0,1,0,1,0,0,0
1,0,1,0,-1.0780950719578415,1,1,0,0,0,0,0,0,0,-1.3216987509406526,-0.9353321173011796,0,0,1,0,1,0,0,0,0,1
1,0,1,0,1.6084834273893616,1,1,1,1,1,1,1,1,0,1.6880475266590431,2.647880355182442,0,1,0,0,0,1,0,1,0,0
0,1,0,0,-1.2816237461508113,1,0,0,0,0,0,1,1,1,0.875051012864197,-0.9703249839997384,0,1,0,1,0,0,0,0,1,0
0,0,0,0,0.7129572609402939,1,1,1,1,0,1,1,1,1,1.4839688099309494,1.4268620077709924,0,1,0,0,0,1,0,0,1,0
0,0,0,0,1.4456604880349857,1,0,1,1,1,1,1,1,1,0.5813767619627935,1.4687700269225292,1,0,0,0,0,1,0,1,0,0
1,0,1,0,-1.2816237461508113,1,0,0,0,0,0,0,0,1,0.14003579733130567,-0.9800501031637672,0,1,0,1,0,0,0,0,1,0
1,0,0,0,-1.2002122764736234,1,0,0,0,0,1,0,1,0,-0.1420242176587432,-0.9239605332673944,1,0,0,1,0,0,0,0,0,1
1,0,1,0,-0.4268033145403377,1,0,1,0,0,0,1,0,1,-0.17188939571651304,-0.40699251702877115,1,0,0,0,1,0,1,0,0,0
0,0,1,1,1.6084834273893616,1,1,1,1,1,1,0,1,1,0.48348534499565887,1.4753997921314153,1,0,0,0,0,1,1,0,0,0
0,0,1,1,1.2828375486806096,1,0,0,0,0,0,0,0,0,-1.497571466169742,-0.4235449771860568,0,0,1,0,1,0,1,0,0,0
1,0,0,0,-1.0780950719578415,1,0,0,0,0,0,0,0,0,-1.4710246412295018,-0.9592168343451145,0,0,1,0,1,0,0,0,0,1
1,0,1,1,1.4456604880349857,1,0,0,0,0,0,0,0,1,-1.4925939364934466,-0.4382094909593551,0,0,1,0,0,1,1,0,0,0
1,0,0,0,1.3642490183577978,1,1,0,1,0,1,1,1,1,1.30477774158433,2.0017855874250463,0,1,0,0,1,0,0,0,1,0
0,1,0,0,-1.2816237461508113,1,0,0,0,0,0,1,0,0,0.44864263726159415,-0.975966870286771,0,1,0,1,0,0,0,0,1,0
0,0,0,0,-1.0780950719578415,1,0,0,0,0,0,1,1,1,0.8153206567486573,-0.758699366073698,0,1,0,1,0,0,0,0,1,0
0,1,0,0,-1.2002122764736234,1,0,0,0,0,0,0,0,1,0.1815152113004305,-0.9205358863383009,0,1,0,1,0,0,0,0,1,0
1,0,0,0,0.06166550352279012,1,1,1,1,1,1,1,1,0,1.702980115687928,0.7014954447510516,0,1,0,0,1,0,0,1,0,0
0,0,1,0,1.1200146093262338,1,0,1,0,0,1,1,1,1,1.0708338467984662,1.4534688800662583,0,1,0,0,0,1,0,0,1,0
0,0,0,0,-0.9152721326034655,1,0,0,0,0,0,0,1,1,0.5083729933771337,-0.6389684407450025,0,1,0,1,0,0,1,0,0,0
0,0,1,1,0.6722515261016999,1,1,0,0,0,0,0,0,0,-1.3167212212643575,-0.4784271395112748,0,0,1,0,0,1,0,0,0,1
0,0,0,0,0.631545791263106,1,1,0,1,1,1,1,0,1,0.29599839385521454,0.5620288938502077,1,0,0,0,1,0,1,0,0,0
0,1,0,0,-0.7524491932490895,0,0,1,0,1,1,0,0,0,-0.8372191957812748,-0.7064295946751604,1,0,0,0,0,1,0,0,0,1
1,1,1,0,1.4456604880349857,1,1,0,0,1,0,0,0,1,0.5116913464946635,1.4436120437126492,0,1,0,1,0,0,0,1,0,0
0,0,0,0,0.18378270803857208,0,0,0,0,1,0,0,1,1,-0.8206274301936248,-0.3611110293248889,1,0,0,1,0,0,0,1,0,0
0,0,1,1,1.4863662228735797,1,1,1,1,1,1,1,1,0,1.6034295221620285,2.45601231569348,0,1,0,0,0,1,0,1,0,0
0,0,0,0,-0.7931549280876836,0,0,0,0,1,1,0,0,0,-0.9799083798350643,-0.8126595080718523,1,0,0,0,0,1,0,0,0,1
1,0,0,1,-0.9966836022806536,1,0,0,0,0,0,0,0,0,-1.5091857020810966,-0.9405129934246802,0,0,1,1,0,0,1,0,0,0
1,0,1,1,-0.7931549280876836,1,1,0,1,1,1,1,0,1,0.2611556861211498,-0.6020656747975259,1,0,0,1,0,0,0,0,1,0
1,0,1,0,0.9978974048104517,1,0,1,1,0,1,0,0,1,-0.17188939571651304,0.5044026234087288,1,0,0,0,0,1,0,0,1,0
1,0,1,1,1.6084834273893616,1,1,1,1,1,1,1,1,0,0.8269348926600121,1.8710782296313067,1,0,0,0,0,1,0,1,0,0
0,0,1,1,-0.9966836022806536,1,0,0,0,0,0,0,0,0,-1.5224591145512167,-0.9218530582341061,0,0,1,0,0,1,0,0,0,1
1,0,1,0,0.5094285867473239,1,0,1,0,1,0,0,0,0,-0.3859231717971971,-0.002225593447823456,1,0,0,0,0,1,0,1,0,0
1,0,0,0,-0.4675090493789317,0,0,1,0,0,1,1,0,1,-0.7094626007563706,-0.5663044578264138,1,0,0,1,0,0,0,0,0,1
1,0,0,0,0.26519417771576004,0,0,0,0,0,1,0,1,1,-0.807354017723505,-0.3542397826017716,1,0,0,1,0,0,0,0,1,0
1,0,0,1,-0.7117434584104956,1,1,0,0,0,0,0,0,1,-1.3316538102932427,-0.8680904920203224,0,0,1,1,0,0,0,0,1,0
1,0,1,1,0.8757802002946699,1,1,0,0,1,0,0,1,0,-0.05242868348543355,0.48637932130112715,1,0,0,0,0,1,0,1,0,0
1,0,0,0,1.1200146093262338,1,1,0,0,1,0,1,0,1,0.8169798333074222,1.2863856250833645,0,1,0,0,0,1,0,0,1,0
0,0,0,0,-1.2409180113122174,0,0,0,0,0,0,1,1,1,-0.6530505977583607,-0.9728715163316286,1,0,0,1,0,0,0,0,1,0
1,0,1,0,0.18378270803857208,1,0,0,0,1,1,0,1,1,0.8435266582476619,0.49085770574686505,0,1,0,1,0,0,0,0,1,0
0,0,1,0,-0.8338606629262776,1,0,1,0,0,1,0,0,0,-0.3560579937394271,-0.7072418506775736,1,0,0,1,0,0,1,0,0,0
0,0,0,0,-0.10115743583158582,1,1,1,0,0,1,1,1,0,1.376122333611225,0.39979722201686335,0,1,0,1,0,0,1,0,0,0
1,0,1,0,1.1607203441648277,1,1,1,1,0,0,1,1,1,1.3694856273761649,1.7886671746837595,0,1,0,1,0,0,0,0,1,0
1,1,1,1,1.6084834273893616,0,0,1,1,1,1,1,1,1,-0.004312563281248919,1.067361891675885,1,0,0,0,0,1,1,0,0,0
1,0,1,1,-1.2816237461508113,1,0,0,0,0,0,0,0,1,-1.4842980536996218,-1.0015419579303226,0,0,1,0,1,0,0,0,1,0
0,1,1,0,0.22448844287716607,1,1,1,1,0,0,0,1,0,0.9978300782128064,0.5663536082414348,0,1,0,0,1,0,0,1,0,0
0,0,0,0,-0.30468611002455576,1,0,0,1,0,1,0,1,1,0.028870967894050924,-0.2729483237656587,1,0,0,1,0,0,1,0,0,0
0,0,1,0,1.5677776925507676,1,1,0,0,0,0,0,0,1,-1.3366313399695375,-0.2595570761583055,0,0,1,0,0,1,1,0,0,0
0,0,1,1,-0.2639803751859618,1,0,0,0,0,0,0,0,1,-1.4826388771408567,-0.7935385627177464,0,0,1,1,0,0,0,1,0,0
0,0,0,0,-0.5082147842175256,1,1,1,0,0,0,1,0,1,0.8020472442785371,-0.18531248696475064,0,1,0,1,0,0,1,0,0,0
1,0,0,0,-0.1825689055087738,1,1,1,1,0,0,0,1,1,0.9812383126251565,0.15721806453939985,0,1,0,1,0,0,0,1,0,0
1,0,1,0,-0.06045170099299184,1,0,0,0,1,0,1,1,1,0.9580098408024466,0.2803297310673289,0,1,0,0,1,0,0,0,1,0
1,1,0,0,-0.019745966154397852,1,1,0,0,0,0,1,1,1,1.0359911390644014,0.31521283344123735,0,1,0,1,0,0,0,1,0,0
0,0,0,0,-0.7931549280876836,0,0,0,0,0,0,0,1,1,-0.9898634391876541,-0.8145474544558399,1,0,0,1,0,0,0,0,1,0
1,0,0,0,-0.7117434584104956,1,1,0,0,0,0,0,0,1,-1.2802193369715278,-0.8441838221114576,0,0,1,1,0,0,0,0,1,0
1,0,0,0,1.1200146093262338,0,0,1,1,1,0,0,0,0,-0.8405375488988048,0.05408350509785019,1,0,0,0,0,1,1,0,0,0
0,0,0,0,-1.2002122764736234,1,1,0,0,0,0,0,0,0,0.34245533750063456,-0.9041590491004557,0,1,0,1,0,0,0,0,1,0
0,0,0,0,0.8757802002946699,1,0,1,1,0,0,1,1,1,1.1654069106480704,1.3164390971726538,0,1,0,0,1,0,0,1,0,0
0,0,1,1,-1.2002122764736234,1,0,0,0,0,0,0,0,0,-1.5207999379924515,-0.9875799358347871,0,0,1,0,0,1,0,0,0,1
0,0,0,0,-0.9559778674420595,1,0,0,0,0,0,0,0,0,0.2014253300056102,-0.715122929187475,0,1,0,1,0,0,0,0,1,0
0,0,1,1,-0.6303319887333076,1,1,1,0,1,0,1,1,1,1.303118565025565,-0.24491451524993738,0,1,0,1,0,0,0,0,1,0
0,1,0,0,-0.7117434584104956,1,0,1,0,1,1,0,1,1,1.040968668740696,-0.38398591458203973,0,1,0,1,0,0,0,0,0,1
0,0,1,1,-0.5489205190561197,1,1,0,0,0,0,0,0,0,-1.3051069853530026,-0.7970729739714904,0,0,1,0,0,1,0,0,0,1
0,0,1,1,-1.1595065416350294,1,1,0,0,0,0,0,1,1,0.697519121076343,-0.8429983674052328,0,1,0,1,0,0,0,0,1,0
0,0,0,1,-1.2816237461508113,1,0,0,0,0,0,1,0,1,0.4785078153193637,-0.9755717187180294,0,1,0,1,0,0,0,0,1,0
1,0,1,1,1.6084834273893616,0,0,1,0,1,1,1,1,0,-0.13206915830615312,0.9868826888421851,1,0,0,0,0,1,1,0,0,0
1,0,1,1,-0.30468611002455576,1,1,0,0,0,1,0,0,1,-0.32619281568165726,-0.3667090098820611,1,0,0,0,1,0,0,0,0,1
1,0,0,0,-0.9559778674420595,1,1,0,0,0,0,0,0,1,0.3756388686759344,-0.7097225244146735,0,1,0,1,0,0,0,0,1,0
0,0,0,0,-1.1188008067964355,1,0,0,0,0,0,0,0,1,-1.4743429943470319,-0.9646172391179157,0,0,1,1,0,0,0,0,0,1
1,0,1,1,1.1607203441648277,0,0,1,0,1,0,0,0,0,-1.0396387359506039,-0.08083880276246577,1,0,0,1,0,0,1,0,0,0
0,0,1,0,1.5677776925507676,1,1,1,0,1,0,1,1,1,1.2998002119080347,2.243991546198698,0,1,0,0,1,0,0,1,0,0
0,0,1,1,1.1200146093262338,1,0,0,0,0,0,0,0,1,-1.5158224083161567,-0.5260209506797039,0,0,1,0,0,1,0,1,0,0
1,0,0,0,0.9164859351332638,1,0,1,0,1,1,0,0,1,-0.19014033786292786,0.3839692064022704,1,0,0,0,0,1,0,0,1,0
0,1,1,1,1.1200146093262338,1,0,1,1,1,1,0,1,1,0.3291819250305144,0.9461820772618036,1,0,0,0,1,0,0,1,0,0
0,0,0,0,-0.10115743583158582,1,0,1,1,1,1,1,1,0,0.6776090023711627,0.1005796730197749,1,0,0,0,1,0,1,0,0,0
0,0,1,0,0.346605647392948,1,1,1,1,1,1,1,1,1,1.6150437580733834,1.007035418848005,0,1,0,1,0,0,1,0,0,0
0,0,0,0,-0.8745663977648716,1,0,1,0,0,1,0,0,1,-0.34278458126930716,-0.7391393634209904,1,0,0,0,1,0,0,0,0,1
1,1,0,0,0.22448844287716607,1,0,0,1,1,1,1,0,1,0.1732193285066055,0.08606882930098719,1,0,0,0,1,0,0,1,0,0
0,1,0,0,-1.2409180113122174,1,0,0,0,0,0,0,0,0,-0.6961891882862504,-0.9730471392510694,1,0,0,1,0,0,0,0,1,0
1,0,1,1,1.6084834273893616,1,1,1,1,0,1,0,1,1,1.089084788944881,2.0593020935418744,0,1,0,0,0,1,0,1,0,0
0,0,1,1,0.346605647392948,1,1,1,1,1,0,0,1,1,1.2168413839697851,0.7153257496570066,0,1,0,0,1,0,1,0,0,0
0,0,0,0,-1.2816237461508113,1,1,0,0,0,0,1,1,1,0.9596690173612115,-0.9692053878883041,0,1,0,1,0,0,0,0,1,0
1,0,0,1,-1.2409180113122174,1,0,0,0,0,0,0,0,0,-1.477661347464562,-0.9915753572520629,0,0,1,1,0,0,0,0,0,1
1,0,1,1,0.590840056424512,1,1,0,1,0,0,1,1,1,1.1421784388253606,1.0747380542923939,0,1,0,1,0,0,0,0,1,0
0,1,0,0,-0.8745663977648716,1,0,0,1,0,0,1,1,1,0.9978300782128064,-0.5185350237385441,0,1,0,1,0,0,0,0,1,0
1,0,0,0,-1.2816237461508113,0,0,0,0,0,0,0,0,1,-1.3449272227633626,-0.9996979172761952,1,0,0,1,0,0,0,0,1,0
1,0,1,1,-1.1188008067964355,1,0,0,0,0,0,0,0,0,-1.5091857020810966,-0.9726300348173976,0,0,1,1,0,0,0,0,0,1
0,0,1,0,1.1200146093262338,0,0,1,1,1,0,0,1,0,-0.4937696481169216,0.2679044095168994,1,0,0,0,1,0,0,0,1,0
0,0,0,0,0.7129572609402939,1,0,0,0,0,0,0,0,0,-1.5108448786398618,-0.5608381944588221,0,0,1,0,0,1,0,1,0,0
1,0,0,0,0.9571916699718578,1,1,1,1,0,0,0,0,1,0.712451710105228,1.150804731275146,0,1,0,1,0,0,0,0,1,0
0,0,0,0,0.22448844287716607,1,0,1,1,1,0,0,0,1,0.6294928821669784,0.4093247653965211,0,1,0,1,0,0,0,1,0,0
1,0,1,0,0.8757802002946699,1,1,1,1,1,0,1,1,0,1.4806504568134191,1.6761587419170627,0,1,0,1,0,0,0,0,1,0
1,0,0,0,0.631545791263106,1,1,0,1,1,0,1,1,1,1.3661672742586346,1.221229521970866,0,1,0,0,1,0,0,1,0,0
1,0,0,0,-1.1595065416350294,1,1,0,0,0,0,0,1,1,0.6875640617237531,-0.8616143968659468,0,1,0,1,0,0,0,0,1,0
1,0,1,0,-1.2816237461508113,1,0,0,0,1,0,0,0,0,0.3457736906181643,-0.9773279479124364,0,1,0,1,0,0,0,1,0,0
0,1,1,0,-0.1825689055087738,1,1,0,1,1,1,1,1,1,1.5237890473413087,0.39650429227735023,0,1,0,1,0,0,0,0,1,0
1,0,0,0,-0.9152721326034655,1,1,1,0,0,0,1,1,0,1.1156316138851208,-0.5675996768572891,0,1,0,1,0,0,0,0,1,0
1,0,1,1,-0.5896262538947137,1,0,0,0,0,0,0,0,0,-1.497571466169742,-0.8601216020507009,0,0,1,0,1,0,1,0,0,0
1,0,1,1,1.4049547531963917,1,1,1,0,0,1,1,1,0,1.3163919774956847,2.01282787848488,0,1,0,0,0,1,1,0,0,0
1,0,0,0,-1.2816237461508113,1,0,0,0,0,0,0,0,1,0.1781968581829002,-0.9795451872703751,0,1,0,1,0,0,0,0,1,0
1,0,1,1,1.3642490183577978,1,0,1,1,1,1,0,0,0,0.03053014445281582,0.788428789874197,1,0,0,0,0,1,0,0,0,1
1,0,1,0,-0.9559778674420595,1,0,1,1,0,1,1,0,1,0.13339909109624562,-0.7496767385874322,1,0,0,1,0,0,0,0,0,1
1,0,1,1,1.4456604880349857,1,1,0,1,0,0,1,1,1,1.1985904418233704,1.9622265248210289,0,1,0,0,1,0,0,1,0,0
0,0,1,0,0.9978974048104517,1,1,0,1,1,1,1,0,0,0.32088604223668943,0.9078084693640109,1,0,0,0,1,0,1,0,0,0
0,0,1,1,-0.7524491932490895,1,1,0,0,0,1,1,0,1,0.8866652487755522,-0.439197369881209,0,1,0,1,0,0,0,0,1,0
1,1,1,1,1.3642490183577978,1,1,1,1,1,1,1,1,1,1.702980115687928,2.441567330569483,0,1,0,0,1,0,0,0,1,0
0,0,0,0,0.1023712383613841,1,1,0,0,0,0,0,0,0,-1.3814291070561924,-0.6604383426466278,0,0,1,0,0,1,1,0,0,0
1,1,0,0,-1.2002122764736234,1,1,0,0,0,0,0,0,1,0.3690021624408743,-0.9086374335461934,0,1,0,1,0,0,0,0,1,0
1,0,1,0,-0.4268033145403377,1,0,1,0,0,1,0,0,1,-0.2880317548300625,-0.44306107410890433,1,0,0,0,1,0,0,1,0,0
0,0,0,1,0.18378270803857208,1,0,0,0,0,0,0,0,0,-1.480979700582092,-0.6787470319983204,0,0,1,0,1,0,1,0,0,0
1,0,0,1,-0.22327464034736777,1,1,0,0,0,0,0,0,1,-1.2968111025591778,-0.6641922825496727,0,0,1,0,0,1,0,1,0,0
1,0,0,0,-0.9966836022806536,0,0,1,0,0,0,0,0,1,-1.1441668591527983,-0.910986390093713,1,0,0,1,0,0,0,0,1,0
1,0,1,0,1.4049547531963917,1,1,0,0,0,0,0,0,0,-1.3299946337344775,-0.3151636830262164,0,0,1,0,0,1,0,1,0,0
1,0,1,0,0.8350744654560759,1,1,1,0,1,0,0,1,0,0.9613281939199768,1.1976960507658123,0,1,0,1,0,0,0,0,1,0
0,0,1,1,1.6084834273893616,1,1,1,1,1,1,0,1,0,1.4109650413452897,2.352021594519657,0,1,0,0,0,1,0,1,0,0
1,0,0,1,-1.2002122764736234,1,1,0,0,1,0,0,1,0,0.8933019550106117,-0.8975512367564995,0,1,0,1,0,0,0,0,1,0
0,0,0,0,-1.0780950719578415,1,0,1,0,0,0,0,0,1,-0.5136797668221014,-0.8722834892219692,1,0,0,1,0,0,0,0,1,0
0,1,1,0,1.5677776925507676,1,1,1,1,1,1,0,0,1,1.042627845299461,1.9606678714109926,0,1,0,0,0,1,0,1,0,0
1,0,1,0,1.2421318138420157,1,0,0,0,0,0,0,0,0,-1.5158224083161567,-0.46701164974762943,0,0,1,0,0,1,0,0,0,1
1,0,0,0,0.8757802002946699,1,0,1,1,0,1,1,1,1,1.342938802435925,1.4673650435670034,0,1,0,0,1,0,0,1,0,0
1,0,0,0,-1.2816237461508113,1,0,0,0,0,0,0,0,1,-0.6845749523748957,-0.9909606770340205,1,0,0,1,0,0,0,0,0,1
0,0,1,1,1.1607203441648277,1,1,1,1,1,1,0,1,1,0.48016699187812906,1.1060867454125587,1,0,0,0,1,0,0,0,1,0
0,0,0,0,-0.7931549280876836,1,0,0,0,0,0,0,0,0,-1.5091857020810966,-0.908505716356613,0,0,1,1,0,0,0,1,0,0
1,0,0,0,-0.4268033145403377,1,1,0,0,0,0,0,0,1,-1.3299946337344775,-0.7937800442319773,0,0,1,1,0,0,0,1,0,0
1,0,0,0,-1.1595065416350294,1,0,0,0,0,0,0,0,1,-1.4925939364934466,-0.9843967704199245,0,0,1,1,0,0,0,0,0,1
0,0,1,1,-0.3453918448631497,0,0,1,1,1,0,1,1,0,-0.24323398774340765,-0.4098902951995426,1,0,0,0,1,0,0,0,1,0
0,1,1,0,1.5677776925507676,1,1,1,1,1,1,0,1,1,0.5896726447566184,1.5498200042444108,1,0,0,0,0,1,1,0,0,0
1,0,0,0,1.5270719577121736,1,1,1,0,0,1,1,1,1,1.296481858790505,2.1728203580953553,0,1,0,0,0,1,0,1,0,0
0,1,0,0,-0.30468611002455576,1,1,0,1,0,0,0,1,1,0.8219573629837174,-0.04995112180583293,0,1,0,1,0,0,0,0,1,0
0,0,1,1,1.6084834273893616,1,1,0,1,0,1,1,1,1,0.46523440284924406,1.5054532642207046,1,0,0,0,0,1,0,0,1,0
0,1,0,0,-1.2816237461508113,1,0,0,0,0,0,0,0,1,0.18649274097672516,-0.9794354229457246,0,1,0,1,0,0,0,0,1,0
0,0,1,1,0.9571916699718578,1,1,0,0,1,0,1,1,1,1.1571110278542456,1.4111876622109103,0,1,0,0,1,0,0,1,0,0
0,0,0,1,-0.2639803751859618,1,0,0,1,1,1,1,1,1,1.3445979789946898,0.1817613675312374,0,1,0,0,0,1,0,0,1,0
1,0,1,0,0.590840056424512,1,1,0,1,0,0,0,0,1,0.46357522629047915,0.5923018945887979,0,1,0,0,1,0,0,0,1,0
1,1,0,0,0.9978974048104517,1,1,0,1,1,0,1,1,1,0.4917812277894838,0.9382131872921817,1,0,0,0,0,1,1,0,0,0
0,0,1,1,1.5270719577121736,1,1,1,1,1,1,1,0,0,0.5233055824060188,1.456191035317589,1,0,0,0,0,1,0,0,1,0
1,0,1,1,1.6084834273893616,1,1,1,1,1,1,1,1,1,1.5818602268980835,2.5576540803197836,0,1,0,0,0,1,0,1,0,0
0,0,0,0,-1.2816237461508113,1,0,0,0,0,0,0,0,0,0.20474368312314,-0.9791939414314939,0,1,0,1,0,0,0,0,0,1
1,0,1,1,-0.7931549280876836,1,0,0,0,0,0,0,0,0,-1.4909347599346818,-0.9144549427526666,0,0,1,0,1,0,0,0,0,1
1,0,1,0,0.8350744654560759,1,0,0,1,0,0,1,1,1,0.9729424298313315,1.1268980613662811,0,1,0,0,1,0,1,0,0,0
1,0,1,1,0.26519417771576004,1,0,1,1,1,0,0,0,0,-0.17023021915774814,0.01867353396561951,1,0,0,0,1,0,0,0,1,0
0,0,1,1,-1.2816237461508113,1,0,0,0,0,0,0,0,1,0.1616050925952503,-0.979764715919676,0,1,0,1,0,0,0,0,1,0
1,1,1,0,1.2828375486806096,1,1,0,0,1,1,1,1,0,1.233433149557435,1.860343278680494,0,1,0,0,0,1,0,0,1,0
1,1,1,0,0.631545791263106,1,1,0,0,1,0,0,1,1,0.866755130070372,0.9085987725014941,0,1,0,1,0,0,0,1,0,0
1,0,0,1,-1.2816237461508113,0,0,0,0,0,0,0,0,0,-1.3333129868520075,-0.9995442472216846,1,0,0,1,0,0,0,0,1,0
1,0,0,0,-1.2816237461508113,1,0,0,0,0,0,0,1,1,0.4751894622018339,-0.9756156244478895,0,1,0,1,0,0,0,0,1,0
0,1,1,0,-1.2816237461508113,1,1,0,0,1,0,1,1,1,1.1902945590295455,-0.9661539396630219,0,1,0,1,0,0,0,0,1,0
1,0,1,0,1.3235432835192036,1,1,0,1,0,0,0,1,1,0.8534817176002523,1.593637922644865,0,1,0,1,0,0,0,0,1,0
1,0,0,0,-1.1595065416350294,1,0,1,1,0,1,0,1,1,0.9945117250952766,-0.852108806351219,0,1,0,1,0,0,0,0,0,1
0,0,1,0,0.9164859351332638,1,0,1,0,0,0,1,1,1,0.9895341954189815,1.3060992977905832,0,1,0,0,1,0,0,0,1,0
1,0,1,0,0.6722515261016999,1,1,1,0,0,0,0,0,1,-0.3178969328878323,0.14604405628998535,1,0,0,0,1,0,0,0,1,0
0,0,1,1,-0.06045170099299184,1,0,0,0,0,0,0,0,1,-1.5058673489635668,-0.7210941084484587,0,0,1,1,0,0,0,0,0,1
0,0,1,1,1.6084834273893616,1,1,1,1,1,1,1,1,1,1.7228902343931078,2.7117851449939265,0,1,0,0,0,1,1,0,0,0
0,0,1,1,-0.10115743583158582,1,1,0,0,1,0,1,1,1,1.1654069106480704,0.3270234747736243,0,1,0,1,0,0,0,0,1,0
0,0,1,0,1.6084834273893616,0,0,0,1,1,0,1,1,1,-0.3560579937394271,0.7183552450173585,1,0,0,0,0,1,0,0,1,0
0,0,0,1,-0.9559778674420595,1,0,1,0,1,1,0,1,0,0.9314630158622067,-0.6283213012539102,0,1,0,1,0,0,1,0,0,0
0,0,0,0,-0.9966836022806536,1,1,0,0,1,0,1,1,1,1.152133498177951,-0.650164401859347,0,1,0,1,0,0,0,0,1,0
0,0,1,1,1.0793088744876398,1,1,0,1,1,0,1,1,1,1.3678264508173998,1.736419356150152,0,1,0,0,1,0,0,0,1,0
0,0,0,0,-0.4268033145403377,1,0,0,1,0,0,0,1,1,0.642766294637098,-0.19567423921175175,0,1,0,1,0,0,0,0,0,1
1,1,0,0,1.2014260790034217,1,1,0,1,1,1,1,1,1,1.520470694223779,2.0864138817305324,0,1,0,0,1,0,1,0,0,0
0,1,1,0,-1.2816237461508113,1,0,0,0,0,0,0,0,0,-0.6281629493768859,-0.9902142796263975,1,0,0,1,0,0,0,0,1,0
0,0,0,0,-1.2816237461508113,1,0,0,1,0,0,0,0,1,0.3242043953542197,-0.9776133351565276,0,1,0,1,0,0,0,0,1,0
0,0,1,1,1.5677776925507676,1,0,0,0,0,0,0,0,0,-1.4959122896109767,-0.42806726736165485,0,0,1,0,0,1,1,0,0,0
0,0,0,0,-0.38609757970174374,1,1,0,0,0,0,0,0,0,-1.3316538102932427,-0.7402370066674947,0,0,1,0,1,0,0,1,0,0
0,0,0,0,1.4049547531963917,1,1,1,0,1,1,1,1,1,0.6742906492536329,1.4984503003080067,1,0,0,0,0,1,0,0,0,1
1,0,0,0,-0.2639803751859618,1,0,0,0,0,0,0,0,0,-1.497571466169742,-0.8096300127115004,0,0,1,0,1,0,0,1,0,0
1,0,1,1,1.2014260790034217,1,1,0,0,1,0,1,0,1,0.8020472442785371,1.365613514616049,0,1,0,0,0,1,0,1,0,0
0,0,0,0,-1.2409180113122174,1,0,0,0,0,0,0,0,0,-1.4793205240233267,-0.9905216197354186,0,0,1,1,0,0,0,0,0,1
1,1,0,0,-1.2816237461508113,1,0,0,0,0,0,0,0,0,-0.6945300117274855,-0.9910923942236011,1,0,0,1,0,0,0,0,1,0
0,0,0,0,-1.2409180113122174,1,0,0,0,0,0,0,0,0,-1.4760021709057967,-0.995131721370737,0,0,1,0,1,0,0,0,0,1
1,1,1,0,1.5677776925507676,0,0,0,1,1,0,1,1,1,-0.41910670297249697,0.642661766738418,1,0,0,1,0,0,1,0,0,0
1,0,1,1,-0.7931549280876836,1,0,0,0,1,0,1,1,1,1.0525829046520514,-0.49985313568303996,0,1,0,1,0,0,0,0,0,1
0,0,1,1,1.5677776925507676,1,1,1,1,1,1,0,0,1,1.0028076078891015,1.9623801948755397,0,1,0,0,1,0,0,1,0,0
0,0,0,0,1.6084834273893616,1,1,0,1,1,1,1,1,1,1.4308751600504692,2.417133791902296,0,1,0,0,0,1,0,1,0,0
1,0,1,0,0.14307697319997809,1,0,1,0,0,0,1,1,1,0.9513731345673865,0.4674779045963222,0,1,0,1,0,0,0,0,1,0
1,1,1,0,-0.5489205190561197,1,0,1,0,1,0,1,0,0,0.04878108659923111,-0.4457612764953051,1,0,0,1,0,0,1,0,0,0
1,0,1,0,0.8757802002946699,1,0,1,1,0,0,1,1,1,0.3192268656779245,0.8298757988622014,1,0,0,0,0,1,1,0,0,0
0,1,1,0,1.4049547531963917,1,1,1,1,1,1,0,1,1,1.342938802435925,2.0786206146803514,0,1,0,0,1,0,0,1,0,0
0,0,1,1,1.1200146093262338,1,1,1,1,0,0,1,0,0,0.9696240767138018,1.5413022926515372,0,1,0,0,1,0,1,0,0,0
1,0,1,1,1.0386031396490458,0,0,1,1,1,0,1,0,0,-0.4954288246756865,0.27157053796022396,1,0,0,0,1,0,0,0,0,1
0,0,1,1,-0.10115743583158582,1,0,0,0,0,0,0,0,0,-1.5008898192872717,-0.7473058291749828,0,0,1,0,0,1,0,0,0,1
0,0,0,0,1.6084834273893616,1,1,1,1,0,0,0,0,0,-0.17188939571651304,0.8621684631743597,1,0,0,0,0,1,1,0,0,0
0,0,1,1,1.3235432835192036,1,1,1,0,1,0,1,1,1,1.3064369181430948,1.9423811349242301,0,1,0,0,0,1,0,1,0,0
0,1,1,0,0.631545791263106,1,0,0,1,0,0,0,1,1,-0.19843622065675282,0.21442723054720697,1,0,0,0,1,0,1,0,0,0
0,1,0,0,-1.1595065416350294,1,1,0,0,0,0,0,0,1,0.33084110158927976,-0.8691442295369667,0,1,0,1,0,0,0,0,1,0
0,0,1,1,-1.1188008067964355,1,0,0,0,0,0,1,0,1,0.5282831120823135,-0.8540626113299968,0,1,0,1,0,0,0,0,1,0
1,0,1,0,1.1607203441648277,0,0,1,0,1,1,1,1,1,-0.09224892089579345,0.6487207574591219,1,0,0,0,0,1,0,0,0,1
1,0,0,0,-0.9559778674420595,1,0,0,0,0,1,1,0,0,0.7074741804289328,-0.6721172667894342,0,1,0,1,0,0,0,0,1,0
0,1,0,0,-1.2816237461508113,1,1,0,0,0,0,1,0,1,0.689223238282518,-0.9727837048719084,0,1,0,1,0,0,0,0,1,0
1,0,1,1,-0.38609757970174374,1,0,0,1,1,1,0,0,0,0.7257251225753476,-0.15828851023581333,0,1,0,0,1,0,0,0,0,1
0,0,0,0,-1.2816237461508113,1,0,0,0,0,0,0,0,0,-1.5025489958460367,-1.0017834394445535,0,0,1,1,0,0,0,0,0,1
0,0,0,0,-0.1825689055087738,0,0,0,0,1,0,0,0,1,-1.1673953309755083,-0.6632483093576789,1,0,0,1,0,0,0,0,0,1
1,0,0,0,-0.8338606629262776,1,0,0,0,1,0,1,1,0,1.0210585500355165,-0.49056707381761305,0,1,0,0,1,0,0,0,1,0
1,0,1,0,1.6084834273893616,1,0,0,0,0,0,0,0,0,-1.5141632317573919,-0.43752895214652243,0,0,1,0,0,1,0,1,0,0
0,0,1,1,-1.2816237461508113,1,0,0,1,0,0,0,0,1,0.3242043953542197,-0.9776133351565276,0,1,0,1,0,0,0,0,1,0
1,0,0,0,1.5677776925507676,1,1,1,1,1,1,1,1,1,1.704639292246693,2.6379576602340427,0,1,0,0,1,0,1,0,0,0
0,0,0,0,-0.4268033145403377,1,1,1,0,0,1,0,0,1,-0.19511786753922303,-0.46005259156479184,1,0,0,1,0,0,0,0,0,1
1,0,1,1,-0.06045170099299184,1,0,0,0,0,0,0,0,1,-1.469365464670737,-0.7021707388787235,0,0,1,1,0,0,0,0,1,0
0,0,1,0,0.5501343215859179,1,0,0,1,0,1,1,0,1,-0.024222681986428636,0.31093202477987036,1,0,0,0,0,1,0,1,0,0
0,0,1,0,-0.6710377235719016,1,1,0,0,0,0,1,0,1,0.6643355899010431,-0.4052801935642243,0,1,0,1,0,0,0,0,1,0
1,1,0,0,0.26519417771576004,1,1,0,0,0,0,1,1,1,1.0193993734767515,0.6400274229468075,0,1,0,1,0,0,1,0,0,0
1,0,0,0,0.8757802002946699,0,0,1,1,0,0,0,1,0,-0.6215262431418258,0.057354481972433105,1,0,0,0,0,1,1,0,0,0
0,0,1,0,-0.7524491932490895,1,1,1,0,0,0,1,0,1,-0.007630916398778715,-0.5972579973778368,1,0,0,1,0,0,1,0,0,0
1,0,0,1,0.6722515261016999,1,1,1,1,1,0,1,1,1,1.4690362209020642,1.3123997700255179,0,1,0,0,1,0,0,1,0,0
0,0,0,0,-0.7117434584104956,1,1,0,0,0,0,0,0,0,-1.3233579274994176,-0.8483548664481741,0,0,1,0,0,1,1,0,0,0
1,0,0,1,0.7943687306174818,1,0,0,0,0,0,0,0,0,-1.5025489958460367,-0.6027901193402188,0,0,1,0,1,0,0,1,0,0
0,0,1,1,-1.0780950719578415,1,0,0,0,0,0,0,0,0,-1.4876164068171518,-0.9663515154473928,0,0,1,0,0,1,0,0,0,1
0,0,1,0,-1.2002122764736234,1,1,0,0,0,0,1,1,1,1.0044667844478665,-0.8818329854665571,0,1,0,1,0,0,0,0,1,0
1,1,1,0,-1.0780950719578415,1,0,0,1,0,0,0,1,1,0.6394479415195682,-0.7824743187929823,0,1,0,1,0,0,0,0,1,0
1,0,0,0,-1.2816237461508113,1,0,0,0,0,0,0,1,0,0.4868036981131887,-0.975461954393379,0,1,0,1,0,0,0,0,1,0
0,0,0,0,-0.7524491932490895,1,0,1,0,0,1,0,0,0,-0.3062826969764773,-0.6612945043789011,1,0,0,0,1,0,0,0,0,1
1,0,1,1,0.590840056424512,1,0,0,0,0,0,0,0,0,-1.4892755833759168,-0.5926259428775884,0,0,1,0,1,0,0,0,0,1
1,1,1,0,-1.2002122764736234,0,0,0,0,0,0,1,0,1,-0.9450656721009992,-0.9692712464830945,1,0,0,1,0,0,0,0,0,1
1,0,0,0,-1.2816237461508113,1,0,0,0,0,1,0,0,0,-0.5286123558509863,-0.9888971077305924,1,0,0,1,0,0,0,1,0,0
0,0,1,0,1.5677776925507676,1,1,0,0,0,0,0,0,0,-1.3233579274994176,-0.1877492549719903,0,0,1,0,0,1,0,1,0,0
0,0,0,0,-1.2409180113122174,1,0,0,0,0,0,0,0,1,0.1582867394777205,-0.951050368591122,0,1,0,1,0,0,0,0,1,0
1,0,0,0,-0.7931549280876836,1,0,0,0,0,0,0,0,1,-1.4925939364934466,-0.8975731896214296,0,0,1,0,1,0,0,0,0,1
0,0,1,1,0.8757802002946699,1,1,0,1,1,1,1,1,1,0.7058150038701679,0.9759062563771416,1,0,0,1,0,0,0,0,1,0
0,0,0,0,-1.1188008067964355,1,0,1,0,1,0,0,0,0,-0.3029643438589475,-0.8785181028621138,1,0,0,1,0,0,0,1,0,0
0,0,0,0,-0.4268033145403377,0,0,0,1,0,0,1,1,1,-0.48381458876433153,-0.5279528027935516,1,0,0,1,0,0,0,0,1,0
1,1,1,0,-0.7931549280876836,1,0,0,1,1,0,1,1,1,1.097380671738706,-0.4669238382879092,0,1,0,1,0,0,0,0,1,0
1,1,0,0,-1.1595065416350294,1,0,0,0,0,0,0,0,1,0.18981109409425545,-0.8813939281679554,0,1,0,1,0,0,0,0,1,0
1,0,1,0,0.631545791263106,1,1,1,1,1,0,1,1,1,1.543699166046489,1.3232225324360511,0,1,0,1,0,0,1,0,0,0
1,0,1,1,-0.1418631706701798,1,0,0,0,0,0,0,0,1,-1.469365464670737,-0.7228942433727258,0,0,1,1,0,0,0,0,0,1
0,0,1,1,-0.7931549280876836,1,0,0,0,0,0,0,0,0,-1.5307549973450416,-0.9000977690883896,0,0,1,1,0,0,0,0,0,1
1,0,0,0,-1.2816237461508113,1,1,0,1,0,1,0,0,0,-0.16027515980515805,-0.984023571716113,1,0,0,1,0,0,0,0,0,1
0,0,1,1,1.5677776925507676,1,1,1,1,1,1,1,1,0,0.8285940692187774,1.7743978124792028,1,0,0,0,0,1,1,0,0,0
1,0,1,0,1.6084834273893616,1,1,1,1,0,1,1,1,1,1.4939238692835393,2.4372426161782554,0,1,0,0,0,1,0,1,0,0
1,0,0,0,1.2828375486806096,1,1,0,1,1,1,1,1,0,0.7174292397815226,1.4626012718771746,1,0,0,0,0,1,0,1,0,0
1,0,0,0,0.5501343215859179,0,0,1,0,1,1,1,1,1,-0.1387058645412132,0.2599574724122079,1,0,0,0,0,1,1,0,0,0
0,0,1,1,0.387311382231542,1,0,0,0,1,1,1,1,1,1.1770211465594258,0.879138027765317,0,1,0,0,0,1,0,0,1,0
1,1,0,0,-0.4675090493789317,1,1,0,1,1,0,1,1,1,1.3080960947018598,-0.012938591533706046,0,1,0,1,0,0,0,0,1,0
0,0,0,0,-0.30468611002455576,1,1,0,0,0,0,1,0,1,0.6527213539896879,-0.09363732301670645,0,1,0,1,0,0,0,0,0,1
1,0,1,1,-0.3453918448631497,1,0,0,0,0,0,0,0,0,-1.4826388771408567,-0.8173354683019609,0,0,1,0,1,0,0,0,0,1
0,0,1,1,0.346605647392948,0,0,1,0,1,0,0,0,0,-0.9799083798350643,-0.3902863868169747,1,0,0,0,1,0,0,1,0,0
1,0,0,0,0.9571916699718578,1,1,1,1,0,1,0,0,1,-0.009290092957543614,0.5989755655275445,1,0,0,0,1,0,1,0,0,0
1,0,0,0,-1.2816237461508113,0,0,0,0,0,0,0,0,0,-1.3449272227633626,-0.9996979172761952,1,0,0,1,0,0,0,0,0,1
1,0,0,0,-1.2816237461508113,0,0,0,0,0,0,0,0,1,-1.3499047524396575,-0.9997637758709854,1,0,0,1,0,0,0,0,1,0
0,0,0,0,-0.06045170099299184,1,0,0,0,0,0,0,0,0,-1.459410405318147,-0.7104250160924362,0,0,1,0,1,0,0,0,0,1
1,0,1,1,1.0386031396490458,1,1,0,0,1,1,0,1,0,0.9762607829488613,1.4323502240035142,0,1,0,0,0,1,1,0,0,0
1,0,0,0,-1.0780950719578415,1,0,1,0,0,0,0,1,1,-0.191799514421693,-0.8625803229228706,1,0,0,1,0,0,1,0,0,0
1,0,1,1,-0.6303319887333076,1,0,1,0,1,0,1,0,1,0.8120023036311275,-0.33450415702962316,0,1,0,1,0,0,0,0,1,0
0,1,0,0,0.5094285867473239,1,1,1,1,0,1,1,0,1,1.065856317122171,0.9148772918714991,0,1,0,1,0,0,0,0,1,0
0,1,0,0,1.0793088744876398,1,1,0,1,0,0,0,0,1,0.473530285643069,1.0050157552744372,0,1,0,0,0,1,0,1,0,0
0,1,0,0,-1.2409180113122174,1,0,0,0,0,0,0,0,1,0.17985603474166512,-0.9493599979915052,0,1,0,1,0,0,0,0,1,0
1,0,1,0,-1.1595065416350294,1,1,0,0,1,0,1,0,0,0.02223426165899086,-0.9006026849817816,1,0,0,1,0,0,0,0,1,0
0,0,0,0,-0.5896262538947137,1,1,0,0,0,0,0,0,1,0.30595345320780487,-0.419549555768781,0,1,0,1,0,0,0,0,1,0
0,1,0,0,-0.5896262538947137,1,0,0,0,0,0,0,0,0,-1.4793205240233267,-0.8481353377988733,0,0,1,0,1,0,1,0,0,0
0,0,0,0,-1.2816237461508113,0,0,0,0,1,1,0,0,0,-0.9633166142474143,-0.9946487583422751,1,0,0,1,0,0,0,0,0,1
1,0,1,0,0.387311382231542,1,1,1,0,1,0,0,1,1,0.9779199595076267,0.752228515604483,0,1,0,1,0,0,0,0,1,0
1,0,0,0,-0.5082147842175256,1,1,0,0,0,0,1,0,1,0.6742906492536329,-0.24886603093735307,0,1,0,1,0,0,0,0,1,0
0,0,1,0,1.4863662228735797,1,1,0,1,1,0,0,0,1,0.6792681789299281,1.5665919930509975,0,1,0,1,0,0,1,0,0,0
0,0,1,0,-1.2816237461508113,1,0,0,0,0,0,1,0,1,-0.3195561094465974,-0.9861310467494012,1,0,0,1,0,0,0,0,0,1
1,0,0,0,-0.5082147842175256,1,0,0,0,0,0,0,0,0,-1.5108448786398618,-0.8280265135229133,0,0,1,1,0,0,0,0,0,1
0,0,1,0,1.0386031396490458,1,1,1,1,1,0,1,1,1,1.4773321036958893,1.6873986087612673,0,1,0,0,0,1,1,0,0,0
0,0,1,0,1.6084834273893616,1,1,1,1,1,1,0,0,1,0.9729424298313315,1.997021815735217,0,1,0,0,0,1,1,0,0,0
0,0,1,1,-0.5489205190561197,1,0,0,0,1,0,0,0,1,-0.5087022371458064,-0.5876426425384585,1,0,0,1,0,0,1,0,0,0
0,0,0,0,-0.6710377235719016,1,1,0,0,1,0,0,1,1,0.008960849188871207,-0.5523204828659484,1,0,0,1,0,0,0,1,0,0
0,0,0,0,-0.8338606629262776,1,1,0,0,0,0,1,1,1,0.9712832532725666,-0.5511130752947936,0,1,0,1,0,0,0,0,1,0
1,0,1,1,-1.2816237461508113,1,0,0,0,0,0,1,1,1,0.8352307754538371,-0.9708518527580606,0,1,0,1,0,0,0,0,1,0
0,0,0,0,-1.2816237461508113,1,0,0,1,1,0,0,0,1,0.5763992322864984,-0.9742764996871541,0,1,0,1,0,0,0,0,1,0
1,1,0,0,1.6084834273893616,1,1,0,0,0,0,0,0,0,-1.3117436915880627,-0.21600259213701256,0,0,1,0,0,1,1,0,0,0
0,0,0,1,-0.2639803751859618,1,1,0,0,0,0,0,0,1,-0.5120205902633365,-0.4547180453867806,1,0,0,1,0,0,0,0,0,1
0,0,1,1,-1.1595065416350294,1,0,0,0,1,0,0,0,1,0.2926800407376848,-0.8675197175321402,0,1,0,1,0,0,0,0,1,0
1,0,1,1,-0.3453918448631497,1,1,1,0,1,1,1,1,1,0.659358060224748,-0.13646736249530664,1,0,0,0,1,0,0,0,0,1
0,0,0,0,0.7129572609402939,1,0,0,0,0,0,0,0,1,-1.5125040551986266,-0.5568647259064764,0,0,1,0,1,0,0,0,0,1
1,0,0,0,0.7536629957788878,1,0,1,0,0,0,1,0,0,0.7107925335464625,0.8631124363663534,0,1,0,0,1,0,0,0,0,1
1,0,1,1,1.6084834273893616,1,1,1,1,1,1,0,1,0,1.2948226822317401,2.290290138336252,0,1,0,0,0,1,0,1,0,0
0,0,1,1,1.5270719577121736,0,0,0,1,1,1,1,1,1,-0.21668716280316785,0.7954976123816848,1,0,0,0,1,0,1,0,0,0
0,0,1,0,1.5270719577121736,1,1,0,0,1,1,1,1,1,1.3064369181430948,2.145752475636558,0,1,0,0,0,1,1,0,0,0
0,1,0,0,-0.7117434584104956,1,0,0,0,0,0,1,1,1,0.881687719099257,-0.3955989801300559,0,1,0,1,0,0,0,0,1,0
0,0,0,0,0.590840056424512,1,1,1,0,1,0,1,0,0,0.9945117250952766,1.0159482820096206,0,1,0,0,1,0,0,1,0,0
1,0,0,0,1.2421318138420157,1,0,1,1,1,1,1,1,1,0.7224067694578178,1.3207638115638811,1,0,0,0,0,1,1,0,0,0
0,0,0,0,1.2828375486806096,1,1,1,1,1,1,1,1,1,1.664819054836333,2.2096572654480418,0,1,0,0,0,1,1,0,0,0
0,1,0,0,1.0793088744876398,1,1,1,1,1,0,0,0,1,0.8236165395424823,1.4030431493218478,0,1,0,1,0,0,0,0,1,0
0,0,0,1,-1.2816237461508113,1,1,0,0,0,0,0,0,0,-1.3582006352334823,-0.9998735401956359,0,0,1,1,0,0,0,0,0,1
1,0,0,0,0.30589991255435406,1,1,0,0,0,0,1,0,1,0.6626764133422782,0.4687950764921274,0,1,0,1,0,0,0,0,1,0
1,0,1,0,0.9164859351332638,1,1,0,0,0,0,0,0,0,-1.3017886322354726,-0.37656584623567024,0,0,1,0,0,1,1,0,0,0
1,0,0,0,0.7129572609402939,1,0,0,0,0,0,0,0,0,-1.4859572302583868,-0.576161294180023,0,0,1,0,1,0,0,1,0,0
0,1,1,1,1.3235432835192036,1,1,0,1,1,0,1,1,1,1.4109650413452897,2.083845396533712,0,1,0,0,1,0,0,0,1,0
1,0,0,0,1.4456604880349857,1,1,0,0,0,0,0,0,0,-1.3399496930870676,-0.28271734865954745,0,0,1,0,0,1,0,0,0,1
0,0,0,0,-1.2409180113122174,1,0,1,0,0,0,1,1,1,0.19312944721178524,-0.9459133981974815,1,0,0,1,0,0,0,0,1,0
1,1,1,0,1.2421318138420157,1,0,1,1,1,1,1,1,1,0.6328112352845081,1.3295669104008463,1,0,0,0,1,0,1,0,0,0
0,0,1,1,1.4049547531963917,1,1,0,0,1,1,1,1,1,1.3512346852297499,1.9391321109145772,0,1,0,0,0,1,1,0,0,0
0,1,0,0,1.1200146093262338,1,1,0,0,1,1,1,1,1,1.3628489211411048,1.817732767851195,0,1,0,0,1,0,0,0,1,0
1,1,0,0,1.4049547531963917,1,1,1,1,0,1,0,0,1,-0.01260844607507388,0.8556265094251939,1,0,0,0,0,1,1,0,0,0
0,0,1,0,1.2014260790034217,1,1,1,1,1,1,1,1,0,1.6266579939847385,2.01530855222198,0,1,0,0,0,1,0,0,0,1
1,0,0,0,1.0793088744876398,1,0,0,0,1,0,0,1,1,-0.11879574583603324,0.5901724666905794,1,0,0,0,1,0,1,0,0,0
1,0,0,0,-0.06045170099299184,0,0,0,0,1,0,1,1,1,-0.4937696481169216,-0.3415510266721811,1,0,0,0,1,0,0,0,1,0
0,1,1,0,1.4863662228735797,1,1,0,1,0,1,1,1,0,1.342938802435925,2.0625291646865973,0,1,0,0,0,1,0,1,0,0
0,0,0,0,-1.1595065416350294,1,0,0,0,0,0,1,0,0,-0.3129194032115374,-0.9105912385249714,1,0,0,1,0,0,0,1,0,0
0,0,0,0,-1.2816237461508113,1,0,0,1,0,0,1,0,0,0.642766294637098,-0.9733983850899507,0,1,0,1,0,0,0,0,1,0
0,0,0,0,-0.1825689055087738,1,0,1,1,0,0,0,0,0,-0.29466846106512257,-0.34188031964613247,1,0,0,1,0,0,0,0,1,0
0,0,1,0,1.4456604880349857,1,1,1,1,0,0,0,0,1,0.6560397071072182,1.4970672698174115,0,1,0,0,0,1,1,0,0,0
1,0,0,0,-0.8338606629262776,1,0,0,0,0,0,0,0,0,-1.4760021709057967,-0.8982976341641226,0,0,1,1,0,0,0,0,0,1
0,1,1,0,1.3235432835192036,1,0,0,1,1,1,1,1,1,1.3578713914648095,1.9424689463839504,0,1,0,0,0,1,0,1,0,0
0,0,0,0,-1.2002122764736234,1,0,0,1,0,1,1,1,1,1.0940623186211762,-0.871976149112948,0,1,0,1,0,0,0,0,1,0
1,0,1,1,-0.8745663977648716,1,0,0,0,0,0,1,0,1,0.48348534499565887,-0.6290896515264632,0,1,0,1,0,0,1,0,0,0
1,0,1,1,0.590840056424512,1,1,0,1,0,0,0,0,0,-0.3543988171806622,0.10400431994886838,1,0,0,1,0,0,0,0,1,0
1,0,0,0,-0.30468611002455576,1,1,0,0,0,0,0,0,0,-1.3150620447055927,-0.7134545114527884,0,0,1,0,1,0,1,0,0,0
1,0,0,0,-1.2816237461508113,1,1,0,0,0,0,0,0,1,-0.5020655309107466,-0.9885458618917108,1,0,0,1,0,0,0,1,0,0
1,0,0,0,1.2421318138420157,1,1,0,1,1,0,1,1,1,1.32136950717198,1.8594871169482208,0,1,0,0,0,1,1,0,0,0
0,1,1,0,-0.4268033145403377,1,1,0,0,0,0,0,0,0,-1.3051069853530026,-0.7694562698894407,0,0,1,0,1,0,1,0,0,0
1,0,1,0,1.1200146093262338,0,0,0,1,1,1,1,1,1,-0.15695680668762801,0.5624679511488094,1,0,0,1,0,0,1,0,0,0
0,0,0,0,-1.2816237461508113,1,0,0,1,0,0,0,0,0,-0.4771778825292717,-0.9882165689177596,1,0,0,1,0,0,0,0,1,0
0,0,1,1,1.2014260790034217,1,0,0,1,1,0,1,1,1,1.1687252637656007,1.7483178089422595,0,1,0,1,0,0,0,0,1,0
1,1,0,0,0.590840056424512,1,1,0,0,0,0,1,0,1,0.7008374741938728,0.6868089781128232,0,1,0,1,0,0,0,1,0,0
1,1,1,0,1.6084834273893616,1,1,0,1,1,1,1,1,1,1.4872871630484792,2.4724111057962554,0,1,0,0,0,1,1,0,0,0
0,0,1,0,-0.2639803751859618,1,0,0,1,1,1,1,1,0,0.5631258198163787,-0.097808367353423,1,0,0,1,0,0,1,0,0,0
0,0,1,0,-0.8745663977648716,1,1,0,0,1,0,1,1,1,1.1471559685016557,-0.5463493036049646,0,1,0,1,0,0,0,0,1,0
0,1,1,0,1.5270719577121736,1,1,1,1,1,1,1,1,1,1.6167029346321486,2.3767624732958654,0,1,0,0,0,1,0,0,1,0
0,0,0,1,0.428017117070136,1,0,1,1,0,0,0,1,1,-0.0325185647802536,0.19131086377582532,1,0,0,1,0,0,0,0,1,0
0,0,1,0,1.4863662228735797,1,1,0,0,0,0,0,0,1,-1.2818785135302928,-0.23611141641297242,0,0,1,0,1,0,0,0,1,0
1,0,1,1,1.6084834273893616,1,1,1,1,1,1,1,1,1,1.6283171705435033,2.5429456608166254,0,1,0,0,0,1,0,0,1,0
1,0,1,1,1.1200146093262338,1,1,0,1,0,1,1,1,1,1.28818597599668,1.6107392044254027,0,1,0,1,0,0,1,0,0,0
0,0,0,0,-0.7931549280876836,1,0,0,0,0,0,0,0,1,0.1732193285066055,-0.6210988086919115,0,1,0,1,0,0,0,0,0,1
1,0,1,0,1.0793088744876398,0,0,0,1,0,0,0,1,1,-0.7924214286946202,0.06646492091841928,1,0,0,1,0,0,1,0,0,0
1,0,0,0,1.4049547531963917,1,0,1,0,1,0,0,1,0,0.020575085100225963,0.9045594453543582,1,0,0,0,0,1,1,0,0,0
1,0,1,1,-0.8338606629262776,1,0,0,0,0,0,0,0,0,-1.4743429943470319,-0.8982317755693322,0,0,1,1,0,0,0,0,0,1
1,0,0,0,-1.2002122764736234,1,1,0,0,0,0,0,0,0,-0.4821554122055666,-0.9501503011289885,1,0,0,1,0,0,1,0,0,0
0,0,0,0,-1.2816237461508113,1,0,0,0,0,0,0,0,0,-0.6497322446408307,-0.9904996668704887,1,0,0,1,0,0,0,0,0,1
1,0,1,1,0.5094285867473239,1,0,1,1,1,1,1,1,1,0.6444254711958629,0.6834940955083801,1,0,0,0,0,1,0,0,0,1
1,0,1,1,-0.06045170099299184,1,0,0,0,1,1,0,0,0,-0.35108046406313215,-0.28728354456500566,1,0,0,1,0,0,0,0,0,1
1,0,0,0,-1.0373893371192475,1,0,0,0,0,0,0,0,0,-1.5091857020810966,-0.9378127910382794,0,0,1,0,0,1,0,0,0,1
0,0,1,1,0.020959768684196134,1,0,0,0,0,0,0,0,0,-1.4876164068171518,-0.7560211165522274,0,0,1,0,1,0,0,0,0,1
1,0,1,1,0.30589991255435406,1,1,1,1,0,1,1,1,1,1.4989013989598339,0.9517800578189758,0,1,0,1,0,0,0,1,0,0
1,0,1,0,0.020959768684196134,1,0,0,0,1,0,1,1,1,1.0243769031530463,0.3228963361667679,0,1,0,0,1,0,0,0,1,0
0,0,1,1,-1.2816237461508113,1,0,0,0,0,0,0,0,1,-0.6829157758161306,-0.9909387241690905,1,0,0,1,0,0,1,0,0,0
0,0,1,1,1.5677776925507676,1,0,0,0,0,0,0,0,0,-1.4876164068171518,-0.40029689322509454,0,0,1,0,0,1,1,0,0,0
1,0,0,0,-1.2002122764736234,1,0,0,0,0,0,1,0,0,-0.38260481867966706,-0.9275608031159288,1,0,0,1,0,0,0,1,0,0
0,0,0,0,-0.22327464034736777,1,1,0,0,0,0,1,1,1,0.9828974891839214,0.18584460040823347,0,1,0,1,0,0,0,0,0,1
0,0,0,0,1.1607203441648277,1,1,1,1,1,1,1,1,1,1.664819054836333,2.0602021610040078,0,1,0,0,1,0,0,0,0,1
1,0,0,0,0.631545791263106,1,0,0,0,0,0,0,0,0,-1.4925939364934466,-0.5693778589166261,0,0,1,0,1,0,1,0,0,0
0,0,0,0,0.346605647392948,1,0,0,0,0,0,0,0,0,-1.4909347599346818,-0.6546427863050848,0,0,1,0,0,1,0,0,0,1
0,0,1,0,-0.9559778674420595,1,0,0,0,1,0,0,0,1,0.35904710308828447,-0.722433233209194,0,1,0,1,0,0,1,0,0,0
0,0,0,0,-0.8745663977648716,0,0,0,1,1,1,0,0,1,-0.8139907239585651,-0.8248653009729808,1,0,0,0,1,0,0,1,0,0
0,0,0,0,-1.2002122764736234,1,1,0,0,0,0,1,0,1,-0.1552976301288631,-0.9355516459504805,1,0,0,1,0,0,0,0,1,0
1,1,1,1,1.3642490183577978,1,1,1,1,1,1,1,0,0,0.48016699187812906,1.2527538360104713,1,0,0,0,0,1,0,1,0,0
1,0,0,0,1.4863662228735797,1,1,0,1,0,1,1,1,1,1.319710330613215,2.1597364505970233,0,1,0,0,1,0,1,0,0,0
1,0,1,0,0.22448844287716607,1,1,1,0,1,1,1,1,1,1.518811517665014,0.9339982372256052,0,1,0,0,1,0,0,0,1,0
1,0,0,0,-1.2816237461508113,1,0,0,0,0,0,0,0,1,0.16326426915401518,-0.979742763054746,0,1,0,1,0,0,0,0,1,0
1,0,1,1,0.631545791263106,1,1,1,1,1,1,1,1,0,1.5553134019578436,1.379663348171305,0,1,0,0,0,1,0,1,0,0
0,0,1,0,-0.5489205190561197,1,0,0,0,0,0,0,0,0,-0.6646648336697157,-0.6417564545911235,1,0,0,1,0,0,0,0,0,1
0,0,1,1,-0.6710377235719016,1,0,0,0,0,0,0,0,0,-1.5125040551986266,-0.8892750066778566,0,0,1,1,0,0,0,0,0,1
0,0,0,0,-0.5896262538947137,1,1,1,0,1,0,0,0,1,-0.14368339421750811,-0.5027070081239513,1,0,0,1,0,0,0,0,0,1
1,0,1,1,-0.30468611002455576,1,0,0,0,0,0,0,0,0,-1.4942531130522119,-0.7884894037838263,0,0,1,0,1,0,0,0,1,0
1,0,1,1,0.9164859351332638,1,0,0,1,0,1,0,0,0,0.48016699187812906,0.8505114918964833,0,1,0,1,0,0,0,0,1,0
1,0,0,0,-1.2002122764736234,1,0,0,0,0,0,0,0,1,-0.6497322446408307,-0.948284307609931,1,0,0,1,0,0,0,0,1,0
1,1,0,0,-0.9966836022806536,1,1,0,0,1,0,0,0,1,0.5415565245524336,-0.753145291246386,0,1,0,1,0,0,0,0,1,0
0,0,0,0,0.26519417771576004,1,0,0,0,0,1,0,1,0,-0.18682198474539805,-0.04046748415603531,1,0,0,0,1,0,0,0,1,0
0,0,0,0,-1.1188008067964355,1,0,0,0,0,0,0,0,0,-1.4859572302583868,-0.9586241069920022,0,0,1,1,0,0,0,0,0,1
0,0,0,0,1.1607203441648277,1,1,1,1,1,1,1,1,1,1.7809614139498826,2.2235534289487866,0,1,0,0,1,0,0,0,1,0
0,0,0,0,-1.2816237461508113,0,0,0,0,0,0,1,0,1,-0.9682941439237093,-0.9947146169370654,1,0,0,1,0,0,0,0,1,0
1,0,0,0,-1.1595065416350294,1,1,0,0,0,0,0,0,0,-1.3167212212643575,-0.96567097663456,0,0,1,1,0,0,0,0,0,1
0,0,1,0,1.2421318138420157,1,1,1,1,0,0,1,1,1,0.49012205123071895,1.0909831743406584,1,0,0,0,1,0,0,1,0,0
1,0,0,0,-0.8338606629262776,1,1,0,0,0,0,0,0,0,-1.3266762806169474,-0.8872992488341488,0,0,1,0,1,0,0,1,0,0
0,0,1,0,-1.2002122764736234,1,1,0,0,0,0,0,0,1,0.33913698438310474,-0.9152452458901498,0,1,0,1,0,0,0,1,0,0
0,0,1,1,-0.7117434584104956,1,1,0,1,1,0,1,1,1,1.3412796258771595,-0.3258108225173087,0,1,0,1,0,0,1,0,0,0
1,0,0,1,0.7129572609402939,0,0,1,1,0,0,1,0,1,-0.7260543663440205,-0.04095044718449718,1,0,0,0,1,0,1,0,0,0
1,0,1,0,0.387311382231542,1,1,0,1,1,0,1,0,1,1.0061259610066313,0.7279705998567367,0,1,0,1,0,0,1,0,0,0
0,0,1,0,-0.9152721326034655,1,0,0,0,0,0,0,0,1,-1.4925939364934466,-0.9279779075496003,0,0,1,1,0,0,1,0,0,0
1,0,1,1,0.9164859351332638,1,0,1,0,0,0,0,1,0,-0.18184445506910288,0.3756929763236276,1,0,0,0,1,0,0,1,0,0
0,0,0,0,-0.38609757970174374,1,0,1,0,0,0,0,0,1,0.3341594547068096,-0.22954750979887634,0,1,0,1,0,0,1,0,0,0
1,0,1,0,-0.9559778674420595,1,1,0,1,1,0,0,1,1,0.1367174442137754,-0.7232893949414674,1,0,0,1,0,0,0,1,0,0
0,1,1,0,1.0793088744876398,1,1,1,1,1,1,0,0,1,0.9663057235962715,1.3973354044400252,0,1,0,0,1,0,0,0,1,0
0,0,1,0,1.6084834273893616,1,0,1,1,1,1,1,1,0,0.6693131195773377,1.6921623804510961,1,0,0,0,0,1,0,0,0,1
0,0,0,0,-1.2816237461508113,1,0,0,0,0,1,1,1,1,1.026036079711811,-0.9683272732911007,0,1,0,1,0,0,0,0,1,0
0,0,1,1,-0.3453918448631497,1,0,0,0,0,0,0,0,1,-1.4544328756418519,-0.7949874518031321,0,0,1,0,0,1,0,1,0,0
0,0,1,1,1.0386031396490458,1,1,0,1,0,0,1,0,1,0.06205449906935077,0.732822183006286,1,0,0,1,0,0,1,0,0,0
1,0,1,1,-0.06045170099299184,1,1,1,1,0,1,0,1,1,0.34245533750063456,0.018958921209710683,1,0,0,0,1,0,1,0,0,0
0,0,1,0,-0.6710377235719016,1,0,0,0,0,0,0,0,0,-1.5042081724048018,-0.8723493478167594,0,0,1,1,0,0,0,0,0,1
1,0,1,0,0.18378270803857208,1,1,1,0,1,0,1,1,0,0.4751894622018339,0.26803612670648,1,0,0,0,1,0,0,0,0,1
1,0,1,1,-0.6303319887333076,1,0,0,0,0,0,0,0,1,0.13505826765501053,-0.505648692024583,0,1,0,1,0,0,0,0,1,0
1,0,1,0,0.6722515261016999,1,1,1,1,0,0,1,0,1,0.9596690173612115,1.0676911846498363,0,1,0,1,0,0,1,0,0,0
1,0,0,0,-1.2409180113122174,1,0,0,0,0,0,0,0,1,-0.6563689508758908,-0.967163771449806,1,0,0,1,0,0,0,0,1,0
1,1,0,0,0.590840056424512,1,0,1,0,0,0,0,1,0,0.6825865320474579,0.7643904027757514,0,1,0,1,0,0,0,0,0,1
0,0,0,0,-1.2816237461508113,1,0,0,0,0,0,0,0,1,0.15165003324266044,-0.9798964331092566,0,1,0,1,0,0,0,0,1,0
1,0,1,0,0.9571916699718578,1,0,0,0,0,0,1,1,0,0.8219573629837174,1.1642179317474293,0,1,0,1,0,0,0,0,0,1
0,0,1,1,0.5501343215859179,1,0,0,0,1,1,0,1,0,0.8634367769528422,0.8496992358940704,0,1,0,0,1,0,1,0,0,0
1,0,1,1,1.6084834273893616,1,1,1,1,1,1,1,1,0,0.8219573629837174,1.7729050176639571,1,0,0,0,0,1,0,1,0,0
1,0,0,0,0.428017117070136,1,1,0,0,0,1,1,1,1,1.1637477340893057,0.8387008505640966,0,1,0,0,1,0,0,0,1,0
0,0,0,0,-1.2816237461508113,1,0,0,0,0,0,0,0,0,0.18483356441796028,-0.9794573758106548,0,1,0,1,0,0,0,0,1,0
1,1,1,0,1.6084834273893616,1,1,0,1,1,1,1,1,1,1.550335872281549,2.512079932724923,0,1,0,0,0,1,1,0,0,0
1,1,0,0,-0.8338606629262776,0,0,0,1,0,0,0,0,1,-1.1806687434456282,-0.843042273135093,1,0,0,1,0,0,0,1,0,0
1,1,1,0,1.4456604880349857,0,0,1,1,1,0,0,0,1,-0.7625562506368502,0.29172326796604403,1,0,0,0,0,1,0,0,1,0
1,1,0,0,0.346605647392948,1,1,0,0,1,0,1,1,1,1.1106540842088262,0.828251286857375,0,1,0,1,0,0,0,0,1,0
0,0,1,1,1.0386031396490458,1,0,0,1,1,0,1,0,1,0.8833468956580218,1.4095192444762235,0,1,0,1,0,0,0,0,1,0
0,0,0,1,0.26519417771576004,0,0,0,0,1,0,0,0,0,-1.1557810950641534,-0.513705393453925,1,0,0,1,0,0,0,1,0,0
1,0,0,1,0.631545791263106,1,1,1,0,1,0,1,1,1,0.458597696614184,0.6063956338739138,1,0,0,0,1,0,0,1,0,0
1,0,1,1,-0.30468611002455576,1,1,0,0,0,0,0,0,1,-1.3117436915880627,-0.7703124316217141,0,0,1,1,0,0,1,0,0,0
1,0,1,1,-0.6710377235719016,1,0,0,0,0,0,0,0,0,-1.4743429943470319,-0.8828428172533411,0,0,1,0,0,1,0,0,0,1
1,0,0,0,-0.3453918448631497,1,0,0,1,1,0,0,1,1,0.8169798333074222,-0.05012674472527367,0,1,0,1,0,0,0,0,1,0
1,0,0,0,0.428017117070136,1,0,1,1,1,1,0,0,1,0.8534817176002523,0.6941412349994724,0,1,0,0,1,0,0,1,0,0
0,0,0,0,-1.2816237461508113,0,0,0,0,0,0,0,1,0,-0.9915226157464192,-0.9950219570460865,1,0,0,1,0,0,0,0,0,1
1,0,0,1,-1.2002122764736234,1,0,0,0,0,0,1,0,1,-0.3394662281517771,-0.9360126561140123,1,0,0,1,0,0,0,1,0,0
0,0,0,0,-1.2002122764736234,1,0,0,0,0,0,0,0,1,0.17653768162413533,-0.9095594538732573,0,1,0,1,0,0,0,0,1,0
1,0,1,0,0.9978974048104517,1,0,1,0,0,1,0,0,0,-0.3062826969764773,0.382103212883213,1,0,0,1,0,0,0,0,1,0
0,1,1,0,0.9978974048104517,1,1,0,1,1,0,0,1,0,0.9646465470375066,1.3775997788678769,0,1,0,1,0,0,0,1,0,0
0,0,0,1,-1.2816237461508113,1,0,1,0,0,1,0,0,0,-0.3461029343868372,-0.9864822925882827,1,0,0,1,0,0,0,0,1,0
0,0,0,0,-0.9559778674420595,1,0,0,0,0,0,0,0,0,-0.6563689508758908,-0.8275655033593815,1,0,0,1,0,0,0,0,1,0
1,1,1,0,-1.0780950719578415,1,0,0,0,1,0,1,1,1,1.0227177265942813,-0.7585017902893272,0,1,0,1,0,0,0,0,1,0
1,0,1,1,1.2421318138420157,1,1,0,1,1,0,1,1,1,1.3230286837307448,1.8861598478382768,0,1,0,0,0,1,1,0,0,0
0,1,0,0,-0.7524491932490895,1,1,0,0,1,0,0,0,1,0.5116913464946635,-0.5458443877115726,0,1,0,1,0,0,1,0,0,0
1,0,0,1,-0.38609757970174374,1,0,0,1,0,1,0,0,1,-0.3195561094465974,-0.4465735324977183,1,0,0,1,0,0,1,0,0,0
0,0,1,0,1.5677776925507676,1,1,0,0,0,0,0,0,1,-1.3432680462045974,-0.2720921620333854,0,0,1,0,0,1,0,1,0,0
0,0,1,1,0.428017117070136,1,1,0,0,1,0,0,1,1,0.9165304268333218,0.7629415136903657,0,1,0,1,0,0,1,0,0,0
0,1,0,0,-0.6303319887333076,1,0,0,1,1,0,1,0,1,0.8037064208373025,-0.35318604508512735,0,1,0,1,0,0,0,0,1,0
0,0,1,1,-0.7117434584104956,1,0,0,0,0,0,0,0,0,-0.618207890024296,-0.7296557257711926,1,0,0,1,0,0,0,0,1,0
1,0,0,0,0.1023712383613841,1,1,1,0,0,0,0,0,0,-0.3212152860053623,-0.16562076712246246,1,0,0,0,0,1,0,0,0,1
0,0,1,1,-0.06045170099299184,1,1,0,0,1,1,1,1,1,1.303118565025565,0.41364947978774824,0,1,0,1,0,0,0,0,1,0
1,0,1,1,1.5677776925507676,1,1,1,1,1,1,1,1,0,0.8435266582476619,1.7667362626186025,1,0,0,0,0,1,0,0,1,0
0,0,0,0,0.06166550352279012,1,0,0,1,0,0,0,0,1,0.29931674697274485,0.09796728209309441,0,1,0,1,0,0,0,1,0,0
0,0,0,0,-0.7117434584104956,1,1,1,0,0,0,0,1,1,-0.009290092957543614,-0.5737464790377135,1,0,0,1,0,0,1,0,0,0
1,0,1,1,1.4456604880349857,1,1,0,0,0,0,0,0,0,-1.3117436915880627,-0.2990502801675324,0,0,1,0,0,1,1,0,0,0
1,0,1,1,-0.2639803751859618,1,1,0,0,1,1,1,1,1,0.5664441729339085,-0.09581065664478519,1,0,0,0,1,0,0,1,0,0
1,0,0,1,-1.2816237461508113,1,0,1,1,0,1,0,1,1,0.18317438785919538,-0.979479328675585,1,0,0,1,0,0,1,0,0,0
0,1,0,0,0.9978974048104517,1,0,1,0,1,1,1,0,0,0.16326426915401518,0.7471354509407029,1,0,0,0,0,1,1,0,0,0
0,0,0,0,0.26519417771576004,1,0,1,0,1,1,1,0,1,1.0160810203592212,0.610961829779372,0,1,0,0,1,0,0,0,1,0
1,0,1,1,0.5501343215859179,1,1,0,0,0,0,0,0,0,-1.3283354571757127,-0.4946064009647491,0,0,1,0,1,0,0,0,1,0
1,0,0,0,1.2828375486806096,1,1,0,1,1,0,1,1,1,1.309755271260625,1.928045914124883,0,1,0,0,0,1,1,0,0,0
0,0,1,0,-1.2002122764736234,1,1,0,0,0,0,1,1,0,0.9945117250952766,-0.8904604613840813,0,1,0,1,0,0,0,0,1,0
0,0,0,0,-1.1595065416350294,1,0,0,0,0,0,0,0,1,-1.4859572302583868,-0.9803574432727885,0,0,1,1,0,0,0,1,0,0
1,0,1,1,1.5677776925507676,1,1,1,1,1,1,1,1,1,0.873391836305432,1.8828010595039737,1,0,0,0,0,1,0,0,0,1
0,0,1,0,-0.3453918448631497,1,0,0,1,1,0,1,1,1,1.1405192622665956,0.0570910475932721,0,1,0,1,0,0,0,1,0,0
0,0,0,0,0.428017117070136,1,0,0,0,0,0,0,0,1,-1.5025489958460367,-0.6682755154266689,0,0,1,0,0,1,1,0,0,0
0,0,0,0,-0.6303319887333076,1,1,0,0,1,1,1,0,1,0.13505826765501053,-0.5239354285113456,1,0,0,1,0,0,0,0,0,1
1,1,1,0,0.06166550352279012,1,0,0,0,1,0,1,0,1,0.6726314726948681,0.25163733660370474,0,1,0,1,0,0,0,1,0,0
1,0,0,0,-0.9152721326034655,1,0,0,0,0,0,0,0,1,-0.6663240102284806,-0.8192453675508784,1,0,0,1,0,0,0,1,0,0
0,1,0,0,0.30589991255435406,1,0,0,0,0,0,1,1,1,0.8833468956580218,0.6025099767812884,0,1,0,1,0,0,0,0,1,0
0,1,0,0,0.7943687306174818,1,1,1,0,1,0,0,0,0,-0.168571042598983,0.35209364652378383,1,0,0,0,0,1,1,0,0,0
0,0,1,1,0.7536629957788878,1,1,1,1,0,0,0,1,1,0.9580098408024466,0.9826238330457483,0,1,0,1,0,0,0,0,1,0
1,0,0,0,-0.7931549280876836,1,1,0,0,0,1,1,1,0,1.1886353824707805,-0.43381891797333766,0,1,0,1,0,0,0,0,1,0
0,0,0,1,-0.5896262538947137,1,1,1,0,0,0,0,1,0,-0.004312563281248919,-0.4981627650834232,1,0,0,1,0,0,0,0,1,0
0,0,1,1,-0.10115743583158582,1,0,0,0,1,1,1,0,1,-0.014267622633838777,-0.13881631904282593,1,0,0,0,1,0,0,0,1,0
1,0,0,0,-1.1595065416350294,1,0,0,0,1,0,0,0,1,0.3275227484717495,-0.8690783709421763,0,1,0,1,0,0,1,0,0,0
1,0,0,0,-1.1595065416350294,1,0,0,1,0,1,1,0,1,-0.03915527101531366,-0.9110961544183633,1,0,0,1,0,0,1,0,0,0
1,0,0,0,-1.2816237461508113,1,0,0,0,0,0,0,0,1,-1.4842980536996218,-1.0015419579303226,0,0,1,1,0,0,0,0,0,1
0,0,1,1,0.22448844287716607,1,0,0,0,0,0,0,0,0,-1.5042081724048018,-0.675366290799087,0,0,1,0,1,0,0,1,0,0
0,0,0,0,1.6084834273893616,1,1,1,0,0,1,0,0,1,0.6560397071072182,1.705224335084498,0,1,0,0,0,1,1,0,0,0
0,0,1,0,1.6084834273893616,1,1,1,0,0,0,0,0,0,0.5150096996121938,1.508724241095288,0,1,0,0,0,1,1,0,0,0
0,0,0,0,-1.2816237461508113,1,0,0,0,0,0,1,0,1,-0.34112540471054226,-0.9864164339934924,1,0,0,1,0,0,0,0,1,0
1,0,1,1,0.9571916699718578,1,1,0,0,1,1,1,1,1,1.2699350338502653,1.5685018922999152,0,1,0,0,0,1,0,0,1,0
1,1,0,0,-0.7117434584104956,1,1,0,0,0,0,0,0,0,0.35572874997075465,-0.5069658639203881,0,1,0,1,0,0,0,0,1,0
0,0,0,0,1.3235432835192036,1,1,0,0,0,0,0,0,0,-1.2752418072952327,-0.26465014082208577,0,0,1,0,0,1,1,0,0,0
1,0,1,1,-1.1188008067964355,1,1,1,1,0,1,0,0,0,-0.017585975751368575,-0.8712736574351851,1,0,0,1,0,0,0,1,0,0
1,0,1,1,1.6084834273893616,1,1,0,0,0,0,0,0,1,-1.3183803978231226,-0.22059074090740072,0,0,1,0,0,1,1,0,0,0
0,0,1,0,1.6084834273893616,1,1,0,0,1,0,1,1,1,1.0924031420624107,1.9933117815620325,0,1,0,0,0,1,0,0,1,0
1,0,0,0,0.06166550352279012,1,0,0,1,0,0,0,0,1,-0.5020655309107466,-0.24899774812693357,1,0,0,1,0,0,0,0,1,0
1,1,1,0,1.2828375486806096,1,1,0,1,1,0,0,1,1,0.9729424298313315,1.6596721403545671,0,1,0,1,0,0,0,0,1,0
1,0,1,0,1.3235432835192036,1,0,0,0,0,0,0,0,1,-1.477661347464562,-0.38938631935484114,0,0,1,0,0,1,0,1,0,0
0,0,0,0,0.8757802002946699,1,1,0,1,0,0,1,1,1,1.0708338467984662,1.241711544950637,0,1,0,0,0,1,1,0,0,0
1,0,0,0,-1.2816237461508113,1,0,0,0,0,0,0,0,0,-1.4793205240233267,-1.0014760993355323,0,0,1,1,0,0,0,0,0,1
1,0,0,0,-0.8745663977648716,1,0,0,0,1,0,0,1,0,0.659358060224748,-0.6201987412297779,0,1,0,1,0,0,0,0,1,0
0,0,0,0,-1.0780950719578415,1,0,1,1,0,0,0,0,0,-0.32453363912289235,-0.8686393136435746,1,0,0,1,0,0,0,0,0,1
0,0,1,0,1.4863662228735797,1,1,0,0,0,0,0,0,0,-1.3499047524396575,-0.28956664251773473,0,0,1,0,0,1,1,0,0,0
1,0,0,0,-1.2002122764736234,1,0,0,0,0,0,0,0,1,-1.4743429943470319,-0.9766254562346737,0,0,1,1,0,0,0,0,1,0
1,0,1,1,1.6084834273893616,0,0,1,1,1,1,1,1,1,0.010620025747636104,0.9560608664803428,1,0,0,0,0,1,0,1,0,0
1,0,1,1,0.7943687306174818,1,0,0,1,1,1,1,0,1,0.12676238486118555,0.5187597970730058,1,0,0,0,1,0,0,0,1,0
0,1,0,0,0.1023712383613841,1,1,1,0,0,0,1,1,1,1.1322233794727707,0.5502621582476809,0,1,0,1,0,0,0,0,1,0
1,0,1,0,1.2828375486806096,1,0,0,1,1,1,1,1,1,1.2450473854687905,1.911120255263786,0,1,0,0,1,0,0,1,0,0
1,0,1,1,1.3642490183577978,1,0,0,0,0,0,0,0,1,-1.4793205240233267,-0.413512517913007,0,0,1,0,1,0,0,0,1,0
0,0,1,0,-0.1825689055087738,1,1,0,0,1,1,1,1,1,1.3230286837307448,0.3269795690437642,0,1,0,1,0,0,0,0,1,0
1,0,0,0,0.5094285867473239,1,0,1,1,1,1,1,1,0,1.5685868144279638,1.198859552607107,0,1,0,0,1,0,0,1,0,0
1,0,0,0,0.46872285190873,1,0,0,0,0,0,0,0,0,-1.477661347464562,-0.6128225786132686,0,0,1,0,0,1,0,1,0,0
0,1,0,0,-1.2409180113122174,1,1,0,0,0,0,1,0,1,0.6842457086062228,-0.9281096247391809,0,1,0,1,0,0,0,0,1,0
0,0,1,1,0.9164859351332638,1,1,1,1,0,1,1,0,1,0.3341594547068096,0.8397326352158104,1,0,0,0,1,0,0,1,0,0
1,0,0,0,-1.2409180113122174,1,0,0,0,0,0,0,0,0,-0.6331404790531808,-0.9748472741753365,1,0,0,1,0,0,0,0,0,1
0,0,1,0,1.6084834273893616,1,1,1,1,1,1,1,0,1,1.2948226822317401,2.30750118444144,0,1,0,0,0,1,1,0,0,0
0,0,0,0,-1.2816237461508113,1,0,0,0,0,0,1,0,0,0.4851445215544238,-0.9754839072583089,0,1,0,1,0,0,0,0,1,0
1,0,1,1,0.18378270803857208,0,0,1,1,1,0,0,0,0,-0.8206274301936248,-0.3743047011478713,1,0,0,1,0,0,1,0,0,0
1,0,0,0,1.2014260790034217,1,1,1,1,1,1,0,0,0,0.14833168012513065,0.8500943874628117,1,0,0,0,0,1,1,0,0,0
0,0,1,1,-0.8745663977648716,1,0,0,0,0,0,0,0,0,-1.461069581876912,-0.9215896238549449,0,0,1,0,0,1,0,1,0,0
1,0,0,0,1.3642490183577978,1,0,0,0,0,0,0,0,0,-1.5125040551986266,-0.465628619257034,0,0,1,0,0,1,1,0,0,0
0,1,1,0,-0.2639803751859618,1,0,0,0,1,0,0,1,0,-0.14036504109997808,-0.3090607865756521,1,0,0,0,1,0,0,0,0,1
1,0,0,0,-1.0373893371192475,1,0,0,0,0,0,0,0,0,-1.5075265255223318,-0.9539481467618935,0,0,1,0,1,0,0,0,0,1
1,0,1,0,-0.9152721326034655,1,0,0,1,0,1,1,1,1,1.1587702044130104,-0.5753490381776097,0,1,0,1,0,0,0,0,1,0
0,0,1,1,1.6084834273893616,1,1,1,0,1,1,1,1,0,1.4109650413452897,2.316194518953755,0,1,0,0,0,1,0,0,0,1
1,0,0,0,-1.2816237461508113,1,0,0,0,0,0,0,0,1,0.1616050925952503,-0.979764715919676,0,1,0,1,0,0,0,0,1,0
0,0,1,1,-1.1595065416350294,1,0,1,0,0,0,0,0,0,-0.48547376532309666,-0.9150915758356392,1,0,0,1,0,0,0,0,1,0
0,0,0,0,-0.8338606629262776,1,0,0,0,0,0,0,0,0,-1.5008898192872717,-0.8958608661568828,0,0,1,0,1,0,0,0,0,1
1,0,0,0,-1.2816237461508113,1,0,1,0,0,0,0,0,0,-0.563455063585051,-0.9893581178941242,1,0,0,1,0,0,0,0,1,0
0,0,1,0,0.5501343215859179,1,1,0,1,1,1,1,1,1,1.4590811615494745,1.1209049292403674,0,1,0,0,0,1,0,1,0,0
1,0,0,0,-0.3453918448631497,1,0,0,0,0,1,0,0,1,-0.45892694038285664,-0.4529837690573038,1,0,0,1,0,0,0,1,0,0
1,0,0,1,-0.8745663977648716,1,1,0,0,1,0,0,0,1,0.4337100482327091,-0.6364219084131124,0,1,0,1,0,0,0,0,0,1
1,0,1,1,-0.5082147842175256,1,0,0,0,0,0,0,0,0,-1.4892755833759168,-0.8347879959213802,0,0,1,0,0,1,0,0,0,1
1,0,0,1,0.020959768684196134,1,1,1,0,1,0,0,1,1,1.0077851375653963,0.42756759615342366,0,1,0,1,0,0,1,0,0,0
0,0,0,0,-0.7931549280876836,1,1,0,1,1,0,0,0,1,0.6477438243133932,-0.5456248590622718,0,1,0,1,0,0,0,0,1,0
0,0,1,0,0.6722515261016999,1,0,0,0,0,0,0,0,1,-1.4859572302583868,-0.5830544937680704,0,0,1,0,0,1,1,0,0,0
1,0,0,0,-0.7524491932490895,1,0,0,0,0,0,0,0,0,-1.5042081724048018,-0.8785181028621138,0,0,1,1,0,0,0,1,0,0
1,1,1,0,-0.3453918448631497,1,1,1,0,0,0,0,0,1,0.4619160497317138,-0.23229161791513722,0,1,0,1,0,0,0,0,1,0
1,0,1,1,-1.1595065416350294,1,1,0,0,1,0,1,1,0,1.2019087949409006,-0.8409787038316647,0,1,0,1,0,0,0,0,1,0
1,0,0,1,0.6722515261016999,1,1,0,0,0,1,1,1,1,1.1836578527944854,1.2154559184942528,0,1,0,0,1,0,1,0,0,0
1,0,0,0,-1.1595065416350294,1,0,0,0,0,0,0,0,0,-1.5241182911099815,-0.9781621567797798,0,0,1,1,0,0,0,0,0,1
0,0,0,0,1.5677776925507676,1,1,0,0,0,0,0,0,0,-1.3399496930870676,-0.2556055604708898,0,0,1,0,0,1,0,0,1,0
1,0,0,0,0.9978974048104517,1,0,0,0,0,0,0,0,0,-1.469365464670737,-0.5162080200559549,0,0,1,0,0,1,1,0,0,0
1,0,0,0,-0.5489205190561197,1,1,1,0,1,0,0,0,1,0.6576988836659831,-0.285110210936927,0,1,0,1,0,0,0,0,1,0
1,0,0,0,-0.5489205190561197,1,0,0,1,0,0,0,0,1,0.29599839385521454,-0.38497379350389366,0,1,0,1,0,0,0,1,0,0
1,0,0,0,-0.7117434584104956,1,0,0,0,1,0,1,0,0,0.6759498258123978,-0.47482686966274057,0,1,0,1,0,0,0,0,1,0
0,1,1,0,0.7129572609402939,1,1,1,1,1,0,1,1,0,1.4541036318731793,1.3745044249127345,0,1,0,1,0,0,1,0,0,0
0,0,0,0,-0.5896262538947137,1,1,0,1,0,0,1,0,1,0.8319124223363072,-0.3398167503427043,0,1,0,1,0,0,0,1,0,0
1,0,1,1,0.14307697319997809,0,0,1,0,1,1,1,1,0,-0.14036504109997808,-0.02931542877155097,1,0,0,0,1,0,0,1,0,0
1,0,1,0,0.22448844287716607,1,1,0,0,1,1,0,1,0,0.13505826765501053,0.16163059039034727,1,0,0,0,1,0,0,1,0,0
0,0,1,1,1.6084834273893616,1,1,1,1,1,1,1,0,0,1.3661672742586346,2.3516264429509155,0,1,0,0,0,1,0,1,0,0
1,1,0,0,-1.2409180113122174,0,0,0,0,0,0,0,0,1,-1.3432680462045974,-0.9895556936784949,1,0,0,1,0,0,0,0,0,1
0,0,0,0,0.631545791263106,1,0,0,1,0,0,0,0,0,0.33913698438310474,0.6459986022077912,0,1,0,0,1,0,0,0,1,0
0,0,0,0,-1.2816237461508113,1,1,0,0,0,0,0,0,1,-0.49211047155815646,-0.9884141447021304,1,0,0,1,0,0,0,0,0,1
1,0,1,1,1.4863662228735797,1,0,1,1,0,1,1,1,1,1.3744631570524595,2.1779134227591355,0,1,0,0,0,1,0,1,0,0
0,0,0,0,-0.8338606629262776,1,0,0,0,0,0,0,0,1,-0.6613464805521857,-0.7801912208402534,1,0,0,1,0,0,1,0,0,0
0,0,1,1,-1.1595065416350294,1,0,0,0,0,0,0,0,1,-1.4925939364934466,-0.9740130653079931,0,0,1,1,0,0,0,0,1,0
1,0,0,1,-1.2816237461508113,1,0,0,0,0,0,0,0,1,0.18317438785919538,-0.979479328675585,0,1,0,1,0,0,0,0,0,1
0,0,1,0,0.5501343215859179,1,1,0,0,0,0,0,0,1,-1.3432680462045974,-0.5423099764578285,0,0,1,0,1,0,1,0,0,0
1,0,0,1,1.3642490183577978,1,0,0,0,0,0,0,0,0,-1.472683817788267,-0.41456625542965125,0,0,1,0,0,1,0,0,0,1
0,0,0,1,-0.8745663977648716,0,0,1,0,0,1,0,0,1,-0.9583390845711194,-0.8336464469450158,1,0,0,0,1,0,0,0,0,1
1,0,0,1,-0.3453918448631497,0,0,1,0,0,1,0,0,0,-0.9682941439237093,-0.645642111683749,1,0,0,0,0,1,0,0,0,1
1,0,1,1,1.5270719577121736,1,1,1,1,1,1,1,1,0,1.6532048189249784,2.432808137462378,0,1,0,0,0,1,0,1,0,0
1,0,1,0,1.2421318138420157,1,0,0,0,0,0,0,0,1,-1.4925939364934466,-0.46826296304864445,0,0,1,0,0,1,1,0,0,0
0,0,0,0,-1.0780950719578415,1,0,0,0,0,0,0,0,0,-1.4909347599346818,-0.9624658583547674,0,0,1,1,0,0,0,0,0,1
1,0,0,0,-0.7524491932490895,1,0,0,0,0,0,0,0,0,-1.4942531130522119,-0.8858284068838329,0,0,1,1,0,0,0,0,0,1
1,0,1,1,1.4863662228735797,1,1,0,0,0,0,0,0,1,-1.2918335728828827,-0.22162252555911488,0,0,1,0,0,1,1,0,0,0
0,0,0,0,-1.0373893371192475,1,1,1,0,0,0,0,0,1,-0.37430893588584213,-0.8328780966724627,1,0,0,1,0,0,0,0,1,0
1,0,1,0,-1.2002122764736234,1,1,0,0,0,1,0,0,1,0.48846287467195404,-0.8998782404390887,0,1,0,1,0,0,1,0,0,0
0,0,1,0,1.0386031396490458,1,1,1,0,0,1,0,0,1,-0.12875080518862334,0.5169596621487387,1,0,0,0,1,0,1,0,0,0
0,0,0,1,-0.8745663977648716,0,0,0,0,0,0,0,0,0,-1.3183803978231226,-0.8694515696459879,1,0,0,1,0,0,0,0,1,0
1,0,0,0,1.6084834273893616,1,1,1,1,1,1,1,1,0,1.6084070518383238,2.574096776152419,0,1,0,0,0,1,1,0,0,0
0,0,0,0,1.2014260790034217,1,1,0,0,0,0,0,0,1,-1.2984702791179428,-0.3237472532138804,0,0,1,0,0,1,0,1,0,0
1,0,0,0,-1.2409180113122174,1,0,0,0,0,0,0,0,0,-1.4959122896109767,-0.9877555587542278,0,0,1,1,0,0,0,0,0,1
0,0,0,0,-0.06045170099299184,1,1,1,1,0,0,1,1,0,1.3080960947018598,0.39703116103567226,0,1,0,1,0,0,0,0,1,0
1,0,1,0,-1.2816237461508113,0,0,0,0,0,0,0,0,1,-1.3764515773798973,-1.0001150217098669,1,0,0,1,0,0,0,0,1,0
1,0,0,0,-1.1595065416350294,1,0,0,0,0,0,0,0,0,-1.5008898192872717,-0.9586899655867922,0,0,1,0,1,0,0,0,0,1
1,0,1,0,0.590840056424512,1,1,0,0,0,0,1,1,1,1.0044667844478665,0.9930075381576794,0,1,0,0,1,0,0,1,0,0
0,0,0,0,0.346605647392948,1,1,0,1,1,0,1,1,1,0.5183280527297236,0.42262820154415404,1,0,0,0,1,0,0,0,1,0
0,0,0,0,0.590840056424512,0,0,1,0,1,1,0,0,0,-0.7642154271956153,-0.18706871615915763,1,0,0,0,0,1,0,0,0,1
1,0,0,0,-1.2816237461508113,0,0,0,0,0,0,0,1,1,-0.9782492032762992,-0.994846334126646,1,0,0,1,0,0,0,0,1,0
0,0,0,1,-0.9966836022806536,1,0,0,0,0,0,0,0,0,-1.4925939364934466,-0.9353760230310397,0,0,1,1,0,0,0,0,0,1
0,0,1,1,0.06166550352279012,1,0,1,1,1,1,1,1,0,0.6576988836659831,0.23627033115264373,1,0,0,0,0,1,0,0,0,1
1,0,1,1,0.428017117070136,1,1,0,0,0,0,0,0,0,-1.3499047524396575,-0.5371291003343279,0,0,1,0,0,1,0,0,0,1
0,0,0,0,-1.1595065416350294,1,0,1,0,0,0,0,0,1,-0.4771778825292717,-0.9069470629465768,1,0,0,1,0,0,1,0,0,0
1,0,1,0,0.8350744654560759,1,1,0,1,0,1,0,1,0,1.089084788944881,1.2038428529462366,0,1,0,0,1,0,1,0,0,0
1,0,0,0,1.4863662228735797,1,1,1,1,1,1,1,1,0,0.8534817176002523,1.7653532321280072,1,0,0,0,0,1,0,0,0,1
1,0,0,0,-1.2002122764736234,1,1,0,0,0,0,0,0,0,0.31756768911915967,-0.9149379057811287,0,1,0,1,0,0,0,0,1,0
0,0,1,1,1.2828375486806096,1,0,1,0,0,1,1,0,0,0.028870967894050924,0.7756741753498162,1,0,0,0,1,0,0,0,0,1
1,0,0,1,-0.9152721326034655,1,1,0,0,0,0,0,0,0,-1.3316538102932427,-0.9121059862051473,0,0,1,1,0,0,0,1,0,0
1,0,0,0,-0.30468611002455576,1,0,0,0,0,0,0,0,0,-1.4710246412295018,-0.7726613881692335,0,0,1,1,0,0,0,0,0,1
1,0,0,1,-1.2816237461508113,1,0,1,0,0,0,0,0,0,-0.47551870597050655,-0.9881946160528295,1,0,0,1,0,0,0,0,0,1
1,0,0,0,-0.019745966154397852,1,1,1,0,0,1,0,0,0,0.7539311240743528,0.20419719548978646,0,1,0,1,0,0,1,0,0,0
1,0,0,0,0.14307697319997809,1,0,1,0,1,1,1,1,1,0.473530285643069,0.24307571928097074,1,0,0,1,0,0,0,1,0,0
0,0,0,0,-0.10115743583158582,1,0,1,1,0,0,0,0,1,-0.3195561094465974,-0.33838981412224867,1,0,0,1,0,0,1,0,0,0
0,0,0,0,-0.30468611002455576,1,0,1,1,1,1,1,0,0,0.3109309828840996,-0.19209592222814761,1,0,0,0,1,0,0,0,0,1
1,1,1,1,-0.1418631706701798,1,1,0,0,1,0,1,1,1,1.2948226822317401,0.2913061635323725,0,1,0,1,0,0,0,0,1,0
0,0,0,0,-1.2816237461508113,1,1,0,0,0,0,0,0,0,0.3673429858821094,-0.9770425606683453,0,1,0,1,0,0,0,0,1,0
0,0,1,0,0.9978974048104517,1,1,0,1,1,1,1,1,1,1.4756729271371243,1.7348826556050458,0,1,0,0,1,0,1,0,0,0
1,0,0,0,-0.30468611002455576,1,0,0,0,0,0,0,0,0,-1.4942531130522119,-0.786140447236307,0,0,1,0,1,0,0,1,0,0
1,1,1,0,-0.019745966154397852,1,1,0,1,1,0,1,1,0,1.3744631570524595,0.5354000686900119,0,1,0,1,0,0,1,0,0,0
1,0,1,1,1.5677776925507676,1,1,1,1,1,1,1,1,0,0.7273842991341125,1.7397561916195254,1,0,0,0,0,1,1,0,0,0
0,0,0,0,-1.1595065416350294,0,0,1,0,1,0,0,0,0,-0.9931817923051841,-0.950808887076891,1,0,0,1,0,0,0,0,0,1
0,0,1,0,0.9164859351332638,1,1,1,1,1,1,1,1,1,0.8368899520126024,1.1484118689977665,1,0,0,0,1,0,0,0,1,0
0,0,1,1,-0.6303319887333076,1,0,1,0,0,1,1,0,0,0.8933019550106117,-0.31913715157856215,0,1,0,1,0,0,0,0,1,0
1,0,1,1,1.2421318138420157,1,1,0,0,0,0,0,0,0,-1.3366313399695375,-0.3191151987136321,0,0,1,0,0,1,0,1,0,0
1,1,0,0,-1.0373893371192475,0,0,0,1,0,1,0,1,1,-0.6812565992573657,-0.8937094853937343,1,0,0,1,0,0,0,0,1,0
1,0,1,0,1.6084834273893616,1,1,1,1,1,1,1,1,1,1.7544145890096428,2.802713911534347,0,1,0,0,1,0,1,0,0,0
0,1,0,0,0.5094285867473239,0,0,0,0,0,0,0,1,0,-1.0197286172454239,-0.3094120324145336,1,0,0,0,1,0,0,0,1,0
0,0,0,1,-1.2816237461508113,1,0,0,0,0,0,1,1,1,0.8103431270723621,-0.971181145732012,0,1,0,1,0,0,0,0,1,0
0,0,1,1,1.6084834273893616,1,1,1,0,1,1,1,1,1,1.510515634871189,2.527885995474586,0,1,0,0,0,1,1,0,0,0
1,0,0,0,-0.8338606629262776,1,0,0,0,0,0,1,0,1,0.5481932307874936,-0.6099906590372873,0,1,0,1,0,0,0,0,1,0
1,1,1,0,-0.10115743583158582,1,1,0,0,0,1,1,1,1,1.2135230308522553,0.2706046119033002,0,1,0,1,0,0,0,0,1,0
1,1,1,0,1.6084834273893616,1,1,1,1,1,1,1,1,1,1.5918152862506738,2.52904949731588,0,1,0,1,0,0,0,1,0,0
0,1,1,0,-0.30468611002455576,1,0,0,0,0,0,0,0,1,0.14501332700760036,-0.21435612726725603,0,1,0,1,0,0,0,0,1,0
1,0,1,1,-0.22327464034736777,1,1,0,1,0,1,0,0,1,0.6726314726948681,-0.06573523169056575,0,1,0,1,0,0,0,1,0,0
1,0,1,1,1.0386031396490458,1,1,1,1,1,1,0,0,0,0.22133544871078992,0.8469112220479491,1,0,0,0,0,1,0,1,0,0
1,0,0,0,-1.2409180113122174,1,0,0,0,0,0,0,0,1,-0.6613464805521857,-0.9680638389119396,1,0,0,1,0,0,0,0,0,1
1,0,1,0,1.1200146093262338,1,0,1,0,0,0,1,0,1,-0.17023021915774814,0.5531379835535224,1,0,0,0,1,0,0,0,0,1
0,0,1,1,-0.5082147842175256,1,0,0,0,0,0,0,0,0,-1.5008898192872717,-0.8367198480352279,0,0,1,0,1,0,1,0,0,0
0,1,0,0,1.2421318138420157,1,1,1,1,1,1,1,0,0,0.5996277041092083,1.2915884540717955,1,0,0,0,1,0,1,0,0,0
1,0,1,1,-0.7524491932490895,1,0,0,0,0,0,0,0,0,-1.4992306427285067,-0.8745885400396284,0,0,1,0,1,0,0,0,0,1
0,0,0,0,-0.1418631706701798,1,0,0,0,0,0,0,0,0,-1.4793205240233267,-0.7393588920702913,0,0,1,0,1,0,0,0,0,1
0,0,1,0,-1.2816237461508113,1,0,0,0,0,0,0,0,1,0.13339909109624562,-0.9801379146234876,0,1,0,1,0,0,0,0,1,0
1,0,0,0,-0.1418631706701798,1,0,0,1,0,1,1,0,0,0.8202981864249524,0.14152176611438752,0,1,0,1,0,0,0,0,0,1
1,0,0,0,-1.1595065416350294,1,1,0,0,0,0,0,0,0,-0.4373576451189118,-0.9221164926132671,1,0,0,1,0,0,0,1,0,0
0,0,0,0,1.5270719577121736,1,1,1,1,1,1,1,1,0,1.679751643865218,2.5580711847534556,0,1,0,0,1,0,0,1,0,0
0,0,1,1,-1.0780950719578415,1,0,1,1,0,0,0,0,0,-0.29964599074141746,-0.8500013313179307,1,0,0,1,0,0,0,1,0,0
1,1,0,0,-1.1595065416350294,1,0,0,0,1,0,1,1,1,0.9895341954189815,-0.8249531124327011,0,1,0,1,0,0,0,0,1,0
1,0,1,1,0.5501343215859179,1,0,0,0,0,0,0,0,0,-1.4992306427285067,-0.6343583391096842,0,0,1,0,0,1,0,1,0,0
1,0,0,0,-0.9559778674420595,1,0,0,0,0,0,0,0,1,-0.6812565992573657,-0.8575531168538806,1,0,0,1,0,0,0,0,0,1
1,0,0,0,-1.2816237461508113,1,0,0,0,0,0,0,0,1,0.21303956591696496,-0.9790841771068434,0,1,0,1,0,0,0,0,0,1
1,0,0,0,-0.06045170099299184,1,0,0,1,1,0,1,1,1,1.2102046777347255,0.36983156138729434,0,1,0,1,0,0,0,0,1,0
1,1,0,0,-1.2816237461508113,1,1,0,0,0,0,0,0,1,0.3457736906181643,-0.9773279479124364,0,1,0,1,0,0,0,0,1,0
1,0,1,1,0.5094285867473239,1,1,1,1,0,1,1,0,0,0.29599839385521454,0.46965123822440075,1,0,0,0,0,1,0,1,0,0
0,0,0,0,-0.8745663977648716,1,0,1,0,1,0,0,1,0,-0.029200211662723803,-0.6881648110533278,1,0,0,1,0,0,1,0,0,0
0,0,0,0,1.2421318138420157,1,1,0,1,1,1,1,1,1,1.490605516166009,2.064285393881004,0,1,0,1,0,0,0,1,0,0
0,0,0,0,-1.2002122764736234,1,1,0,0,0,0,0,0,0,-1.3382905165283026,-0.9724983176278172,0,0,1,1,0,0,0,0,0,1
1,0,1,1,-0.6710377235719016,1,0,1,0,1,0,1,0,0,-0.02256350542766374,-0.5608162415938921,1,0,0,0,0,1,0,0,0,1
0,0,1,1,-0.5489205190561197,1,0,0,0,0,0,0,0,0,-1.4842980536996218,-0.8426032158364912,0,0,1,1,0,0,0,0,0,1
1,0,1,0,1.5677776925507676,1,0,0,1,1,1,1,1,1,0.4702119325255387,1.4328770927618366,1,0,0,0,0,1,0,1,0,0
1,0,0,0,-0.6303319887333076,1,1,0,0,1,1,0,0,0,0.7240659460165827,-0.3912303600089685,0,1,0,0,1,0,0,0,1,0
1,0,1,1,0.7129572609402939,1,0,0,0,0,0,0,0,1,-0.6679831867872458,-0.030939940776377545,1,0,0,0,1,0,1,0,0,0
1,0,0,0,-1.2409180113122174,1,0,0,0,0,0,0,0,1,0.21138038935820005,-0.9411496265076527,0,1,0,1,0,0,0,1,0,0
1,0,0,0,0.06166550352279012,1,0,0,0,0,0,0,0,0,-1.5008898192872717,-0.7137838044267396,0,0,1,1,0,0,0,0,0,1
1,0,1,0,0.387311382231542,1,1,1,0,0,0,0,0,0,-0.29300928450635744,0.037552997805494495,1,0,0,0,1,0,0,1,0,0
0,0,1,1,1.4863662228735797,1,1,1,0,1,0,0,0,0,0.6477438243133932,1.5574596012400814,0,1,0,0,1,0,1,0,0,0
0,0,0,0,-0.9559778674420595,1,0,0,0,0,0,0,0,1,-0.6878933054924254,-0.8333171539710644,1,0,0,1,0,0,1,0,0,0
1,0,0,0,-1.1595065416350294,0,0,0,0,0,1,0,0,0,-1.1425076825940335,-0.9584265312076312,1,0,0,1,0,0,0,0,1,0
0,0,1,0,0.8757802002946699,1,1,1,1,1,1,1,1,1,1.6498864658074486,1.6456662125291717,0,1,0,0,1,0,0,0,0,1
0,0,0,0,0.020959768684196134,1,1,1,0,0,1,0,0,0,-0.18350363162786804,-0.1530198226525924,1,0,0,0,1,0,0,0,1,0
0,0,0,1,-0.8338606629262776,1,1,0,0,0,0,1,0,1,0.634470411843273,-0.5860400833985623,0,1,0,1,0,0,0,0,1,0
1,0,1,1,1.5677776925507676,1,1,1,0,1,1,1,1,0,0.680927355488693,1.75602326453272,1,0,0,0,1,0,0,0,1,0
1,0,0,0,-1.2002122764736234,0,0,0,0,0,1,0,0,1,-1.1673953309755083,-0.9678882159924989,1,0,0,1,0,0,0,0,1,0
0,0,0,0,-1.0373893371192475,1,0,0,0,1,0,0,0,1,0.33913698438310474,-0.7799058335961623,0,1,0,1,0,0,0,0,1,0
0,0,0,0,0.22448844287716607,1,0,0,0,0,0,0,0,0,-1.4892755833759168,-0.6848499284488847,0,0,1,0,0,1,0,0,0,1
1,0,1,1,-0.5489205190561197,1,0,0,0,0,0,0,0,0,-1.4942531130522119,-0.853360119652234,0,0,1,0,1,0,0,0,0,1
0,0,1,0,1.5270719577121736,1,1,0,1,1,1,1,1,1,0.659358060224748,1.5877326019786715,1,0,0,0,0,1,1,0,0,0
1,0,1,0,0.8757802002946699,0,0,0,1,0,0,0,0,0,-1.1458260357115635,-0.2985453642741404,1,0,0,1,0,0,0,0,1,0
0,0,1,1,0.9571916699718578,1,1,1,0,0,0,1,0,0,0.008960849188871207,0.5316241759220369,1,0,0,0,1,0,1,0,0,0
0,0,0,0,1.3235432835192036,1,0,1,1,0,1,0,0,1,-0.17686692539280796,0.631575569948724,1,0,0,0,0,1,0,0,0,1
1,0,0,1,0.1023712383613841,1,0,0,0,1,0,1,0,1,0.6709722961361032,0.3201961337803671,0,1,0,0,1,0,0,0,1,0
0,0,1,0,1.2421318138420157,1,1,0,1,0,0,0,0,1,0.5515115839050234,1.1976301921710222,0,1,0,1,0,0,1,0,0,0
0,1,1,0,0.18378270803857208,1,0,0,0,0,0,0,0,0,-1.5042081724048018,-0.6908650134397286,0,0,1,0,1,0,0,0,0,1
1,0,0,0,-1.1595065416350294,1,1,0,1,0,0,0,1,1,0.8335715988950722,-0.8487939237467759,0,1,0,1,0,0,0,0,1,0
0,0,0,0,-0.9152721326034655,1,1,1,0,0,0,1,1,1,1.1206091435614158,-0.5830983994979305,0,1,0,1,0,0,0,0,1,0
0,1,0,0,-1.2816237461508113,1,0,0,0,0,0,0,0,1,0.1732193285066055,-0.9796110458651653,0,1,0,1,0,0,0,0,1,0
0,0,1,1,1.5270719577121736,1,0,0,0,0,0,0,0,0,-1.497571466169742,-0.40506066491492343,0,0,1,0,0,1,1,0,0,0
0,0,0,0,-0.4268033145403377,1,1,0,0,0,1,1,0,1,0.8319124223363072,-0.1350184734099209,0,1,0,1,0,0,0,0,1,0
0,0,0,0,-1.0373893371192475,1,0,1,1,0,1,1,1,1,0.450301813820359,-0.759687244995552,1,0,0,1,0,0,0,0,1,0
1,0,1,0,-0.06045170099299184,1,1,0,0,0,0,1,0,1,-0.19511786753922303,-0.18375383355471447,1,0,0,1,0,0,0,1,0,0
0,0,1,1,1.4863662228735797,0,0,0,1,1,0,1,1,1,-0.3311703453579522,0.6459327436130009,1,0,0,0,0,1,0,1,0,0
0,1,0,0,-0.10115743583158582,1,1,0,1,1,0,1,1,1,1.2998002119080347,0.3599308193038249,0,1,0,1,0,0,0,0,1,0
1,1,0,0,0.8350744654560759,0,0,0,1,1,0,1,1,1,-0.3477621109456021,0.2429000963615302,1,0,0,1,0,0,0,0,1,0
1,0,0,0,-1.2816237461508113,1,0,0,0,0,0,0,0,1,0.219676272152025,-0.9789963656471229,0,1,0,1,0,0,0,0,0,1
0,0,1,0,1.5677776925507676,1,1,1,1,1,1,1,1,0,0.8352307754538371,1.7604357903836674,1,0,0,0,0,1,0,0,1,0
1,1,0,0,0.18378270803857208,0,0,0,1,1,0,0,0,0,-0.9384289658659395,-0.4330505677007846,1,0,0,1,0,0,0,0,1,0
1,1,1,0,1.4863662228735797,1,1,1,0,1,1,1,1,1,1.5138339879887188,2.3308590327270533,0,1,0,0,1,0,0,0,0,1
1,0,1,0,-0.6710377235719016,1,0,1,1,0,0,0,0,0,0.5249647589647837,-0.4302845067195936,0,1,0,1,0,0,1,0,0,0
1,0,0,0,-1.2816237461508113,1,0,0,0,0,0,0,0,0,-1.4925939364934466,-1.001651722254973,0,0,1,1,0,0,0,0,1,0
0,0,1,1,1.4863662228735797,1,1,1,0,0,1,0,0,0,-0.11713656927726834,0.772095858366212,1,0,0,0,0,1,0,1,0,0
1,0,1,0,-0.4675090493789317,1,1,0,1,1,1,1,1,1,1.535403283252664,0.006928751228022863,0,1,0,1,0,0,0,0,1,0
1,0,0,0,1.1607203441648277,1,1,1,0,1,0,1,1,1,1.3777815101699897,1.7557159244236986,0,1,0,1,0,0,0,0,1,0
0,0,1,0,0.22448844287716607,1,1,0,0,1,1,1,1,1,1.3296653899658049,0.7574093917279837,0,1,0,1,0,0,0,0,1,0
1,0,0,0,-1.2816237461508113,1,0,0,0,0,0,0,0,0,-1.5207999379924515,-1.0020249209587846,0,0,1,1,0,0,0,0,0,1
0,0,1,0,-0.38609757970174374,1,1,0,0,0,1,1,1,1,0.28936168762015496,-0.2891495380840631,1,0,0,1,0,0,0,1,0,0
1,0,0,0,-1.1595065416350294,1,1,0,0,0,0,0,0,0,-0.4821554122055666,-0.9197016774709575,1,0,0,1,0,0,0,0,0,1
0,0,1,1,-1.0780950719578415,1,0,0,0,0,0,1,0,0,-0.33448869847548224,-0.8545016686285986,1,0,0,1,0,0,0,0,1,0
0,0,0,1,-0.5489205190561197,1,1,1,1,0,1,1,0,1,0.36402463276457964,-0.40644369540551895,1,0,0,1,0,0,0,0,0,1
1,0,1,1,1.2828375486806096,1,0,1,0,1,1,1,0,0,0.14335415044883548,0.9424061844938284,1,0,0,0,0,1,0,0,0,1
1,0,1,0,1.2014260790034217,1,1,0,0,0,0,0,0,1,-1.3664965180273074,-0.3751828157450748,0,0,1,0,1,0,0,1,0,0
1,0,0,0,-1.2816237461508113,1,1,1,0,0,0,0,0,1,0.5564891135813186,-0.9745399340663153,0,1,0,1,0,0,0,0,1,0
0,0,1,1,-1.2816237461508113,0,0,1,0,0,0,0,0,0,-1.1425076825940335,-0.9970196677547246,1,0,0,1,0,0,1,0,0,0
1,0,0,0,-0.9966836022806536,0,0,1,0,0,0,0,0,0,-1.1806687434456282,-0.9153769630797304,1,0,0,1,0,0,0,0,0,1
0,0,1,0,1.6084834273893616,1,1,1,1,1,1,1,1,1,1.6167029346321486,2.5565783899382093,0,1,0,0,0,1,0,1,0,0
1,0,0,0,-0.8745663977648716,1,0,0,1,1,1,0,0,1,-0.13372833486491825,-0.7081199652747772,1,0,0,1,0,0,0,0,1,0
0,0,1,1,-0.30468611002455576,1,0,0,0,0,0,0,0,0,-1.4876164068171518,-0.7970071153767002,0,0,1,0,0,1,0,0,0,1
1,1,1,1,-0.2639803751859618,1,1,0,1,1,0,1,1,0,1.3545530383472797,0.17954412817329848,0,1,0,1,0,0,0,0,1,0
0,0,1,1,-0.6303319887333076,1,0,1,1,0,0,1,1,0,0.3192268656779245,-0.4766050517220776,1,0,0,1,0,0,0,0,0,1
0,0,0,0,-0.8745663977648716,1,0,0,0,0,0,0,0,1,-0.6729607164635407,-0.8030661060974043,1,0,0,1,0,0,0,0,0,1
0,0,0,0,1.4456604880349857,1,0,0,0,0,0,0,0,0,-1.4743429943470319,-0.3847981705844529,0,0,1,0,0,1,0,1,0,0
1,0,0,0,1.0793088744876398,1,1,0,1,1,1,1,1,1,1.5403808129289587,1.8521329071966417,0,1,0,1,0,0,0,0,1,0
1,0,0,0,-0.9559778674420595,0,0,1,0,1,1,0,1,0,-0.4688819997354467,-0.8068639517303093,1,0,0,0,1,0,0,0,0,1
1,1,0,0,-1.2409180113122174,1,1,0,0,0,0,0,0,1,0.25451897988608974,-0.9426643741878286,0,1,0,1,0,0,0,0,0,1
0,0,1,0,0.590840056424512,1,0,0,0,1,0,0,1,1,0.6759498258123978,0.7658612447260673,0,1,0,1,0,0,0,0,1,0
1,1,0,0,0.020959768684196134,0,0,0,0,1,1,1,1,1,-0.34278458126930716,-0.21848326587411238,1,0,0,1,0,0,0,0,1,0
1,0,1,1,0.5501343215859179,1,0,0,0,0,0,0,0,0,-1.4925939364934466,-0.6317679010479338,0,0,1,0,0,1,0,1,0,0
0,0,1,1,1.3235432835192036,1,1,0,1,1,1,1,1,1,1.522129870782544,2.1709543645762976,0,1,0,0,0,1,0,1,0,0
0,0,1,1,0.631545791263106,0,0,0,0,0,1,0,0,1,-1.1756912137693334,-0.3856104265868662,1,0,0,1,0,0,0,1,0,0
1,0,0,0,-1.2409180113122174,1,0,0,0,0,0,0,0,1,-0.6281629493768859,-0.9733105736302304,1,0,0,1,0,0,0,1,0,0
0,0,0,0,-1.2816237461508113,1,0,0,0,1,0,0,0,1,0.32088604223668943,-0.9776572408863877,0,1,0,1,0,0,0,0,0,1
1,0,0,1,-1.2816237461508113,1,0,0,0,1,0,0,0,1,-0.5004063543519814,-0.9885239090267809,1,0,0,1,0,0,0,0,1,0
0,0,0,0,-0.2639803751859618,1,1,0,0,1,0,0,0,1,0.5233055824060188,-0.04755825952845351,0,1,0,1,0,0,0,0,1,0
0,0,1,1,-0.6710377235719016,1,0,0,0,0,0,0,0,0,-1.477661347464562,-0.8692978995914773,0,0,1,1,0,0,0,0,1,0
0,0,1,0,0.6722515261016999,1,1,1,1,1,1,0,1,0,1.3844182164050498,1.2614252176578558,0,1,0,0,0,1,0,1,0,0
1,0,0,0,-0.019745966154397852,1,0,0,0,0,0,0,0,0,-1.4793205240233267,-0.6997778766013439,0,0,1,0,1,0,0,1,0,0
1,0,0,0,-0.1418631706701798,1,0,0,0,0,0,0,0,1,-1.497571466169742,-0.7591823291021599,0,0,1,0,1,0,0,0,0,1
1,0,0,0,-1.2409180113122174,0,0,0,0,0,0,0,0,0,-1.3482455758808924,-0.9935291622308408,1,0,0,1,0,0,0,0,0,1
0,1,1,0,1.5270719577121736,1,1,1,0,0,0,0,1,1,0.8601184238353119,1.8303337123210652,0,1,0,1,0,0,0,0,1,0
1,1,1,0,0.7536629957788878,1,1,1,0,1,0,0,1,1,0.9530323111261518,1.1142532111665508,0,1,0,0,1,0,1,0,0,0
1,1,1,0,0.9164859351332638,1,1,1,1,0,0,0,0,0,-0.16359351292268806,0.445546992531165,1,0,0,0,1,0,0,1,0,0
1,1,0,0,-1.1188008067964355,1,1,0,1,0,0,0,1,1,0.8252757161012472,-0.7897407170848414,0,1,0,1,0,0,0,0,1,0
0,0,1,0,1.4863662228735797,1,1,0,0,0,0,0,0,1,-1.3266762806169474,-0.25595680630977125,0,0,1,0,0,1,0,1,0,0
1,0,1,0,-0.7524491932490895,1,0,0,0,1,0,0,0,0,-0.4887921184406264,-0.7167474411923014,1,0,0,1,0,0,0,1,0,0
0,0,1,0,1.6084834273893616,1,1,0,1,1,0,1,1,1,1.2085455011759603,2.2048715408932824,0,1,0,0,1,0,0,0,1,0
0,0,1,0,1.5677776925507676,0,0,0,1,1,1,1,1,1,-0.11713656927726834,0.882079711665949,1,0,0,0,0,1,0,1,0,0
0,0,0,0,0.346605647392948,1,0,0,0,0,0,0,0,0,-1.4760021709057967,-0.6698780745665652,0,0,1,1,0,0,0,0,1,0
0,0,0,1,-0.2639803751859618,0,0,1,0,0,1,0,1,0,-0.634799655611946,-0.5068121938658776,1,0,0,1,0,0,0,0,0,1
0,0,0,0,-0.1418631706701798,1,0,0,0,0,0,1,0,1,0.46357522629047915,0.036367543099269865,0,1,0,1,0,0,0,0,1,0
0,1,1,1,0.9164859351332638,1,1,1,0,1,1,1,0,0,0.3756388686759344,0.8136745845437972,1,0,0,0,1,0,0,0,1,0
0,0,1,1,0.26519417771576004,1,0,1,0,0,0,0,0,0,-0.46058611694162177,-0.10331853645087498,1,0,0,1,0,0,0,1,0,0
1,0,0,0,-0.4675090493789317,1,1,0,1,0,0,0,0,1,0.5780584088452633,-0.1969035996478367,0,1,0,1,0,0,0,0,1,0
0,0,1,0,0.631545791263106,0,0,0,1,1,0,0,0,0,-1.003136851657774,-0.3059434797555798,1,0,0,0,1,0,0,0,0,1
0,0,1,1,1.5677776925507676,0,0,1,1,0,1,1,1,0,-0.17354857227527792,0.7996686567184014,1,0,0,0,0,1,1,0,0,0
0,0,0,1,-0.7931549280876836,1,1,1,1,1,1,1,1,0,0.7970697146022425,-0.5003360987115019,1,0,0,0,0,1,0,1,0,0
0,0,0,0,-1.1595065416350294,1,0,0,0,0,0,0,0,0,-1.4859572302583868,-0.9733105736302304,0,0,1,1,0,0,0,0,0,1
0,0,0,0,1.5270719577121736,1,1,1,1,1,1,1,1,1,1.560290931634139,2.412457831672187,0,1,0,0,0,1,0,1,0,0
0,0,0,0,0.387311382231542,1,0,1,1,1,1,0,1,0,0.29765757041397994,0.37725162973366383,1,0,0,0,1,0,0,1,0,0
0,0,0,0,-1.2409180113122174,1,0,0,0,0,0,0,0,1,-1.4677062881119718,-0.9929144820127983,0,0,1,1,0,0,1,0,0,0
0,0,0,0,-0.7931549280876836,1,0,0,0,0,0,0,0,1,-1.477661347464562,-0.8956852432374421,0,0,1,0,0,1,0,0,0,1
0,0,1,1,-1.0780950719578415,1,0,0,0,0,0,0,0,0,-0.6447547149645358,-0.8851917738008603,1,0,0,1,0,0,0,0,0,1
0,0,0,0,-1.2816237461508113,1,0,0,0,0,0,0,0,0,0.20474368312314,-0.9791939414314939,0,1,0,1,0,0,0,0,0,1
0,0,1,0,-0.1418631706701798,1,0,0,0,0,0,0,0,0,-1.4959122896109767,-0.7588091303983485,0,0,1,1,0,0,0,0,0,1
1,0,0,0,1.0793088744876398,0,0,0,0,0,1,1,1,1,-0.4390168216776767,0.309307512775044,1,0,0,1,0,0,0,0,1,0
0,0,0,1,1.3235432835192036,0,0,0,1,0,1,1,0,0,-0.6530505977583607,0.2777612458705085,1,0,0,0,0,1,0,0,0,1
1,0,1,1,1.5677776925507676,1,1,1,1,1,1,1,1,0,0.8451858348064274,1.9172451045792804,1,0,0,0,0,1,0,0,1,0
1,0,0,0,0.7536629957788878,1,1,0,0,0,0,0,1,0,0.6129011165793284,0.8114353923209282,0,1,0,1,0,0,1,0,0,0
0,0,1,0,-0.5896262538947137,1,0,0,0,0,0,0,0,0,-1.4876164068171518,-0.8477401862301317,0,0,1,0,0,1,0,0,0,1
0,0,0,0,-0.6710377235719016,0,0,1,0,0,0,1,0,1,-0.8637660207215148,-0.7187012461710791,1,0,0,1,0,0,0,0,1,0
0,0,0,1,0.06166550352279012,1,1,1,1,1,1,1,1,1,1.6996617625703982,0.722504336489145,0,1,0,0,0,1,0,1,0,0
0,0,0,0,-0.6303319887333076,1,1,0,0,1,0,0,0,0,0.5017362871420736,-0.41959346149864113,0,1,0,1,0,0,1,0,0,0
1,0,1,1,-0.06045170099299184,0,0,1,0,1,1,1,1,0,-0.16525268948145297,-0.19868178170717377,1,0,0,0,1,0,0,0,1,0
1,0,1,1,-0.1825689055087738,1,1,0,0,0,0,1,1,0,0.904916190921967,0.11715408604199073,0,1,0,0,1,0,1,0,0,0
1,0,1,1,0.8350744654560759,1,0,0,1,0,1,1,0,1,0.9165304268333218,1.0880414904400268,0,1,0,1,0,0,0,0,1,0
0,0,0,0,1.1200146093262338,1,1,1,0,1,1,0,0,0,-0.005971739840013817,0.7631610423396665,1,0,0,0,1,0,0,0,1,0
1,0,1,1,-0.38609757970174374,1,1,0,0,0,0,0,0,1,-0.5501816511149312,-0.5418709191592268,1,0,0,0,1,0,0,1,0,0
1,0,1,0,1.4863662228735797,1,1,1,1,1,1,0,1,1,1.4026691585514646,2.202215244236742,0,1,0,0,1,0,0,1,0,0
1,0,0,0,-0.30468611002455576,1,0,0,0,0,0,0,0,1,-1.466047111553207,-0.7911457004403668,0,0,1,0,0,1,0,0,0,1
1,0,0,0,0.6722515261016999,1,1,0,1,0,0,1,1,0,1.1206091435614158,1.149992475272733,0,1,0,1,0,0,0,0,1,0
1,1,0,0,0.9164859351332638,1,1,1,0,0,0,1,1,1,1.1239274966789456,1.4561032238578686,0,1,0,1,0,0,0,0,1,0
0,1,1,0,-0.6710377235719016,1,1,0,0,0,0,0,1,1,0.6776090023711627,-0.4066412711898897,0,1,0,1,0,0,0,1,0,0
0,0,0,0,1.2014260790034217,1,1,0,0,0,0,1,1,1,0.9646465470375066,1.5173297641478818,0,1,0,0,1,0,1,0,0,0
0,0,1,1,1.0386031396490458,1,1,1,1,0,0,0,1,1,0.9447364283323268,1.3761289369175613,0,1,0,1,0,0,1,0,0,0
0,0,1,1,1.4863662228735797,1,0,0,0,0,0,0,0,0,-1.5108448786398618,-0.41935197998441015,0,0,1,0,0,1,0,0,0,1
1,0,1,0,-1.2816237461508113,1,0,0,0,1,0,0,0,0,0.37397969211716947,-0.9769547492086249,0,1,0,1,0,0,0,0,1,0
0,0,0,0,-0.22327464034736777,1,0,0,1,0,1,0,0,1,-0.29135010794759253,-0.3784537926196578,1,0,0,1,0,0,0,0,0,1
1,1,0,0,0.6722515261016999,1,1,1,1,1,1,0,1,0,0.5448748776699633,0.7725568685297438,1,0,0,0,0,1,0,1,0,0
0,0,0,0,-1.2816237461508113,1,0,0,0,1,0,1,0,1,0.680927355488693,-0.9728934691965588,0,1,0,1,0,0,0,0,1,0
1,0,0,0,1.3235432835192036,1,1,0,0,0,0,0,0,0,-1.3316538102932427,-0.3075021331656159,0,0,1,0,1,0,0,1,0,0
0,0,0,0,0.26519417771576004,1,1,0,1,1,0,1,1,1,1.2782309166440902,0.7433815110376578,0,1,0,1,0,0,0,0,1,0
1,0,1,0,0.428017117070136,1,0,1,1,1,0,0,0,1,0.7024966507526377,0.5489669392168058,0,1,0,1,0,0,0,1,0,0
0,0,1,0,-0.5082147842175256,0,0,0,0,0,0,0,0,1,-1.3432680462045974,-0.7984340515971559,1,0,0,1,0,0,0,0,1,0
1,0,1,0,-0.8338606629262776,1,0,0,1,0,0,0,1,1,0.667653943018573,-0.5714414282200543,0,1,0,1,0,0,0,1,0,0
1,0,0,1,-1.0780950719578415,1,0,0,0,0,0,0,0,0,-1.5025489958460367,-0.9661100339331617,0,0,1,1,0,0,0,0,0,1
0,0,0,0,1.4456604880349857,1,1,0,0,0,0,0,0,0,-1.3084253384705327,-0.21053632876942086,0,0,1,0,0,1,1,0,0,0
0,0,1,0,0.590840056424512,1,0,1,0,1,0,1,0,1,0.03716685068787588,0.3161787594981611,1,0,0,0,1,0,0,1,0,0
1,0,1,1,1.2014260790034217,1,1,1,1,1,1,1,1,0,1.679751643865218,2.1328222381927366,0,1,0,0,0,1,1,0,0,0
0,0,1,0,0.9571916699718578,1,0,0,0,1,1,1,1,1,1.1206091435614158,1.478824439060509,0,1,0,1,0,0,0,0,1,0
0,0,1,0,-0.6303319887333076,1,0,0,0,0,0,0,0,0,-1.5125040551986266,-0.8756203246913424,0,0,1,0,1,0,0,0,0,1
0,0,0,0,0.1023712383613841,1,1,0,0,0,1,0,0,0,0.5017362871420736,0.23471167774260765,0,1,0,1,0,0,0,1,0,0
0,1,1,0,-1.2409180113122174,1,1,0,0,1,0,0,0,0,0.473530285643069,-0.9345198612987664,0,1,0,1,0,0,0,0,1,0
0,0,1,0,-1.2816237461508113,0,0,0,0,0,0,0,1,0,-0.9931817923051841,-0.9950439099110168,1,0,0,1,0,0,0,0,1,0
0,0,1,1,0.631545791263106,1,1,1,1,0,0,1,1,1,1.27159421040903,1.2013621792091371,0,1,0,0,1,0,0,1,0,0
0,0,0,0,0.5094285867473239,1,1,0,0,1,0,0,1,1,0.8086839505135972,0.8301831389712225,0,1,0,1,0,0,0,1,0,0
1,0,1,1,1.5270719577121736,1,1,1,1,1,1,1,1,1,0.8368899520126024,1.7280114088819287,1,0,0,0,0,1,0,1,0,0
1,0,0,0,-0.06045170099299184,1,0,0,1,0,1,0,0,1,0.44864263726159415,0.0587594653279588,0,1,0,1,0,0,0,0,1,0
1,0,0,0,1.0793088744876398,1,1,0,0,0,0,0,0,0,-1.3250171040581826,-0.3472148658241437,0,0,1,0,0,1,0,0,0,1
1,1,1,1,0.590840056424512,1,0,0,1,0,0,1,0,1,0.6643355899010431,0.7537432632846591,0,1,0,0,1,0,1,0,0,0
1,0,1,1,-0.019745966154397852,1,0,0,0,0,0,0,0,0,-1.5257774676687466,-0.7408516868855372,0,0,1,0,0,1,0,0,0,1
1,0,0,0,0.22448844287716607,1,0,1,1,0,1,1,0,0,0.18815191753549007,0.17864406071116484,1,0,0,0,1,0,0,0,0,1
0,0,0,0,1.0793088744876398,1,1,0,1,1,0,0,0,1,0.6079235869030333,1.1625275611478127,0,1,0,1,0,0,0,0,1,0
1,0,0,0,-0.22327464034736777,1,1,0,0,1,0,1,1,1,1.1803394996769556,0.16338681958475423,0,1,0,0,1,0,1,0,0,0
0,0,1,0,1.0386031396490458,1,1,0,1,1,0,0,1,1,0.9746016063900964,1.4527663883884954,0,1,0,0,1,0,0,0,1,0
0,0,0,0,1.5677776925507676,1,1,1,1,1,1,1,1,0,1.5387216363701939,2.495856765541588,0,1,0,0,0,1,0,0,0,1
0,1,0,0,-0.22327464034736777,1,1,0,1,1,0,0,0,1,0.7141108866639929,0.04378761144563938,0,1,0,1,0,0,1,0,0,0
1,1,1,0,1.3235432835192036,1,1,0,1,1,0,1,1,1,1.2682758572915003,1.971863832525337,0,1,0,0,1,0,1,0,0,0
1,0,0,0,0.631545791263106,1,1,1,0,0,1,0,1,1,0.1997661534468453,0.5830158327233709,1,0,0,0,1,0,1,0,0,0
0,0,0,0,-0.1825689055087738,1,0,0,0,0,0,0,1,1,0.5199872292884885,-0.024749232866092995,0,1,0,1,0,0,0,0,1,0
0,0,0,0,-0.5489205190561197,1,1,0,0,0,0,0,0,0,-1.3349721634107725,-0.8058760728084554,0,0,1,1,0,0,1,0,0,0
0,0,1,1,1.0386031396490458,1,1,1,0,1,1,1,0,0,0.3607062796470494,0.9283563509385726,1,0,0,0,0,1,0,0,0,1
0,0,0,0,0.8350744654560759,1,0,0,1,1,0,1,1,1,1.1737027934418955,1.2730382832058718,0,1,0,0,1,0,0,0,0,1
0,1,1,1,0.30589991255435406,1,1,0,0,0,0,1,1,1,0.9828974891839214,0.5879552273326405,0,1,0,1,0,0,0,1,0,0
1,0,0,1,-1.2816237461508113,1,0,0,0,0,0,0,0,0,-1.5158224083161567,-1.0019590623639942,0,0,1,1,0,0,0,0,0,1
1,0,0,0,0.30589991255435406,1,1,0,1,1,0,1,1,1,1.313073624378155,0.7619975404983719,0,1,0,1,0,0,0,1,0,0
1,0,1,0,1.1607203441648277,1,1,0,0,0,0,0,0,0,-1.3100845150292975,-0.33487735573343475,0,0,1,0,0,1,1,0,0,0
1,1,1,0,1.3642490183577978,1,1,0,1,1,1,1,1,1,1.5237890473413087,2.2788966014375367,0,1,0,0,1,0,0,0,1,0
1,0,0,1,0.30589991255435406,0,0,1,1,0,1,0,0,0,-0.8189682536348599,-0.3237033474840203,1,0,0,0,1,0,0,0,0,1
1,0,0,0,-0.7117434584104956,1,1,1,0,0,0,1,1,1,1.1537926747367158,-0.3225178927777956,0,1,0,1,0,0,0,0,1,0
1,0,1,1,1.4456604880349857,1,1,0,0,0,0,0,0,0,-1.3001294556767078,-0.27009445132474735,0,0,1,0,0,1,0,0,0,1
1,1,1,0,-0.8338606629262776,1,0,0,0,0,0,0,1,1,0.5150096996121938,-0.5932186702307007,0,1,0,1,0,0,0,0,1,0
0,0,0,0,-1.2816237461508113,1,0,0,0,0,0,0,0,0,-1.5108448786398618,-1.0018932037692039,0,0,1,1,0,0,0,1,0,0
0,0,1,1,-0.9966836022806536,1,0,0,0,0,0,0,0,0,-1.5075265255223318,-0.9392177743938049,0,0,1,0,0,1,0,0,0,1
0,0,0,0,0.30589991255435406,1,0,0,1,0,0,0,0,0,0.3275227484717495,0.29433565889272434,0,1,0,1,0,0,0,1,0,0
1,1,1,0,1.6084834273893616,1,1,1,1,1,0,0,1,1,1.2516840917038503,2.304603406270669,0,1,0,0,0,1,0,1,0,0
0,0,0,1,-0.9559778674420595,1,0,0,0,1,1,1,1,1,0.26447403923868007,-0.7244089910529018,1,0,0,1,0,0,0,0,0,1
0,0,0,0,-0.7117434584104956,1,0,1,0,1,1,0,0,0,-0.19843622065675282,-0.591045336602622,1,0,0,1,0,0,0,0,1,0
1,0,0,0,-1.2816237461508113,1,0,0,0,0,0,0,0,0,-1.5091857020810966,-1.001871250904274,0,0,1,1,0,0,0,0,1,0
0,0,0,0,0.020959768684196134,1,1,0,0,0,0,0,1,1,0.6112419400205631,0.20044325558674148,0,1,0,1,0,0,0,0,1,0
0,0,1,1,0.22448844287716607,1,0,0,0,0,0,0,0,1,-1.4925939364934466,-0.6783079746997187,0,0,1,0,0,1,0,0,0,1
0,0,0,0,0.9164859351332638,1,0,0,1,1,0,0,1,1,-0.005971739840013817,0.5777032394102899,1,0,0,0,0,1,0,0,0,1
0,0,1,1,1.3235432835192036,1,1,0,1,0,1,1,1,1,0.48016699187812906,1.2164437974161066,1,0,0,0,0,1,1,0,0,0
0,0,1,0,-1.1595065416350294,1,0,1,1,0,0,0,0,0,-0.3394662281517771,-0.9072104973257378,1,0,0,1,0,0,0,0,0,1
0,0,0,1,0.428017117070136,1,0,1,1,0,1,1,1,1,1.3628489211411048,0.9795284790906059,0,1,0,0,1,0,0,1,0,0
0,0,0,0,-0.5896262538947137,0,0,0,0,1,1,0,0,1,-0.986545086070124,-0.7437714179212387,1,0,0,1,0,0,0,0,1,0
1,1,0,0,-1.2816237461508113,1,1,0,0,0,0,1,1,1,0.9497139580086216,-0.9693371050778845,0,1,0,1,0,0,0,0,1,0
1,0,0,0,-1.2816237461508113,1,0,0,0,0,0,0,0,0,-1.5274366442275116,-1.0021127324185048,0,0,1,1,0,0,0,0,0,1
1,0,1,0,-1.2002122764736234,1,0,0,0,0,0,0,0,1,0.1781968581829002,-0.9187137985491036,0,1,0,1,0,0,0,0,1,0
0,0,1,0,0.346605647392948,1,0,0,0,0,0,0,0,0,-1.469365464670737,-0.625994297571321,0,0,1,0,0,1,0,1,0,0
0,0,0,0,-0.6710377235719016,1,1,0,0,1,0,0,1,1,0.7804779490145926,-0.3860275310205379,0,1,0,1,0,0,0,0,1,0
0,0,0,0,-1.1188008067964355,1,0,0,0,0,0,1,0,0,0.5067138168183688,-0.8417031483743577,0,1,0,1,0,0,0,0,1,0
1,0,0,0,0.9571916699718578,1,1,1,0,0,1,1,1,1,1.3412796258771595,1.5336846485207967,0,1,0,1,0,0,0,0,0,1
0,1,1,0,-0.1825689055087738,1,1,0,0,0,0,0,0,0,-1.3017886322354726,-0.6878794238092367,0,0,1,1,0,0,0,0,0,1
0,0,1,0,0.8757802002946699,1,0,0,0,0,0,0,0,0,-1.4892755833759168,-0.5263941493835153,0,0,1,0,0,1,0,1,0,0
1,0,0,0,-1.2816237461508113,1,0,0,0,0,0,0,0,1,-1.5075265255223318,-1.0018492980393439,0,0,1,1,0,0,0,0,0,1
1,0,1,0,0.387311382231542,1,1,0,0,1,1,1,1,1,1.4391710428442943,1.0031717146203096,0,1,0,0,1,0,0,0,1,0
1,0,0,0,1.3642490183577978,1,0,1,0,1,1,1,1,1,1.3512346852297499,1.994716764917558,0,1,0,0,0,1,1,0,0,0
0,1,1,0,-0.9966836022806536,1,1,0,0,0,0,0,1,1,0.6328112352845081,-0.741093168399768,0,1,0,1,0,0,0,0,1,0
0,0,1,1,-0.7524491932490895,1,1,0,0,0,0,0,0,0,-1.3067661619117676,-0.8468840244978583,0,0,1,1,0,0,0,0,0,1
0,0,0,0,0.428017117070136,0,0,0,0,1,0,1,1,1,-0.5269531792922214,-0.09884015200513727,1,0,0,1,0,0,1,0,0,0
0,0,1,0,1.5270719577121736,0,0,1,0,1,1,0,1,1,-0.5004063543519814,0.4692999923855193,1,0,0,0,0,1,1,0,0,0
1,0,1,1,-0.06045170099299184,1,1,1,0,1,1,0,0,0,0.8086839505135972,0.22904783859064512,0,1,0,1,0,0,0,0,1,0
1,0,1,0,1.6084834273893616,1,1,1,0,1,1,1,1,1,1.5586317550753739,2.533242494517527,0,1,0,0,0,1,0,1,0,0
0,0,0,1,0.06166550352279012,1,0,1,0,1,1,1,0,0,0.09026050056835591,0.016675823256981696,1,0,0,0,0,1,0,1,0,0
1,0,1,1,-0.5489205190561197,1,0,0,0,0,0,0,0,0,-1.497571466169742,-0.859155675993777,0,0,1,0,1,0,0,0,0,1
0,0,1,0,0.8350744654560759,1,0,1,1,1,0,1,1,1,1.3661672742586346,1.5228399332453337,0,1,0,0,1,0,1,0,0,0
0,0,1,1,-1.2002122764736234,0,0,0,1,0,0,0,1,0,-0.817309077076095,-0.9697981152414165,1,0,0,1,0,0,0,0,0,1
1,0,0,0,-0.7931549280876836,1,0,0,1,1,0,0,0,1,0.4934404043482487,-0.5830105880382102,0,1,0,1,0,0,0,0,1,0
1,0,1,0,-0.3453918448631497,1,0,1,0,0,1,1,1,0,0.31424933600162985,-0.2583496685871507,1,0,0,0,1,0,1,0,0,0
0,1,0,0,-1.1595065416350294,1,1,0,0,1,0,0,1,1,0.7937513614847123,-0.8468840244978583,0,1,0,1,0,0,0,0,1,0
0,1,0,0,-0.019745966154397852,1,0,0,0,0,0,0,1,1,0.48348534499565887,0.1596767854115696,0,1,0,1,0,0,0,0,1,0
0,0,0,0,0.26519417771576004,0,0,1,1,0,1,0,0,1,-0.817309077076095,-0.29457189572179454,1,0,0,0,1,0,1,0,0,0
1,0,1,0,1.6084834273893616,1,1,0,1,1,1,1,1,1,1.4872871630484792,2.3961907587589923,0,1,0,0,0,1,0,1,0,0
0,0,0,0,1.1200146093262338,1,1,0,1,1,0,1,1,1,1.359530568023575,1.7979971422790466,0,1,0,1,0,0,0,0,1,0
0,0,0,1,-1.1595065416350294,1,1,0,0,0,0,0,0,1,-1.3100845150292975,-0.973442290819811,0,0,1,1,0,0,0,0,0,1
1,0,0,0,1.6084834273893616,1,1,0,0,0,0,0,0,0,-1.3333129868520075,-0.22994266136761793,0,0,1,0,0,1,1,0,0,0
0,0,1,0,-0.9559778674420595,0,0,0,0,1,0,1,1,1,-0.5369082386448113,-0.8162597779203866,1,0,0,1,0,0,0,0,1,0
0,0,0,0,-0.1418631706701798,0,0,1,1,0,1,0,0,0,-0.8438559020163349,-0.5350216253010396,1,0,0,0,1,0,0,1,0,0
1,0,0,0,-0.5896262538947137,1,1,0,0,0,0,0,0,0,-1.3664965180273074,-0.8240310921056375,0,0,1,0,1,0,0,0,0,1
0,1,1,1,1.6084834273893616,1,1,1,1,1,1,1,1,1,0.8169798333074222,1.821003744725778,1,0,0,0,0,1,0,1,0,0
1,0,0,0,-1.2409180113122174,1,0,0,0,0,0,0,0,0,-1.4892755833759168,-0.9916631687117834,0,0,1,1,0,0,0,0,0,1
1,0,1,0,1.5677776925507676,1,1,1,1,1,0,1,1,1,1.482309633372184,2.4380109664508085,0,1,0,0,1,0,0,0,1,0
1,0,1,0,-0.9966836022806536,1,0,0,0,0,0,0,0,1,-1.5058673489635668,-0.9396568316924067,0,0,1,1,0,0,1,0,0,0
0,1,1,1,1.6084834273893616,1,1,1,1,1,1,1,1,1,0.7672045365444724,1.8108176153982174,1,0,0,0,0,1,0,1,0,0
1,0,1,1,1.5677776925507676,1,0,1,0,1,1,0,1,1,0.19644780032931503,1.173196653503835,1,0,0,0,0,1,0,1,0,0
1,0,0,0,0.46872285190873,1,0,1,1,1,0,1,1,1,1.3645080976998696,0.9700887471706684,0,1,0,0,1,0,0,0,1,0
1,0,1,1,0.590840056424512,1,1,0,0,0,0,0,0,0,-1.3399496930870676,-0.5009068731996841,0,0,1,0,0,1,0,0,0,1
0,1,0,0,-0.22327464034736777,1,1,1,1,1,0,1,1,1,1.512174811429954,0.2442392211222654,0,1,0,0,1,0,1,0,0,0
1,0,0,0,-1.2816237461508113,1,0,1,0,0,0,0,0,0,-0.5037247074695115,-0.988567814756641,1,0,0,1,0,0,0,0,1,0
0,0,1,1,0.5501343215859179,1,1,0,0,0,0,0,0,0,-1.3266762806169474,-0.4985140109223046,0,0,1,0,1,0,0,0,0,1
1,0,0,0,-0.8745663977648716,0,0,0,1,1,0,0,0,0,-1.003136851657774,-0.8420104884833789,1,0,0,1,0,0,0,0,0,1
1,1,1,0,0.346605647392948,1,1,0,0,1,0,1,1,1,1.1571110278542456,0.8596658365723299,0,1,0,1,0,0,0,0,1,0
0,0,1,0,1.4863662228735797,1,0,0,1,0,0,0,1,1,-0.1154773927185032,0.8034225966214463,1,0,0,0,0,1,0,1,0,0
1,0,0,0,-0.7931549280876836,1,0,0,0,0,0,0,0,1,-1.4925939364934466,-0.8989781729769551,0,0,1,0,1,0,0,0,1,0
0,0,1,1,0.5094285867473239,1,0,0,0,0,0,0,0,1,-1.4909347599346818,-0.621230525881492,0,0,1,0,0,1,1,0,0,0
1,0,0,0,-0.3453918448631497,1,1,0,0,0,0,0,0,0,-1.3382905165283026,-0.7502036073457542,0,0,1,0,1,0,0,0,1,0
1,0,0,0,1.3235432835192036,1,1,0,0,0,0,0,0,0,-1.3001294556767078,-0.2838808505008421,0,0,1,0,0,1,0,0,0,1
0,1,1,0,-1.2816237461508113,1,0,1,0,0,0,0,0,1,-0.5103614137045716,-0.9886556262163613,1,0,0,1,0,0,0,0,1,0
1,0,1,1,0.7536629957788878,1,0,1,0,0,1,1,1,1,0.38061639835222955,0.731022048082019,1,0,0,0,1,0,1,0,0,0
0,0,0,0,-0.8745663977648716,1,0,0,0,0,0,0,0,0,-1.4909347599346818,-0.9173527209234382,0,0,1,0,1,0,0,0,0,1
0,0,0,0,-1.1188008067964355,1,0,0,1,0,0,1,1,1,1.0393094921819312,-0.7854160026936141,0,1,0,1,0,0,0,0,1,0
1,0,0,0,-0.9966836022806536,1,0,0,0,0,0,0,0,1,-1.5008898192872717,-0.9362541376282432,0,0,1,1,0,0,1,0,0,0
1,0,1,0,1.5677776925507676,1,1,1,1,1,1,0,1,0,0.5133505230534289,1.5041360923248994,1,0,0,0,0,1,0,1,0,0
0,0,0,0,-0.7117434584104956,1,0,0,0,1,0,1,1,1,0.9646465470375066,-0.34943210518208245,0,1,0,1,0,0,0,1,0,0
0,0,1,0,-0.1825689055087738,1,0,0,0,0,0,0,0,0,-1.4743429943470319,-0.7631997033843659,0,0,1,1,0,0,0,0,0,1
0,0,0,0,-0.6710377235719016,1,1,0,0,0,0,0,0,1,0.3258635719129846,-0.5145615551861984,0,1,0,1,0,0,0,1,0,0
1,0,1,1,0.8350744654560759,1,1,1,1,0,1,0,0,0,-0.025881858545193533,0.522579595570841,1,0,0,0,1,0,1,0,0,0
0,0,1,1,-0.7524491932490895,1,0,1,1,0,1,0,0,0,-0.18184445506910288,-0.6675730237489061,1,0,0,1,0,0,1,0,0,0
0,0,0,0,0.6722515261016999,1,0,0,0,1,1,1,1,0,1.1853170293532507,1.148763114836648,0,1,0,0,0,1,0,1,0,0
0,0,1,0,1.5677776925507676,0,0,0,0,1,1,0,1,1,-0.5933202416428212,0.42249648435457343,1,0,0,0,0,1,0,0,1,0
0,0,1,1,0.5094285867473239,1,0,0,0,0,0,0,0,0,-1.462728758435677,-0.6187059464145319,0,0,1,0,0,1,0,0,0,1
0,0,1,0,0.8350744654560759,1,1,0,1,0,0,1,1,1,1.1106540842088262,1.2505146437876022,0,1,0,1,0,0,0,1,0,0
0,0,0,0,-0.2639803751859618,0,0,0,0,1,1,1,0,1,-0.6795974226986006,-0.4906548852773334,1,0,0,1,0,0,0,1,0,0
0,0,1,0,1.4049547531963917,1,1,0,1,1,1,1,1,0,0.704155827311403,1.5729363710157929,1,0,0,0,0,1,1,0,0,0
0,0,1,0,-1.2409180113122174,1,1,0,0,0,0,1,0,1,0.634470411843273,-0.9515552844845139,0,1,0,1,0,0,0,0,1,0
0,1,0,0,-0.6303319887333076,1,1,0,0,1,0,0,0,1,0.5880134681978536,-0.36497473355258425,0,1,0,1,0,0,0,1,0,0
0,1,0,0,-0.7931549280876836,1,1,0,0,0,0,0,1,1,0.5664441729339085,-0.5155055283781921,0,1,0,1,0,0,0,0,1,0
1,0,0,1,1.5677776925507676,1,1,1,0,1,0,1,1,0,1.3860773929638146,2.2308198272406456,0,1,0,0,0,1,1,0,0,0
0,0,1,0,1.4456604880349857,1,1,1,0,0,1,0,0,0,-0.2216646924794628,0.7351491866888752,1,0,0,0,1,0,1,0,0,0
1,0,1,1,-1.2816237461508113,1,0,0,0,0,0,0,0,0,-1.5008898192872717,-1.0017614865796234,0,0,1,1,0,0,0,0,0,1
1,0,0,1,-0.9152721326034655,1,0,0,0,0,0,0,0,1,-1.4925939364934466,-0.914037838318995,0,0,1,0,1,0,1,0,0,0
0,0,1,1,0.346605647392948,1,0,1,1,0,1,1,1,0,0.44864263726159415,0.3622797758513442,1,0,0,0,0,1,0,0,1,0
0,1,1,0,-0.06045170099299184,0,0,1,1,1,0,0,1,1,-0.4821554122055666,-0.31665647784146234,1,0,0,0,1,0,0,1,0,0
1,0,0,0,-0.8745663977648716,1,0,0,0,1,0,1,1,1,0.14667250356636527,-0.6976923544329857,1,0,0,1,0,0,0,0,1,0
1,0,0,0,-1.2816237461508113,1,1,0,0,0,0,0,0,1,-1.3250171040581826,-0.9994344828970342,0,0,1,1,0,0,0,0,0,1
1,0,0,1,-0.4268033145403377,1,0,0,0,0,0,0,0,0,-1.4859572302583868,-0.8205186337168235,0,0,1,1,0,0,0,1,0,0
1,0,0,0,0.9978974048104517,1,1,0,0,0,1,1,0,1,0.8468450113651922,1.2857709448653223,0,1,0,0,0,1,0,1,0,0
0,0,1,0,-0.8338606629262776,1,0,0,1,0,0,0,0,1,-0.4539494107065617,-0.7416639428879503,1,0,0,1,0,0,0,0,1,0
0,0,0,0,1.4049547531963917,1,1,0,0,0,0,0,0,1,-1.3051069853530026,-0.2243446808104457,0,0,1,0,0,1,1,0,0,0
1,0,1,0,-0.1418631706701798,0,0,0,0,0,0,1,0,0,-1.034661206274309,-0.5672923367482677,1,0,0,1,0,0,0,0,0,1
1,0,1,1,-1.1595065416350294,1,0,0,0,0,0,0,0,1,-1.4743429943470319,-0.9763400689905825,0,0,1,1,0,0,0,0,0,1
0,0,0,0,-0.30468611002455576,0,0,0,0,1,0,1,1,1,-0.5535000042324613,-0.44235858243114157,1,0,0,1,0,0,0,0,1,0
0,0,1,1,1.6084834273893616,0,0,1,1,1,1,0,1,0,-0.30794187353524244,0.6931533560776185,1,0,0,0,0,1,0,1,0,0
1,0,1,1,1.6084834273893616,1,1,1,1,1,1,1,1,1,0.8120023036311275,1.789259902036872,1,0,0,0,0,1,0,0,0,1
0,0,0,0,-0.9559778674420595,0,0,0,1,0,0,0,1,0,-0.8023764880472101,-0.852613722244611,1,0,0,1,0,0,0,0,1,0
1,0,1,1,0.8350744654560759,1,1,1,1,0,0,0,1,0,0.1582867394777205,0.6079762401488802,1,0,0,0,0,1,1,0,0,0
0,0,1,0,1.4456604880349857,1,1,1,1,1,0,1,1,1,1.522129870782544,2.3060522953560545,0,1,0,0,0,1,1,0,0,0
1,1,0,0,0.9978974048104517,1,0,0,0,1,1,0,0,1,-0.3792864655621371,0.3224792317330963,1,0,0,0,1,0,0,0,1,0
0,0,1,1,-0.7117434584104956,1,1,0,0,0,0,0,0,1,-1.3167212212643575,-0.8370491410091793,0,0,1,1,0,0,0,0,1,0
0,0,1,1,-0.38609757970174374,1,0,0,0,0,0,0,0,1,-1.5025489958460367,-0.8121545921784603,0,0,1,0,0,1,0,0,0,1
1,0,1,1,-0.8338606629262776,1,1,0,0,0,0,0,0,1,-1.3582006352334823,-0.8920191147941174,0,0,1,0,0,1,1,0,0,0
1,0,1,0,0.1023712383613841,0,0,1,0,1,0,1,1,0,-0.39090070147349204,-0.16263517749197054,1,0,0,0,1,0,0,1,0,0
0,0,1,0,-0.5489205190561197,1,1,0,0,1,0,0,1,0,0.8202981864249524,-0.23720905965947678,0,1,0,1,0,0,0,0,0,1
1,0,0,0,-0.9966836022806536,1,1,0,0,0,0,0,1,0,0.6494030008721581,-0.7194695964436322,0,1,0,1,0,0,1,0,0,0
1,0,0,0,0.8350744654560759,1,0,0,0,0,0,0,0,0,-1.5025489958460367,-0.5810128773295723,0,0,1,0,0,1,1,0,0,0
1,0,0,0,-0.7931549280876836,1,0,0,0,0,0,0,0,1,-1.477661347464562,-0.8999221461689488,0,0,1,1,0,0,0,0,1,0
0,1,0,0,-1.2816237461508113,1,0,0,0,1,0,0,0,1,0.3441145140593994,-0.9773499007773664,0,1,0,1,0,0,1,0,0,0
0,0,1,1,-0.38609757970174374,1,1,0,0,0,0,0,1,0,0.6859048851649877,-0.19007625865457953,0,1,0,1,0,0,0,0,1,0
0,1,0,0,-0.7524491932490895,0,0,0,0,0,0,1,1,1,-0.6165487134655309,-0.7150570705926846,1,0,0,1,0,0,0,0,1,0
1,0,0,0,-0.10115743583158582,1,0,1,0,1,0,0,0,1,-0.30794187353524244,-0.28427600206958376,1,0,0,0,0,1,0,0,0,1
0,0,1,1,-0.9966836022806536,1,0,0,0,0,0,0,0,1,-1.4959122896109767,-0.9460451153870622,0,0,1,0,0,1,0,0,0,1
1,0,0,0,-0.6710377235719016,1,1,0,1,1,0,0,1,1,0.21469874247573031,-0.47822956372690406,1,0,0,1,0,0,1,0,0,0
1,1,1,0,1.0386031396490458,1,1,0,1,0,0,1,1,1,1.127245849796476,1.5276476106650227,0,1,0,1,0,0,0,0,1,0
1,0,0,0,-1.0373893371192475,1,1,0,1,0,0,1,1,1,1.1571110278542456,-0.7148155890784537,0,1,0,1,0,0,0,0,1,0
0,1,0,0,-1.0780950719578415,1,1,0,1,0,0,1,1,1,1.1056765545325309,-0.7642753937659402,0,1,0,1,0,0,0,0,1,0
0,0,1,0,1.5677776925507676,1,0,1,0,1,1,1,1,0,0.5614666432576133,1.5907401444740934,1,0,0,0,0,1,1,0,0,0
1,0,0,0,-1.2816237461508113,1,0,0,0,0,0,0,0,1,-0.6646648336697157,-0.9906972426548594,1,0,0,1,0,0,0,0,0,1
1,0,1,0,0.9978974048104517,1,1,1,1,1,1,1,0,1,1.26495750417397,1.5913328718272057,0,1,0,1,0,0,0,0,1,0
0,0,0,0,-1.2816237461508113,1,0,0,0,0,0,0,0,0,-1.5141632317573919,-1.0019371094990641,0,0,1,1,0,0,0,0,1,0
0,0,0,0,-0.38609757970174374,1,0,0,0,0,0,0,0,1,-1.480979700582092,-0.8037905506400972,0,0,1,1,0,0,1,0,0,0
0,0,0,0,0.26519417771576004,1,0,0,1,0,0,1,0,1,-0.2100504565681078,-0.03372795462249858,1,0,0,0,1,0,0,1,0,0
1,0,0,0,0.590840056424512,1,1,1,1,0,1,1,0,0,1.1886353824707805,1.0396354232691845,0,1,0,1,0,0,0,0,0,1
1,1,1,0,-0.8745663977648716,1,0,0,0,0,0,0,0,0,-1.4925939364934466,-0.9161233604873532,0,0,1,1,0,0,0,0,0,1
0,0,0,1,0.346605647392948,1,1,0,1,0,0,1,0,1,0.7821371255733575,0.5899748909062087,0,1,0,1,0,0,1,0,0,0
0,0,0,0,-1.2002122764736234,1,0,1,1,0,1,0,1,0,0.20474368312314,-0.9167380407053958,1,0,0,0,0,1,0,0,0,1
1,0,0,0,-0.1418631706701798,1,0,0,0,1,1,1,1,1,0.3457736906181643,-0.025210243029624706,1,0,0,0,1,0,1,0,0,0
0,0,1,1,1.4863662228735797,1,1,1,1,1,1,1,0,1,1.3329837430833347,2.1660808285618187,0,1,0,0,1,0,0,1,0,0
0,1,0,0,0.22448844287716607,1,0,1,1,0,0,0,0,1,-0.25816657677229266,-0.022246606264062937,1,0,0,1,0,0,0,1,0,0
1,0,1,0,-0.6710377235719016,1,1,0,0,0,0,0,0,1,0.29599839385521454,-0.4465735324977183,0,1,0,1,0,0,1,0,0,0
0,0,1,0,0.428017117070136,1,0,1,0,1,1,1,1,1,0.4602568731729489,0.5088590549895365,1,0,0,0,0,1,0,0,1,0
0,0,0,0,-1.0780950719578415,0,0,0,0,0,1,1,1,1,-0.5203164730571613,-0.8981878698394721,1,0,0,0,1,0,0,0,0,1
0,0,1,0,-0.30468611002455576,1,1,0,0,0,0,0,0,1,-1.2652867479426428,-0.6883404339727686,0,0,1,0,1,0,0,0,0,1
0,0,0,0,-1.2816237461508113,1,0,0,0,0,0,0,0,1,0.1732193285066055,-0.9796110458651653,0,1,0,1,0,0,0,0,0,1
1,1,1,0,0.346605647392948,1,0,0,1,0,0,1,1,1,0.9828974891839214,0.6805963173376085,0,1,0,1,0,0,0,0,1,0
1,0,0,0,0.5094285867473239,1,1,0,0,1,1,1,1,1,1.2848676228791502,1.074167279804212,0,1,0,1,0,0,1,0,0,0
0,0,0,0,-1.1188008067964355,1,0,0,1,0,0,1,0,1,0.6759498258123978,-0.8258092741649745,0,1,0,1,0,0,0,0,0,1
0,0,1,0,0.5094285867473239,1,1,1,1,1,1,1,1,0,1.6050886987207935,1.1990351755265476,0,1,0,0,1,0,0,0,0,1
0,1,1,0,0.46872285190873,1,1,0,0,1,1,1,1,0,1.3014593884668002,0.9634370290968518,0,1,0,1,0,0,0,0,1,0
0,0,1,1,1.1607203441648277,1,0,0,0,1,1,1,1,1,0.2943392172964497,1.016299527848502,1,0,0,0,0,1,1,0,0,0
1,0,1,1,0.7943687306174818,1,1,0,1,0,1,0,1,1,0.9397588986560317,1.0231707745716192,0,1,0,1,0,0,1,0,0,0
0,0,0,0,-1.0780950719578415,1,1,1,0,0,0,0,0,1,0.4685527559667738,-0.8196405191196201,0,1,0,1,0,0,0,0,1,0
1,1,1,1,1.2828375486806096,1,1,0,0,0,0,0,0,1,-1.3449272227633626,-0.3304648298824871,0,0,1,0,0,1,1,0,0,0
0,0,1,1,-0.5489205190561197,1,0,0,0,0,0,0,0,0,-1.4859572302583868,-0.8401884006941817,0,0,1,0,0,1,0,0,0,1
1,1,0,0,1.5677776925507676,1,1,0,1,0,1,1,1,0,1.3545530383472797,2.231083261619807,0,1,0,0,1,0,1,0,0,0
1,0,1,0,0.5094285867473239,1,1,0,1,0,0,0,0,0,0.5465340542287288,0.6474035855633167,0,1,0,1,0,0,1,0,0,0
1,1,1,0,0.7129572609402939,1,1,1,1,1,0,1,0,1,1.2267964433223755,1.3014452904254044,0,1,0,0,1,0,1,0,0,0
0,0,1,0,1.4456604880349857,1,1,1,1,1,1,1,1,0,1.7809614139498826,2.4976788533307857,0,1,0,0,0,1,0,0,0,1
1,1,0,0,-1.2816237461508113,1,0,0,0,0,0,0,0,1,0.1566275629189556,-0.9798305745144662,0,1,0,1,0,0,0,0,1,0
0,1,0,0,-0.8338606629262776,1,1,0,1,0,0,1,0,1,0.875051012864197,-0.5298627020424691,0,1,0,1,0,0,0,0,1,0
0,0,0,0,0.020959768684196134,1,1,1,0,0,0,0,1,1,0.8534817176002523,0.3021947845376956,0,1,0,1,0,0,0,0,1,0
0,1,1,1,-0.019745966154397852,1,1,0,0,1,0,1,0,1,0.8767101894229619,0.2613405029028035,0,1,0,1,0,0,0,0,0,1
1,0,1,1,1.5677776925507676,1,0,0,0,0,0,0,0,1,-1.5042081724048018,-0.4012408664170882,0,0,1,0,0,1,1,0,0,0
0,1,1,0,-0.6303319887333076,1,1,0,0,0,0,1,1,1,0.9165304268333218,-0.30146509530984195,0,1,0,1,0,0,0,0,1,0
1,0,1,1,-0.5489205190561197,1,0,1,0,0,0,0,0,1,-0.5302715324097512,-0.5908477608182514,1,0,0,0,1,0,1,0,0,0
1,1,1,0,0.8757802002946699,1,1,0,0,0,0,0,0,0,0.3009759235315097,0.7103204964529467,0,1,0,1,0,0,1,0,0,0
0,0,1,0,0.9978974048104517,0,0,1,1,1,0,1,1,1,-0.20507292689181286,0.4988265957164865,1,0,0,1,0,0,1,0,0,0
1,0,1,1,1.4456604880349857,1,0,1,1,0,1,1,1,0,0.5946501744329131,1.5257816171459655,1,0,0,0,0,1,1,0,0,0
0,0,1,1,0.8350744654560759,0,0,1,1,1,0,0,1,1,-0.5385674152035762,0.0851248561089934,1,0,0,1,0,0,1,0,0,0
0,0,0,0,0.631545791263106,1,1,0,1,1,0,1,1,1,1.4093058647865246,1.238133227967033,0,1,0,1,0,0,1,0,0,0
1,0,1,1,0.14307697319997809,1,0,1,1,0,0,0,0,0,-0.37430893588584213,-0.15892514331878588,1,0,0,0,1,0,0,0,0,1
1,0,0,0,0.1023712383613841,1,0,1,1,1,0,0,0,0,-0.12377327551232817,-0.12298830342823308,1,0,0,0,1,0,0,0,0,1
0,0,1,0,1.4049547531963917,1,1,1,1,1,0,0,0,0,0.02389343821775623,0.8875679278984707,1,0,0,0,0,1,0,0,0,1
1,0,0,0,0.8350744654560759,0,0,1,1,0,0,0,1,1,-0.618207890024296,0.10780216558177351,1,0,0,1,0,0,1,0,0,0
0,0,1,1,-0.4268033145403377,1,1,0,0,0,0,0,0,1,0.3607062796470494,-0.3012894723904013,0,1,0,1,0,0,1,0,0,0
1,1,0,0,-0.10115743583158582,1,0,1,1,0,0,1,1,1,0.3258635719129846,-0.0834292408242159,1,0,0,1,0,0,0,0,1,0
0,0,0,0,0.7129572609402939,1,0,0,1,0,1,1,1,1,1.1703844403243657,1.2017573307778784,0,1,0,0,0,1,0,0,0,1
1,0,1,1,0.5094285867473239,1,0,0,0,0,0,0,0,0,-1.4793205240233267,-0.6024388735013374,0,0,1,0,0,1,0,0,0,1
0,0,0,0,-0.1418631706701798,0,0,0,0,0,0,0,0,1,-1.3216987509406526,-0.6974289200538247,1,0,0,1,0,0,0,1,0,0
1,0,0,0,-0.8338606629262776,1,0,0,0,0,0,0,0,1,-0.6480730680820658,-0.7825840831176328,1,0,0,1,0,0,1,0,0,0
1,0,0,0,-1.2002122764736234,0,0,0,1,0,1,0,0,1,-0.9317922596308794,-0.9626853870040682,1,0,0,1,0,0,0,0,0,1
1,0,0,0,-1.2816237461508113,0,0,0,0,0,0,0,1,1,-0.9848859095113592,-0.9949341455863663,1,0,0,1,0,0,1,0,0,0
1,0,1,1,-1.2409180113122174,1,0,0,0,0,0,1,1,1,0.8169798333074222,-0.9289438336065241,0,1,0,1,0,0,1,0,0,0
0,0,1,0,-0.22327464034736777,1,0,0,1,0,0,0,0,1,0.3706613389996392,-0.09128836646918716,0,1,0,1,0,0,0,0,1,0
0,1,1,0,0.9164859351332638,1,1,0,1,1,0,0,0,1,0.680927355488693,1.1298616981318428,0,1,0,1,0,0,0,0,1,0
0,0,1,1,-1.2816237461508113,1,0,0,0,0,0,0,0,1,-1.4942531130522119,-1.001673675119903,0,0,1,1,0,0,0,0,1,0
1,0,0,1,-1.1595065416350294,1,1,0,0,0,1,0,0,0,0.5266239355235486,-0.864446316441928,0,1,0,1,0,0,0,1,0,0
0,0,1,1,0.9164859351332638,1,1,0,0,0,0,0,0,1,-1.3034478087942378,-0.4009993849028573,0,0,1,0,0,1,0,1,0,0
1,0,1,1,-0.9966836022806536,1,0,0,0,0,0,1,0,1,-0.34942128750436724,-0.8018147927963893,1,0,0,1,0,0,0,0,1,0
1,0,0,0,1.5270719577121736,1,1,1,1,1,1,1,1,1,1.6598415251600385,2.3752696784806195,0,1,0,0,0,1,1,0,0,0
0,0,1,0,1.2828375486806096,0,0,1,0,1,1,0,1,0,-0.5667734167025811,0.37152193198691097,1,0,0,0,0,1,0,0,1,0
1,0,0,0,-0.8745663977648716,1,0,0,1,0,0,0,0,1,0.36402463276457964,-0.6300116718535268,0,1,0,1,0,0,0,0,0,1
1,0,0,0,-1.2816237461508113,1,0,1,0,0,0,0,0,1,-0.5435449448798714,-0.989094683514963,1,0,0,1,0,0,0,0,0,1
1,0,0,1,-1.2816237461508113,1,0,0,0,0,0,0,0,0,0.1599459160364854,-0.9797866687846061,0,1,0,1,0,0,1,0,0,0
1,0,0,0,-1.2816237461508113,1,0,0,0,0,0,1,0,1,0.4984179340245439,-0.9753082843388684,0,1,0,1,0,0,0,0,1,0
1,0,1,1,1.3642490183577978,1,1,0,0,0,0,0,0,1,-1.3017886322354726,-0.25762522404445787,0,0,1,0,1,0,0,1,0,0
1,0,0,0,-0.7931549280876836,1,0,0,0,0,1,0,0,1,-0.4771778825292717,-0.7422566702410627,1,0,0,1,0,0,0,0,0,1
0,0,1,0,1.6084834273893616,1,1,0,0,0,0,0,0,0,-1.3366313399695375,-0.20691410605595645,0,0,1,0,0,1,1,0,0,0
1,0,0,0,1.6084834273893616,0,0,1,1,1,1,1,1,1,0.02223426165899086,0.9945442387027855,1,0,0,0,0,1,1,0,0,0
0,0,1,1,0.7943687306174818,1,0,0,1,1,1,0,0,0,0.6925415914000478,0.9360618065290333,0,1,0,1,0,0,1,0,0,0
0,0,1,0,-0.2639803751859618,1,0,0,0,0,1,0,1,0,0.695859944517578,-0.04604351184827757,0,1,0,1,0,0,0,1,0,0
1,0,0,1,0.020959768684196134,0,0,1,0,0,1,0,0,0,-1.0247061469217191,-0.5213230375846651,1,0,0,0,1,0,0,1,0,0
0,0,0,0,-0.7931549280876836,1,1,0,0,0,0,0,1,1,0.6527213539896879,-0.520774215961413,0,1,0,1,0,0,0,0,1,0
0,0,0,0,-0.7931549280876836,0,0,0,1,0,0,0,0,1,-1.1242567404476187,-0.8579482684226222,1,0,0,1,0,0,0,0,1,0
1,0,0,0,-0.22327464034736777,1,0,0,0,0,0,0,0,0,-1.480979700582092,-0.7491498698291101,0,0,1,0,1,0,0,0,0,1
1,0,1,0,1.3642490183577978,1,1,1,1,1,1,1,1,0,0.888324425334317,1.6572573252122575,1,0,0,0,0,1,1,0,0,0
1,0,1,1,1.5677776925507676,1,1,1,1,1,1,1,1,1,1.6283171705435033,2.5792776522759198,0,1,0,0,0,1,1,0,0,0
0,0,0,0,-1.2816237461508113,1,0,0,0,0,0,0,0,0,-0.6513914211995958,-0.9905216197354186,1,0,0,1,0,0,0,0,0,1
0,0,0,0,1.1200146093262338,0,0,1,0,1,0,0,1,1,-0.6795974226986006,0.20749012522929952,1,0,0,0,1,0,0,0,1,0
1,0,1,0,-0.9966836022806536,1,0,1,0,0,0,0,0,1,0.31756768911915967,-0.7426298689448741,0,1,0,1,0,0,0,0,1,0
0,0,1,0,0.9164859351332638,1,1,0,1,1,0,1,0,1,0.9795791360663916,1.216970666174429,0,1,0,1,0,0,0,1,0,0
1,0,1,0,1.5677776925507676,1,1,0,1,1,1,1,1,1,1.4491261021968842,2.3663348624540737,0,1,0,0,0,1,0,1,0,0
0,0,1,1,0.26519417771576004,1,0,0,0,1,0,1,0,1,-0.168571042598983,0.017641749313905452,1,0,0,1,0,0,0,0,0,1
0,1,1,0,-0.2639803751859618,1,0,0,0,1,0,1,0,1,0.689223238282518,-0.10287947915227323,0,1,0,1,0,0,0,1,0,0
1,0,1,0,0.8350744654560759,0,0,0,1,1,1,1,1,1,-0.14866092389380306,0.3876572877105251,1,0,0,0,1,0,0,0,1,0
0,0,1,1,-1.1188008067964355,1,0,0,1,0,1,1,1,1,1.135541732590301,-0.8062273186473368,0,1,0,1,0,0,0,0,0,1
1,0,0,0,1.6084834273893616,1,1,0,1,1,0,1,1,1,1.32800621340704,2.3019690624790585,0,1,0,0,1,0,0,0,1,0
0,0,1,1,-0.22327464034736777,1,0,1,0,0,0,0,0,0,0.31424933600162985,-0.14443625246492833,0,1,0,1,0,0,0,0,0,1
1,0,1,1,-0.8745663977648716,1,0,0,0,1,0,1,0,1,-0.17520774883404305,-0.7104250160924362,1,0,0,1,0,0,1,0,0,0
0,1,1,0,1.6084834273893616,1,1,1,1,0,0,1,1,1,1.3910549226401094,2.3604075889229503,0,1,0,0,1,0,1,0,0,0
0,0,1,0,0.346605647392948,1,0,1,1,1,0,1,1,1,1.31141444781939,0.8169675142833103,0,1,0,0,1,0,1,0,0,0
0,0,0,0,0.14307697319997809,1,1,0,1,0,1,0,1,1,0.19147027065302033,0.09247906586057261,1,0,0,0,1,0,0,0,0,1
0,1,1,0,-0.8745663977648716,1,0,0,0,0,1,1,0,1,0.5963093509916785,-0.6240185397276131,0,1,0,1,0,0,0,0,1,0
1,0,0,1,1.2014260790034217,1,0,0,0,0,0,0,0,0,-1.4909347599346818,-0.46154538638003784,0,0,1,0,0,1,1,0,0,0
0,0,0,0,-0.5082147842175256,0,0,0,0,0,0,0,0,0,-1.3283354571757127,-0.7882698751345254,1,0,0,1,0,0,0,1,0,0
0,0,0,0,0.9164859351332638,1,0,0,0,0,0,0,0,0,-0.6596873039934208,0.0708115881745766,1,0,0,0,1,0,1,0,0,0
0,0,1,1,0.5094285867473239,0,0,0,1,1,1,0,1,0,-0.4622452935003867,-0.016165662678428824,1,0,0,0,1,0,1,0,0,0
0,0,1,1,1.5677776925507676,1,1,1,1,1,0,1,1,1,1.4623995146670041,2.3535582950647633,0,1,0,0,0,1,1,0,0,0
0,1,0,0,-1.2816237461508113,0,0,0,0,0,0,1,0,1,-0.9450656721009992,-0.9944072768280443,1,0,0,1,0,0,0,0,1,0
0,0,1,1,-0.1418631706701798,1,1,0,0,0,0,0,0,0,-1.2885152197653527,-0.7063417832154401,0,0,1,0,0,1,0,0,0,1
1,0,0,0,-0.9152721326034655,1,0,0,0,0,0,0,0,0,-0.6281629493768859,-0.7943508187201597,1,0,0,1,0,0,0,0,0,1
1,0,0,0,-0.8745663977648716,1,0,0,0,0,0,0,0,0,-1.4826388771408567,-0.919086997252915,0,0,1,1,0,0,0,0,0,1
0,0,0,0,-0.5896262538947137,1,1,0,0,0,1,1,0,1,0.7771595958970623,-0.2906642857642391,0,1,0,1,0,0,0,0,1,0
0,1,0,0,1.6084834273893616,1,1,0,1,1,1,1,1,1,1.4325343366092342,2.402842476832809,0,1,0,0,0,1,1,0,0,0
0,0,0,0,-1.2816237461508113,1,0,0,0,0,0,0,0,0,-0.7011667179625456,-0.9911802056833213,1,0,0,1,0,0,0,0,1,0
0,1,0,0,0.9571916699718578,1,1,0,1,1,1,1,0,1,1.1604293809717758,1.4949817476490532,0,1,0,0,0,1,1,0,0,0
1,0,0,0,-0.38609757970174374,1,0,0,1,0,0,1,1,0,1.0077851375653963,-0.04760216525831364,0,1,0,1,0,0,0,0,0,1
1,0,1,0,-0.5896262538947137,1,1,0,0,0,0,1,1,1,0.9878750188602166,-0.2693041481872642,0,1,0,1,0,0,0,0,1,0
0,1,0,0,-0.10115743583158582,1,1,1,1,1,0,0,0,0,0.888324425334317,0.20057497277632205,0,1,0,1,0,0,0,1,0,0
1,0,1,0,1.1607203441648277,1,0,0,0,0,0,0,0,1,-1.472683817788267,-0.46071117751269447,0,0,1,0,1,0,0,1,0,0
1,0,0,0,0.387311382231542,1,1,0,0,0,0,0,0,0,-1.3233579274994176,-0.5933723402852114,0,0,1,0,1,0,0,0,1,0
0,0,1,1,0.7129572609402939,1,1,0,0,0,0,1,0,1,0.6460846477546283,0.79681478427749,0,1,0,1,0,0,1,0,0,0
1,0,0,0,-0.22327464034736777,1,1,0,0,1,0,0,0,1,0.5432157011111984,-0.012521487100034269,0,1,0,1,0,0,0,0,1,0
0,0,0,0,-1.2816237461508113,1,0,0,0,0,0,0,0,1,0.19644780032931503,-0.9793037057561442,0,1,0,1,0,0,0,0,1,0
0,1,0,0,0.5094285867473239,1,1,1,0,0,1,0,1,1,0.16990097538907525,0.3341801087408326,1,0,0,1,0,0,0,0,1,0
1,1,1,0,1.5270719577121736,1,0,1,1,1,0,1,1,0,1.3412796258771595,2.2877436060043617,0,1,0,0,0,1,0,1,0,0
1,0,0,0,-0.5896262538947137,0,0,0,1,1,0,0,0,1,-1.042957089068134,-0.7469765362010314,1,0,0,1,0,0,0,1,0,0
0,0,0,0,-1.2002122764736234,1,0,0,0,1,0,0,0,1,0.3258635719129846,-0.9058713725650026,0,1,0,1,0,0,0,0,0,1
0,0,1,1,0.26519417771576004,1,0,0,0,1,1,0,0,1,0.5498524073462585,0.35387182858312094,0,1,0,1,0,0,1,0,0,0
0,0,1,1,0.7943687306174818,1,0,0,0,0,0,0,0,0,-1.5125040551986266,-0.5574355003946586,0,0,1,0,0,1,0,0,0,1
0,0,0,0,-1.1595065416350294,1,0,1,0,1,1,0,1,1,0.9779199595076267,-0.8404079293434825,0,1,0,1,0,0,1,0,0,0
1,0,1,0,1.4456604880349857,1,1,0,1,1,1,1,1,1,1.495583045842304,2.3316273829996064,0,1,0,0,0,1,1,0,0,0
0,0,1,0,-0.2639803751859618,1,0,0,0,0,0,0,0,0,-1.5174815848749215,-0.8086201809247163,0,0,1,0,1,0,0,0,0,1
1,0,0,0,-1.2816237461508113,1,0,0,1,0,0,0,0,0,-0.47385952941174164,-0.9881726631878994,1,0,0,1,0,0,0,0,0,1
0,0,0,0,0.7943687306174818,1,0,0,0,0,0,0,0,0,-1.469365464670737,-0.5612772517574238,0,0,1,0,1,0,0,0,0,1
0,0,0,1,-0.8338606629262776,1,0,0,0,0,0,0,0,1,-0.6762790695810708,-0.7993999776540797,1,0,0,1,0,0,0,0,1,0
0,0,0,0,-0.1418631706701798,1,1,0,0,0,0,1,1,1,0.2014253300056102,-0.09712782854059043,1,0,0,0,1,0,0,1,0,0
0,0,0,0,-1.2816237461508113,1,0,0,0,0,0,0,1,1,0.49012205123071895,-0.9754180486635189,0,1,0,1,0,0,0,0,1,0
1,0,0,0,-0.3453918448631497,1,0,1,0,0,0,0,0,1,-0.5103614137045716,-0.47897596113452695,1,0,0,1,0,0,1,0,0,0
0,0,1,1,1.3235432835192036,1,1,1,1,1,1,1,1,1,0.8468450113651922,1.6054485639772518,1,0,0,0,0,1,0,0,0,1
1,0,0,0,-1.1188008067964355,0,0,0,1,0,0,1,1,1,-0.4622452935003867,-0.8760813348548742,1,0,0,1,0,0,0,0,0,1
0,0,1,1,0.1023712383613841,1,0,0,0,0,0,0,0,0,-1.5008898192872717,-0.689723464463364,0,0,1,0,0,1,0,1,0,0
1,0,0,0,0.18378270803857208,1,1,1,1,1,1,1,1,1,0.8518225410414869,0.4642288805866692,1,0,0,0,1,0,1,0,0,0
0,0,0,0,0.14307697319997809,0,0,1,1,1,1,0,1,1,-0.39255987803225695,-0.17565322639551229,1,0,0,0,0,1,0,0,0,1
1,0,0,0,-1.1595065416350294,1,0,0,0,0,0,1,0,1,0.5332606417586087,-0.8607582351336734,0,1,0,1,0,0,0,0,1,0
0,0,1,1,1.5270719577121736,1,1,0,0,0,0,0,0,0,-1.3349721634107725,-0.2702042156493978,0,0,1,0,0,1,1,0,0,0
0,0,0,0,-1.2409180113122174,1,0,0,0,0,0,0,0,0,-1.5324141739038066,-0.987075019941395,0,0,1,1,0,0,1,0,0,0
1,1,0,0,-1.1595065416350294,1,0,1,0,0,0,0,0,0,0.3457736906181643,-0.8903726499243609,0,1,0,1,0,0,0,0,1,0
1,0,1,0,1.5677776925507676,1,1,0,1,1,0,0,1,1,0.9397588986560317,1.9178597847973227,0,1,0,1,0,0,1,0,0,0
0,1,1,0,1.6084834273893616,1,1,1,1,1,1,1,1,1,0.8269348926600121,1.9301094834283115,1,0,0,0,0,1,1,0,0,0
0,1,1,0,0.590840056424512,1,1,1,1,1,0,0,0,1,0.08362379433329585,0.4174034196907932,1,0,0,1,0,0,0,1,0,0
1,0,1,0,0.9164859351332638,1,0,1,1,1,0,0,0,0,-0.2100504565681078,0.3368803111272334,1,0,0,0,0,1,0,0,1,0
1,0,1,0,0.7536629957788878,1,1,0,0,0,0,1,1,1,0.9862158423014517,1.102662098483465,0,1,0,1,0,0,0,0,1,0
1,0,0,0,1.6084834273893616,1,1,1,1,1,1,1,1,1,1.767688001479763,2.742277674381817,0,1,0,0,0,1,0,0,1,0
1,0,1,1,1.6084834273893616,1,1,1,1,1,1,1,1,0,1.6432497595723885,2.546194684826278,0,1,0,0,0,1,1,0,0,0
1,0,1,1,0.22448844287716607,1,0,1,1,1,1,1,0,0,0.3026351000902746,0.2199593525095891,1,0,0,0,1,0,0,0,1,0
1,0,1,1,-0.9966836022806536,1,1,1,1,0,1,0,1,1,0.37232051555840456,-0.7268677119250716,1,0,0,0,0,1,0,1,0,0
0,1,0,0,-0.22327464034736777,1,1,0,0,1,0,0,1,0,0.7755004193382974,0.07307273326237561,0,1,0,1,0,0,0,1,0,0
1,0,0,0,-1.0780950719578415,1,0,0,0,1,0,1,0,0,-0.13372833486491825,-0.8285972880110957,1,0,0,1,0,0,0,0,0,1
1,0,0,0,-0.6303319887333076,1,0,0,0,0,0,0,0,0,-1.5191407614336867,-0.8596166861573088,0,0,1,0,0,1,0,0,0,1
1,0,1,1,1.5677776925507676,1,0,0,0,0,0,0,0,0,-1.497571466169742,-0.3973771621893929,0,0,1,0,0,1,0,0,0,1
0,0,1,0,0.387311382231542,1,0,0,0,1,1,1,1,1,1.1305642029140057,0.8050910143561331,0,1,0,0,0,1,0,1,0,0
0,0,0,0,-1.2816237461508113,1,0,0,0,0,0,0,0,0,-1.4793205240233267,-1.0014760993355323,0,0,1,1,0,0,0,0,0,1
0,0,1,0,1.5270719577121736,1,1,0,1,1,1,1,1,1,1.478991280254654,2.3591562756219355,0,1,0,0,1,0,0,0,1,0
1,0,0,0,-0.9559778674420595,1,0,1,0,0,0,0,0,0,0.3540695734119893,-0.7199525594720941,0,1,0,1,0,0,0,0,1,0
1,0,0,1,-1.2816237461508113,1,0,0,0,0,0,0,0,0,-1.4959122896109767,-1.0016956279848332,0,0,1,1,0,0,0,0,0,1
0,0,0,0,-0.9152721326034655,0,0,1,1,1,0,0,0,0,-0.804035664605975,-0.8131424711003142,1,0,0,1,0,0,1,0,0,0
1,0,1,0,0.6722515261016999,1,0,0,1,0,0,1,1,1,0.9911933719777464,1.0490532023241919,0,1,0,0,0,1,0,0,1,0
0,0,1,0,0.5501343215859179,0,0,0,0,0,0,1,1,1,-0.6961891882862504,-0.1288497183645664,1,0,0,1,0,0,0,0,1,0
0,0,1,0,0.5501343215859179,1,1,0,1,0,1,1,1,1,1.2682758572915003,1.0069037016584244,0,1,0,0,1,0,0,0,1,0
0,1,1,0,-1.1595065416350294,1,1,1,0,0,0,1,1,1,1.1504743216191855,-0.8577726455031814,0,1,0,1,0,0,0,0,1,0
1,0,1,1,1.5677776925507676,1,1,0,1,1,0,1,1,1,1.3628489211411048,2.380735941848211,0,1,0,0,0,1,1,0,0,0
1,0,1,1,-0.7524491932490895,1,0,1,1,0,0,0,1,1,-0.11713656927726834,-0.6523377354874256,1,0,0,0,0,1,1,0,0,0
1,0,1,1,1.4049547531963917,1,0,1,1,0,0,0,0,1,-0.3560579937394271,0.6747788081311353,1,0,0,0,0,1,1,0,0,0
1,0,1,1,-0.9152721326034655,1,0,0,0,1,0,1,0,0,-0.15695680668762801,-0.7630021275999951,1,0,0,1,0,0,0,0,0,1
1,0,0,0,1.2014260790034217,1,0,0,0,0,0,0,0,1,-1.4892755833759168,-0.4828177124972922,0,0,1,0,0,1,0,1,0,0
1,0,1,0,1.3235432835192036,1,1,1,1,1,0,0,0,0,0.8236165395424823,1.5227740746505436,0,1,0,0,1,0,0,0,1,0
1,1,1,0,0.8350744654560759,1,1,1,0,0,1,0,0,1,-0.16193433636392318,0.40759048906704426,1,0,0,0,1,0,0,0,1,0
1,0,0,0,-1.1595065416350294,1,0,0,0,0,0,0,0,0,-1.5108448786398618,-0.9694029636726749,0,0,1,1,0,0,0,0,0,1
0,0,1,0,1.0386031396490458,1,1,0,1,0,1,0,0,1,-0.1669118660402181,0.5285288219668945,1,0,0,0,0,1,0,1,0,0
1,0,0,0,-1.2816237461508113,1,0,0,0,0,0,1,0,1,0.4685527559667738,-0.9757034359076098,0,1,0,1,0,0,0,0,1,0
0,0,0,0,1.6084834273893616,1,1,0,0,1,1,1,1,1,1.4126242179040545,2.4378133906664377,0,1,0,0,0,1,0,1,0,0
0,0,1,0,1.4863662228735797,1,0,1,1,0,1,1,1,1,1.376122333611225,2.1735887083679084,0,1,0,0,1,0,0,1,0,0
0,0,1,0,-1.2409180113122174,1,0,0,1,1,0,0,0,0,0.49012205123071895,-0.93796646109279,0,1,0,1,0,0,1,0,0,0
1,0,0,1,0.7943687306174818,1,1,1,1,0,1,1,1,1,0.6709722961361032,0.9485968924041132,1,0,0,0,0,1,0,0,0,1
0,0,0,0,-0.9966836022806536,1,0,0,0,0,0,1,0,1,0.5033954637008385,-0.7121592924219132,0,1,0,1,0,0,1,0,0,0
0,1,0,0,1.6084834273893616,1,1,0,1,1,1,1,1,0,1.550335872281549,2.4772187832159442,0,1,0,0,0,1,0,0,1,0
0,0,1,0,-1.0373893371192475,1,0,0,0,0,0,0,0,1,-0.6862341289336606,-0.8727884051153612,1,0,0,1,0,0,0,0,0,1
0,0,0,0,0.8350744654560759,1,1,1,1,1,0,1,0,0,1.1172907904438856,1.3217955962155954,0,1,0,0,1,0,0,0,0,1
0,0,0,0,-0.8745663977648716,1,0,0,0,0,1,1,1,0,0.18483356441796028,-0.6463006976316517,1,0,0,1,0,0,0,0,0,1
1,0,0,0,-0.5896262538947137,0,0,1,0,1,0,0,0,0,-1.0396387359506039,-0.7687757310766081,1,0,0,1,0,0,0,0,0,1
1,0,0,0,-1.2816237461508113,1,0,0,0,0,0,0,0,0,-1.4909347599346818,-1.001629769390043,0,0,1,1,0,0,0,0,0,1
1,0,1,1,1.2421318138420157,1,1,0,0,0,0,0,0,0,-1.3167212212643575,-0.3197518317966046,0,0,1,0,0,1,0,0,0,1
0,0,0,0,-0.10115743583158582,1,0,0,0,0,1,1,0,0,0.6709722961361032,0.11177563413411937,0,1,0,1,0,0,0,0,1,0
1,0,0,0,-1.2816237461508113,1,0,0,0,0,0,0,0,0,-1.4892755833759168,-1.0016078165251128,0,0,1,1,0,0,0,0,0,1
0,0,0,1,0.30589991255435406,1,0,1,0,0,1,1,0,1,-0.027541035103958902,0.06982370925272267,1,0,0,1,0,0,0,1,0,0
1,0,1,1,1.0793088744876398,1,0,0,0,0,0,0,0,0,-1.5075265255223318,-0.5064389951620661,0,0,1,0,0,1,0,0,0,1
0,1,1,0,-0.4268033145403377,1,1,1,1,0,1,0,0,1,-0.045791977250373726,-0.40372154015418815,1,0,0,1,0,0,0,0,0,1
1,0,1,1,1.6084834273893616,0,0,1,1,1,1,0,1,1,-0.31457857977030224,0.8244973469543301,1,0,0,0,0,1,0,1,0,0
0,0,1,0,-0.7524491932490895,1,0,0,0,0,0,0,1,1,0.4370284013502389,-0.5176130034114804,0,1,0,1,0,0,0,0,1,0
0,0,1,0,1.6084834273893616,1,1,0,1,1,1,1,1,1,1.510515634871189,2.4943639707263423,0,1,0,0,0,1,1,0,0,0
0,0,0,0,1.6084834273893616,1,1,1,1,1,1,1,1,0,1.6631598782775683,2.6798656793855793,0,1,0,0,0,1,0,1,0,0
1,0,0,0,0.6722515261016999,1,1,0,0,0,0,0,0,1,0.32088604223668943,0.6230359054909199,0,1,0,1,0,0,1,0,0,0
0,1,1,0,-0.5896262538947137,0,0,0,0,1,0,1,1,1,-0.5501816511149312,-0.654467163385644,1,0,0,1,0,0,0,0,1,0
0,0,0,0,-0.9152721326034655,1,0,0,0,0,0,0,0,1,-1.4942531130522119,-0.92284093715596,0,0,1,1,0,0,0,0,0,1
0,0,1,0,-0.9966836022806536,1,1,0,0,0,0,0,1,1,0.6726314726948681,-0.7349463662193436,0,1,0,1,0,0,0,1,0,0
0,0,0,0,-1.0373893371192475,0,0,0,1,0,0,0,1,1,-0.8239457833111549,-0.8816354096821863,1,0,0,1,0,0,0,1,0,0
0,0,1,1,-1.2409180113122174,0,0,0,1,0,0,0,0,1,-1.1508035653878583,-0.9824210125762166,1,0,0,1,0,0,0,0,0,1
1,0,1,1,0.06166550352279012,1,0,0,0,1,0,1,0,1,0.634470411843273,0.26722387070406667,0,1,0,1,0,0,0,0,0,1
0,0,0,1,1.5270719577121736,1,1,1,1,0,1,0,0,0,0.03550767412911099,1.1372378607483522,1,0,0,0,0,1,0,0,1,0
0,0,1,0,1.6084834273893616,1,1,0,0,0,0,0,0,0,-1.3399496930870676,-0.24175330270000478,0,0,1,0,0,1,0,0,1,0
1,1,0,0,-0.9966836022806536,0,0,0,0,1,0,0,0,1,-1.1790095668868632,-0.9129841008023507,1,0,0,1,0,0,0,0,1,0
0,0,0,0,-0.6710377235719016,1,0,0,1,1,0,0,1,1,0.9380997220972668,-0.31946644455251344,0,1,0,1,0,0,0,1,0,0
1,0,1,0,1.4863662228735797,1,1,0,0,1,0,1,1,0,1.1471559685016557,1.9933776401568226,0,1,0,0,1,0,1,0,0,0
1,1,1,0,0.1023712383613841,1,1,0,0,1,0,0,0,1,0.5531707604637883,0.2256451445264816,0,1,0,0,1,0,1,0,0,0
0,0,1,1,0.9164859351332638,1,0,0,0,0,0,0,0,0,-1.4909347599346818,-0.5330458674573317,0,0,1,1,0,0,0,1,0,0
1,0,0,0,1.4863662228735797,1,0,0,0,0,0,0,0,1,-1.5207999379924515,-0.4533130620312551,0,0,1,0,0,1,0,0,0,1
0,0,0,0,-1.2409180113122174,1,1,0,0,1,0,0,0,0,0.5199872292884885,-0.942005788239926,0,1,0,1,0,0,0,0,0,1
0,0,0,0,1.6084834273893616,1,1,0,0,0,0,0,0,0,-1.3100845150292975,-0.19093242038685293,0,0,1,0,0,1,0,1,0,0
0,0,0,0,-1.1188008067964355,1,0,0,0,0,0,0,0,0,-1.4925939364934466,-0.9622902354353267,0,0,1,1,0,0,0,0,0,1
1,0,0,0,-0.9152721326034655,1,0,0,0,0,0,0,0,0,0.1732193285066055,-0.6874842722404951,0,1,0,1,0,0,0,0,0,1
1,0,0,0,0.9978974048104517,1,0,0,0,0,0,0,0,0,-1.5307549973450416,-0.5299285606372595,0,0,1,0,0,1,0,1,0,0
0,0,1,1,-0.30468611002455576,0,0,1,1,1,0,1,1,1,-0.2100504565681078,-0.35066146561816736,1,0,0,1,0,0,0,1,0,0
0,0,1,0,1.2421318138420157,1,1,0,1,1,1,1,1,1,1.4541036318731793,2.0066591234395252,0,1,0,1,0,0,0,0,1,0
0,0,1,1,1.6084834273893616,1,0,1,0,1,1,1,1,1,0.5150096996121938,1.5742535429115982,1,0,0,0,0,1,1,0,0,0
1,0,1,0,0.631545791263106,1,1,1,1,1,0,1,0,1,1.0608787874458763,0.9536899570678932,0,1,0,0,0,1,1,0,0,0
1,0,1,1,0.6722515261016999,1,0,0,1,1,0,1,0,1,0.8451858348064274,0.9629979717982501,0,1,0,1,0,0,0,1,0,0
0,0,0,1,-0.4675090493789317,1,0,0,0,0,0,0,0,0,-1.466047111553207,-0.8118692049343692,0,0,1,1,0,0,0,0,0,1
1,1,1,0,0.9978974048104517,0,0,0,0,0,0,1,1,1,-0.6663240102284806,0.11926156107527898,1,0,0,1,0,0,0,0,1,0
1,0,0,0,-0.4675090493789317,1,0,1,0,1,0,1,0,0,0.0139383788651659,-0.3850176992337538,1,0,0,1,0,0,1,0,0,0
0,0,0,0,-0.9966836022806536,1,0,0,0,1,1,0,1,0,-0.027541035103958902,-0.7891040840018688,1,0,0,1,0,0,0,0,0,1
1,0,0,0,-0.9559778674420595,1,1,0,0,0,0,1,0,1,0.6825865320474579,-0.6628092520590771,0,1,0,1,0,0,0,0,1,0
1,0,0,0,-1.2409180113122174,1,0,0,0,1,0,1,1,0,0.9961709016540415,-0.9322148104811072,0,1,0,1,0,0,0,0,1,0
1,0,1,0,-0.9559778674420595,1,0,0,1,1,1,1,0,1,0.9928525485365113,-0.6193864852273647,0,1,0,1,0,0,0,0,0,1
1,0,0,0,-0.5489205190561197,1,1,0,1,0,0,1,1,1,1.1620885575305409,-0.1622619787881591,0,1,0,1,0,0,0,0,1,0
0,0,0,0,-0.9966836022806536,1,0,1,0,0,0,1,0,0,0.6643355899010431,-0.7169450169766721,0,1,0,1,0,0,0,0,1,0
0,0,0,0,0.9571916699718578,1,1,0,1,0,1,1,1,1,1.3445979789946898,1.5874691675995103,0,1,0,1,0,0,1,0,0,0
0,0,1,1,-0.4675090493789317,0,0,1,0,1,0,1,1,1,-0.2979868141826523,-0.5023996680149301,1,0,0,0,1,0,0,0,1,0
0,0,1,1,1.1200146093262338,1,0,0,1,1,1,1,1,1,0.5199872292884885,1.1614738236311684,1,0,0,0,0,1,1,0,0,0
1,0,1,1,0.9571916699718578,0,0,1,1,0,1,1,0,1,-0.4290617623250868,0.2562254853740931,1,0,0,0,1,0,0,0,0,1
0,0,1,1,0.9164859351332638,1,0,0,0,0,0,0,0,0,-1.480979700582092,-0.5366461373058661,0,0,1,0,0,1,0,0,0,1
1,0,0,1,0.9164859351332638,1,0,0,0,0,0,0,0,0,-1.5207999379924515,-0.5706950308124313,0,0,1,0,1,0,1,0,0,0
0,1,0,0,-0.7524491932490895,1,1,0,0,0,0,0,0,1,0.3109309828840996,-0.529094351769916,0,1,0,1,0,0,0,0,1,0
0,0,0,0,1.1607203441648277,1,1,0,1,1,1,1,1,0,0.7871146552496526,1.3259227348224516,1,0,0,0,0,1,0,1,0,0
1,0,1,1,1.3642490183577978,1,0,0,0,0,0,0,0,0,-1.4909347599346818,-0.40705837562356134,0,0,1,0,0,1,0,1,0,0
1,0,0,0,0.9978974048104517,1,0,0,1,0,1,0,0,1,-0.34112540471054226,0.3659019985648086,1,0,0,0,1,0,0,0,0,1
1,0,0,0,1.0793088744876398,1,0,0,0,1,1,1,0,1,-0.009290092957543614,0.6296656706998062,1,0,0,1,0,0,0,0,1,0
1,0,0,0,0.6722515261016999,1,1,0,1,0,1,1,1,1,1.3844182164050498,1.2586811095415948,0,1,0,0,1,0,1,0,0,0
1,0,1,1,1.4456604880349857,1,1,1,1,1,1,1,1,1,0.904916190921967,1.7964165360040805,1,0,0,0,0,1,0,1,0,0
0,1,0,0,0.14307697319997809,1,1,0,0,0,0,0,0,1,0.33084110158927976,0.15724001740432983,0,1,0,1,0,0,1,0,0,0
0,1,1,0,-1.2816237461508113,1,0,0,0,0,0,0,0,1,0.15330920980142534,-0.9798744802443264,0,1,0,1,0,0,0,0,1,0
0,0,0,0,-0.10115743583158582,1,1,0,0,1,0,1,1,0,1.1786803231181906,0.3493056326776628,0,1,0,1,0,0,0,0,1,0
0,0,1,0,1.5677776925507676,1,1,0,0,0,0,0,0,1,-1.3449272227633626,-0.25286145235462887,0,0,1,0,0,1,0,1,0,0
0,0,1,0,-0.9966836022806536,1,0,0,1,1,0,1,1,0,1.2019087949409006,-0.6403295183706679,0,1,0,1,0,0,0,0,1,0
0,1,0,0,-0.9559778674420595,1,0,0,0,0,0,1,0,1,0.5282831120823135,-0.6803934968680769,0,1,0,1,0,0,0,0,1,0
1,0,0,0,1.4863662228735797,1,1,0,0,1,1,1,1,1,1.3794406867287545,2.2161333606024174,0,1,0,0,0,1,1,0,0,0
0,0,0,1,1.4049547531963917,1,1,0,1,0,1,1,1,1,1.3827590398462843,2.1704274958179757,0,1,0,0,1,0,1,0,0,0
1,0,0,0,-0.3453918448631497,1,0,1,0,0,1,0,0,0,-0.3311703453579522,-0.41834214819762616,1,0,0,1,0,0,0,0,1,0
1,1,1,0,-0.6710377235719016,1,0,0,0,0,0,0,0,1,0.22797215494585,-0.4976798020549613,0,1,0,1,0,0,1,0,0,0
0,0,1,1,-0.7524491932490895,1,0,0,0,0,0,0,0,0,0.17487850506537042,-0.5509374523753529,0,1,0,1,0,0,0,0,1,0
1,1,1,1,0.06166550352279012,1,1,0,1,1,1,1,1,1,1.4590811615494745,0.581259603528964,0,1,0,1,0,0,0,0,1,0
0,0,1,1,0.8350744654560759,1,0,0,0,0,0,0,0,0,-1.5058673489635668,-0.5678850641013801,0,0,1,0,1,0,1,0,0,0
0,0,1,1,-0.5082147842175256,1,1,0,1,1,0,1,1,1,1.3578713914648095,-0.027076236548682117,0,1,0,1,0,0,1,0,0,0
1,0,1,1,-0.3453918448631497,1,1,1,0,0,0,1,1,0,0.3275227484717495,-0.21079976314858184,1,0,0,0,1,0,0,0,0,1
0,0,1,0,1.2828375486806096,1,1,1,1,1,1,0,1,1,0.5432157011111984,1.241645686355847,1,0,0,0,0,1,0,0,0,1
1,1,1,0,1.5677776925507676,1,1,0,0,0,0,0,0,0,-1.3598598117922474,-0.2393384875576952,0,0,1,0,0,1,1,0,0,0
0,0,0,0,-0.9966836022806536,1,0,0,0,0,0,0,0,1,-1.5174815848749215,-0.9393055858535254,0,0,1,0,1,0,0,0,0,1
1,0,1,1,1.3235432835192036,1,1,1,1,0,0,0,1,1,0.15330920980142534,0.9474114376978882,1,0,0,0,0,1,0,0,0,1
1,0,0,0,-0.1418631706701798,1,0,0,0,1,0,0,0,0,-0.5302715324097512,-0.4292307692029494,1,0,0,1,0,0,1,0,0,0
0,0,1,1,0.9164859351332638,1,1,1,0,0,0,1,1,0,1.1936129121470758,1.381836681799384,0,1,0,0,1,0,0,0,0,1
1,0,0,1,0.8757802002946699,1,0,0,1,1,1,0,0,1,-0.13040998174738822,0.43103614881237745,1,0,0,0,1,0,0,0,1,0
0,0,0,0,1.3642490183577978,0,0,1,0,1,1,1,1,1,-0.11879574583603324,0.8307319605944747,1,0,0,0,0,1,1,0,0,0
1,0,1,1,-0.06045170099299184,1,1,0,0,0,0,0,1,0,-0.17354857227527792,-0.20891181676459436,1,0,0,1,0,0,1,0,0,0
0,1,0,0,-1.1188008067964355,1,0,0,0,0,0,0,1,0,0.46523440284924406,-0.8442716335711778,0,1,0,1,0,0,0,0,1,0
1,0,0,0,-0.4675090493789317,1,0,0,0,1,0,0,1,0,-0.10884068648344337,-0.39854066403068755,1,0,0,1,0,0,0,0,0,1
1,0,0,0,-0.9559778674420595,0,0,0,0,0,0,0,0,1,-1.3382905165283026,-0.9269461228978862,1,0,0,1,0,0,0,0,0,1
1,1,0,0,-0.06045170099299184,1,1,0,1,0,0,1,0,1,0.8551408941590172,0.23877295775467378,0,1,0,1,0,0,0,0,1,0
1,0,1,0,0.6722515261016999,1,0,0,0,1,1,1,1,1,1.1388600857078308,1.1501022395973834,0,1,0,0,1,0,0,1,0,0
0,0,1,0,-0.8745663977648716,1,1,0,0,0,0,1,1,1,0.9646465470375066,-0.5367119959006563,0,1,0,1,0,0,0,0,1,0
0,0,0,0,-1.0780950719578415,1,1,0,0,0,0,1,1,1,0.9497139580086216,-0.7749005803921023,0,1,0,1,0,0,1,0,0,0
0,0,1,1,-1.3223294809894055,1,0,0,0,0,0,0,0,0,-1.4909347599346818,-0.3968393169986058,0,0,1,0,0,1,0,0,0,1
0,0,1,0,0.9978974048104517,1,0,0,0,0,0,0,0,0,-1.4942531130522119,-0.5205985930419723,0,0,1,0,0,1,1,0,0,0
0,0,0,0,-1.2409180113122174,1,0,0,1,0,0,1,0,1,-0.1967770440979879,-0.9602925247266887,1,0,0,1,0,0,0,0,1,0
0,0,1,1,-0.9559778674420595,1,1,0,0,0,0,1,0,1,0.6776090023711627,-0.6790763249722718,0,1,0,1,0,0,1,0,0,0
0,0,0,0,0.22448844287716607,1,0,0,0,0,0,0,0,0,-1.480979700582092,-0.684169389636052,0,0,1,0,0,1,0,0,0,1
1,0,0,1,0.26519417771576004,0,0,0,0,1,1,1,1,0,-0.33448869847548224,-0.048129034016635854,1,0,0,0,1,0,1,0,0,0
1,0,1,1,-0.6303319887333076,1,1,0,0,0,0,1,1,1,0.9165304268333218,-0.3451952022505757,0,1,0,1,0,0,0,0,1,0
1,0,0,0,1.5677776925507676,1,1,0,0,0,0,0,0,0,-1.3067661619117676,-0.1770362568861078,0,0,1,0,0,1,1,0,0,0
0,0,0,0,0.5094285867473239,1,1,1,1,0,0,0,1,0,1.0559012577695812,0.9402108980008197,0,1,0,0,1,0,1,0,0,0
0,0,1,1,0.020959768684196134,1,0,0,0,0,0,0,0,0,-1.4876164068171518,-0.7160888552443988,0,0,1,0,0,1,0,0,0,1
0,0,1,1,1.6084834273893616,1,0,0,0,0,0,0,0,1,-1.4677062881119718,-0.35959628164471286,0,0,1,0,0,1,0,0,0,1
0,0,0,0,-0.1418631706701798,1,1,0,1,0,0,0,0,1,-0.3212152860053623,-0.2990502801675324,1,0,0,0,1,0,0,0,1,0
0,0,1,1,1.5677776925507676,1,1,0,1,1,0,0,1,1,1.0227177265942813,1.9968681456807063,0,1,0,0,0,1,0,1,0,0
0,1,0,0,-0.5896262538947137,1,1,0,1,0,1,1,1,1,1.283208446320385,-0.2173197640328178,0,1,0,1,0,0,0,1,0,0
0,0,0,0,-0.6710377235719016,1,0,0,1,0,1,0,0,1,-0.36601305309201715,-0.6441712697334331,1,0,0,1,0,0,0,0,0,1
0,1,1,0,-0.22327464034736777,1,0,1,0,1,0,1,1,1,1.2052271480584305,0.1989504607714955,0,1,0,1,0,0,0,0,1,0
0,0,1,0,-1.1595065416350294,1,0,0,0,0,0,0,0,0,-1.5042081724048018,-0.9693810108077449,0,0,1,1,0,0,0,0,0,1
0,0,1,0,1.6084834273893616,1,1,0,0,0,0,0,0,0,-1.2769009838539978,-0.16983571718903917,0,0,1,0,0,1,0,1,0,0
0,1,0,0,0.590840056424512,1,1,0,1,0,1,1,0,1,0.9994892547715714,0.9673446390544076,0,1,0,1,0,0,0,0,1,0
1,0,0,0,0.26519417771576004,1,1,0,1,0,0,0,0,0,0.5465340542287288,0.40060947801927654,0,1,0,0,1,0,0,1,0,0
0,0,1,0,1.6084834273893616,1,1,1,0,1,0,1,1,1,1.3296653899658049,2.3219461695654378,0,1,0,0,0,1,0,1,0,0
0,1,0,0,-1.2816237461508113,1,0,0,0,0,0,1,1,1,0.8086839505135972,-0.971203098596942,0,1,0,1,0,0,0,0,1,0
0,1,1,0,1.6084834273893616,1,1,0,1,1,0,1,1,0,1.3296653899658049,2.316787246306867,0,1,0,0,1,0,0,1,0,0
0,0,0,0,-0.5896262538947137,1,0,1,0,0,0,0,0,1,0.34743286717692967,-0.4043362203722305,0,1,0,1,0,0,0,0,1,0
1,1,1,0,1.5677776925507676,1,0,1,1,0,1,1,0,1,0.2014253300056102,1.1901881709597226,1,0,0,0,1,0,1,0,0,0
0,0,1,0,0.387311382231542,1,1,1,1,0,1,0,0,1,0.04878108659923111,0.1872495837637592,1,0,0,1,0,0,0,1,0,0
1,0,1,0,1.6084834273893616,1,1,1,1,1,1,1,1,1,0.8402083051301322,1.7861425952167995,1,0,0,0,0,1,0,1,0,0
0,0,0,0,-0.7117434584104956,1,1,0,1,0,0,1,1,1,1.1687252637656007,-0.3891448378406102,0,1,0,1,0,0,0,0,1,0
1,0,1,1,1.6084834273893616,1,0,1,0,1,1,1,1,1,1.326347036848275,2.308664686282735,0,1,0,0,0,1,0,1,0,0
1,0,0,1,-0.22327464034736777,1,0,1,1,0,0,0,0,0,-0.2896909313888274,-0.3221666469389142,1,0,0,0,1,0,0,0,0,1
0,0,1,0,0.1023712383613841,1,0,0,0,0,0,0,0,1,0.1781968581829002,0.05059299957396641,0,1,0,1,0,0,0,0,1,0
1,0,1,1,-0.9559778674420595,1,0,0,1,0,1,1,1,1,1.2135230308522553,-0.6122518041250864,0,1,0,1,0,0,0,0,1,0
0,0,0,0,-1.2816237461508113,1,0,0,0,0,0,0,0,0,-1.5058673489635668,-1.0018273451744135,0,0,1,1,0,0,0,1,0,0
0,0,0,0,-0.5082147842175256,1,0,0,0,0,0,0,0,1,-0.6829157758161306,-0.603338940963471,1,0,0,1,0,0,0,0,1,0
0,0,1,0,1.3235432835192036,1,0,0,0,0,0,0,0,0,-1.5125040551986266,-0.43087723407270595,0,0,1,0,0,1,1,0,0,0
0,0,0,0,-1.2816237461508113,1,0,0,0,0,0,0,0,0,-1.461069581876912,-1.0012346178213012,0,0,1,1,0,0,0,0,0,1
0,0,0,0,-1.0373893371192475,1,0,0,0,0,0,0,0,0,-1.4892755833759168,-0.9380323196875803,0,0,1,1,0,0,0,0,0,1
1,0,1,1,-0.1418631706701798,1,0,0,0,1,1,1,1,0,0.3524103968532244,-0.10841160111465517,1,0,0,0,0,1,0,0,0,1
1,0,0,0,0.5501343215859179,0,0,0,1,0,0,0,0,0,-1.1491443888290935,-0.4044679375618111,1,0,0,1,0,0,1,0,0,0
0,0,0,0,-1.2816237461508113,1,0,0,1,0,0,0,0,0,-0.5120205902633365,-0.9886775790812914,1,0,0,1,0,0,0,0,1,0
0,1,1,0,-1.2002122764736234,1,0,0,1,0,0,0,0,1,0.32088604223668943,-0.9054542681313308,0,1,0,1,0,0,1,0,0,0
1,0,0,0,-0.7931549280876836,1,0,0,0,0,0,1,1,1,0.8684143066291369,-0.5117735413400772,0,1,0,1,0,0,0,0,1,0
0,0,0,1,-1.0373893371192475,1,0,0,0,0,0,0,0,0,-1.4892755833759168,-0.9679101688574289,0,0,1,0,1,0,0,0,0,1
1,0,0,0,-1.2816237461508113,1,0,0,0,0,0,0,0,1,-1.4959122896109767,-1.0016956279848332,0,0,1,1,0,0,0,0,1,0
1,0,1,1,-0.6710377235719016,1,0,0,0,0,0,0,0,0,-1.4859572302583868,-0.8605387064843726,0,0,1,1,0,0,0,0,1,0
0,0,1,0,-0.9966836022806536,1,0,1,0,0,1,0,1,0,0.018915908541461066,-0.7626289288961836,1,0,0,0,0,1,0,0,0,1
1,0,0,0,-0.9152721326034655,1,0,1,1,1,0,1,1,1,1.309755271260625,-0.5355923997892219,0,1,0,1,0,0,0,0,1,0
1,0,0,1,-0.1418631706701798,1,1,0,1,1,1,0,1,0,1.1819986762357204,0.23231881546522803,0,1,0,0,1,0,0,1,0,0
1,0,1,1,-0.5489205190561197,1,1,0,0,0,0,0,1,1,0.6211969993731534,-0.36686267993657173,0,1,0,1,0,0,0,0,1,0
0,0,1,1,1.6084834273893616,1,1,1,1,1,1,1,1,1,1.5984519924857334,2.6111532121544063,0,1,0,0,0,1,1,0,0,0
0,0,0,0,-1.2002122764736234,1,0,1,0,1,0,1,1,1,1.1305642029140057,-0.8842258477439365,0,1,0,1,0,0,0,1,0,0
1,0,1,1,0.46872285190873,1,1,0,0,0,0,0,0,0,-1.3299946337344775,-0.5653824374993502,0,0,1,0,1,0,0,0,1,0
0,0,0,0,0.387311382231542,1,1,1,0,1,0,1,1,1,1.336302096200865,0.9217704914595465,0,1,0,1,0,0,0,0,1,0
1,0,1,1,-0.10115743583158582,1,1,0,1,0,1,0,0,1,0.6178786462556232,0.1180541535041242,0,1,0,1,0,0,1,0,0,0
1,0,0,0,0.7536629957788878,1,1,0,1,0,0,0,0,0,0.5332606417586087,0.7834674423999971,0,1,0,1,0,0,1,0,0,0
0,0,0,0,-1.2816237461508113,1,0,0,0,0,0,0,0,0,-1.5025489958460367,-1.0017834394445535,0,0,1,1,0,0,0,0,0,1
1,0,1,1,-0.38609757970174374,1,0,0,0,0,0,0,0,1,-1.4909347599346818,-0.8148987002947212,0,0,1,0,1,0,0,1,0,0
0,0,1,0,0.8350744654560759,1,0,1,1,1,1,1,1,0,1.512174811429954,1.5517079506283984,0,1,0,0,1,0,0,0,1,0
0,0,0,0,-0.3453918448631497,1,1,0,0,1,0,1,1,1,1.1222683201201809,0.046531719561900275,0,1,0,1,0,0,0,0,1,0
0,0,0,0,-1.2816237461508113,1,0,0,0,0,0,0,0,0,-1.4859572302583868,-1.0015639107952525,0,0,1,1,0,0,0,0,0,1
1,1,1,0,1.1607203441648277,1,1,0,1,1,1,1,0,1,1.107335731091296,1.6531521394703315,0,1,0,0,1,0,0,0,0,1
1,0,0,0,-0.4268033145403377,1,0,0,1,0,0,1,1,1,0.9380997220972668,-0.06323260508853569,0,1,0,1,0,0,0,0,0,1
1,1,0,0,-1.1188008067964355,1,0,0,0,0,0,1,1,1,0.8783693659817272,-0.8129448953159435,0,1,0,1,0,0,0,0,1,0
1,0,0,0,0.26519417771576004,1,0,0,0,0,1,0,0,1,-0.5020655309107466,-0.14496312122325034,1,0,0,0,0,1,1,0,0,0
1,0,1,1,0.7129572609402939,0,0,1,0,0,0,1,0,1,-0.8455150785750998,-0.12292244483344288,1,0,0,1,0,0,0,1,0,0
1,0,1,1,0.9978974048104517,1,0,0,0,0,0,0,0,0,-1.5108448786398618,-0.5443076871664665,0,0,1,0,1,0,0,0,0,1
1,0,0,1,0.26519417771576004,1,1,0,0,0,0,0,0,0,-1.3100845150292975,-0.5895964475172364,0,0,1,0,1,0,1,0,0,0
0,0,1,0,-0.8745663977648716,1,1,1,0,0,1,1,0,1,1.0376503156231662,-0.4738609436058167,0,1,0,1,0,0,0,1,0,0
1,0,0,0,-1.2816237461508113,1,0,0,0,0,0,0,0,0,-0.6513914211995958,-0.9905216197354186,1,0,0,1,0,0,0,0,1,0
0,0,1,1,0.9571916699718578,1,1,1,0,1,1,1,1,1,1.482309633372184,1.6032971832141034,0,1,0,1,0,0,0,0,0,1
1,0,0,0,0.06166550352279012,1,0,1,0,1,0,0,0,0,-0.2648032830073525,-0.18081214965408277,1,0,0,0,1,0,0,0,0,1
0,1,1,0,-0.8338606629262776,1,0,1,0,1,1,1,1,1,0.473530285643069,-0.5960066840768219,1,0,0,0,1,0,0,0,1,0
1,0,1,0,-1.2816237461508113,1,0,0,0,0,0,1,1,1,0.8568000707177821,-0.9705664655139695,0,1,0,1,0,0,0,0,1,0
1,0,0,0,-0.5489205190561197,1,0,0,0,0,0,0,0,1,-1.5008898192872717,-0.8407152694525037,0,0,1,0,1,0,0,1,0,0
1,0,1,0,-0.5896262538947137,1,1,0,0,0,0,1,1,1,0.9895341954189815,-0.2675698718577873,0,1,0,1,0,0,0,0,1,0
1,1,1,0,0.14307697319997809,1,0,0,0,1,1,0,0,0,-0.3593763468569571,-0.13543557784359259,1,0,0,0,1,0,0,1,0,0
1,1,0,0,-0.8745663977648716,1,1,1,1,0,0,0,0,0,-0.1552976301288631,-0.7193378792540517,1,0,0,1,0,0,1,0,0,0
0,0,0,0,0.9571916699718578,1,0,0,1,0,0,0,0,1,0.29599839385521454,0.7865847492200695,0,1,0,1,0,0,0,0,1,0
0,1,1,0,0.7536629957788878,1,1,1,0,0,0,0,0,1,0.4171182826450592,0.6612338904692716,0,1,0,1,0,0,0,0,1,0
0,0,1,0,-0.22327464034736777,1,1,0,0,1,0,0,1,0,0.8368899520126024,0.053600542069388316,0,1,0,1,0,0,1,0,0,0
0,0,0,0,-1.2816237461508113,1,0,0,0,0,0,0,0,0,0.1981069768880804,-0.9792817528912141,0,1,0,1,0,0,0,0,0,1
0,1,1,1,-1.1595065416350294,1,0,0,0,0,0,0,0,0,-0.6281629493768859,-0.9306781099360011,1,0,0,1,0,0,0,0,1,0
1,1,1,0,1.6084834273893616,0,0,1,1,1,1,1,1,1,-0.015926799192603674,1.0272979131784759,1,0,0,0,0,1,0,1,0,0
0,1,0,0,0.7943687306174818,0,0,0,1,1,1,1,0,1,-0.4788370590880366,0.11634183003957754,1,0,0,1,0,0,0,0,1,0
0,0,0,0,-0.7117434584104956,1,1,0,0,0,0,0,0,1,-1.3117436915880627,-0.8349636188408209,0,0,1,1,0,0,0,1,0,0
0,0,1,0,-1.2816237461508113,1,0,0,0,0,0,1,0,0,-0.3228744625641272,-0.9861749524792616,1,0,0,1,0,0,0,0,0,1
0,0,0,0,1.2421318138420157,1,1,1,1,1,1,1,0,1,0.4950995809070136,1.1240441889253698,1,0,0,0,0,1,0,1,0,0
0,0,1,1,-0.7524491932490895,1,1,0,1,0,0,0,1,1,0.8617776003940772,-0.45763777642248227,0,1,0,1,0,0,1,0,0,0
0,1,1,1,-0.38609757970174374,1,0,0,1,1,0,0,1,1,0.7804779490145926,-0.07497738782613234,0,1,0,1,0,0,1,0,0,0
0,1,1,0,0.590840056424512,1,1,0,0,1,0,1,1,0,1.1537926747367158,1.0738818925601206,0,1,0,1,0,0,0,0,1,0
0,0,1,1,1.6084834273893616,1,1,0,1,1,1,1,1,1,1.4690362209020642,2.3753574899403396,0,1,0,0,0,1,1,0,0,0
0,0,0,0,0.631545791263106,1,1,1,1,1,0,1,1,1,0.6145602931380933,0.696578003006712,1,0,0,0,1,0,0,1,0,0
0,0,0,0,-0.8745663977648716,0,0,0,0,0,0,1,0,1,-0.9666349673649444,-0.8509672573748545,1,0,0,1,0,0,0,0,0,1
0,0,1,1,0.631545791263106,1,0,0,0,0,0,0,0,0,-1.4909347599346818,-0.5994971896007056,0,0,1,0,0,1,0,0,0,1
1,1,1,0,1.1607203441648277,1,1,0,0,0,0,0,0,0,-1.3250171040581826,-0.35105661718690895,0,0,1,0,0,1,1,0,0,0
1,1,0,0,0.06166550352279012,1,0,0,0,0,0,0,0,0,0.14003579733130567,-0.011511655313250378,0,1,0,1,0,0,0,1,0,0
1,0,0,0,-0.3453918448631497,1,0,0,0,0,0,0,0,0,-1.466047111553207,-0.7965680580780984,0,0,1,0,0,1,0,0,0,1
0,0,1,1,-0.5896262538947137,1,0,1,1,0,1,0,0,1,-0.1138182161597383,-0.5329580559976114,1,0,0,0,1,0,0,0,0,1
0,0,1,1,1.2828375486806096,1,1,1,0,0,1,0,0,1,0.7257251225753476,1.3285570786140621,0,1,0,1,0,0,1,0,0,0
0,1,1,1,1.0793088744876398,1,1,0,0,1,0,0,1,1,0.7904330083671824,1.3379529048041392,0,1,0,1,0,0,0,1,0,0
1,1,1,0,-0.3453918448631497,0,0,0,0,1,1,0,0,0,-1.018069440686659,-0.6467836606601135,1,0,0,1,0,0,0,0,0,1
1,0,1,1,-1.3223294809894055,1,1,0,0,0,0,0,0,0,-1.3134028681468275,-0.3968393169986058,0,0,1,0,0,1,0,0,0,1
0,0,0,0,1.1200146093262338,1,1,0,0,0,0,0,0,0,-1.3250171040581826,-0.3496077281015232,0,0,1,0,0,1,0,0,0,1
0,0,0,0,0.346605647392948,1,1,1,0,1,1,0,1,1,0.32254521879545484,0.3465615245614019,1,0,0,1,0,0,1,0,0,0
1,1,0,0,-1.2002122764736234,1,1,0,1,0,0,0,0,1,0.5448748776699633,-0.9078032246788503,0,1,0,1,0,0,0,0,1,0
1,0,1,0,1.6084834273893616,1,1,0,1,1,1,1,1,1,1.4424893959618246,2.3788919011940837,0,1,0,0,0,1,0,0,1,0
1,0,1,0,0.590840056424512,1,1,1,0,1,1,1,1,1,1.5237890473413087,1.3059675806010025,0,1,0,0,1,0,0,1,0,0
1,0,0,0,-0.4675090493789317,1,1,0,0,0,0,0,0,0,0.3441145140593994,-0.32078361644831865,0,1,0,1,0,0,0,0,0,1
0,0,0,0,0.346605647392948,1,1,0,0,1,0,1,1,0,1.0990398482974708,0.7416911404380412,0,1,0,1,0,0,1,0,0,0
1,0,1,0,-1.0780950719578415,1,1,0,0,0,0,1,0,1,0.5946501744329131,-0.8083347936806251,0,1,0,1,0,0,0,0,1,0
1,0,0,0,-0.6303319887333076,1,0,0,0,0,0,0,0,0,-1.4544328756418519,-0.8411323738861755,0,0,1,1,0,0,0,1,0,0
0,0,1,1,1.6084834273893616,1,0,0,0,0,0,0,0,0,-1.4876164068171518,-0.3690140606997203,0,0,1,0,0,1,1,0,0,0
1,0,0,1,-0.7931549280876836,1,0,1,0,0,0,0,0,1,-0.42574340920755677,-0.7159571380548182,1,0,0,1,0,0,0,1,0,0
0,0,1,0,1.6084834273893616,1,1,1,1,0,1,0,0,0,-0.005971739840013817,1.099149640094651,1,0,0,0,0,1,1,0,0,0
1,0,1,0,-0.7117434584104956,1,1,0,0,1,1,1,1,1,1.2782309166440902,-0.3343504869751126,0,1,0,1,0,0,0,0,1,0
0,0,0,0,-1.2002122764736234,0,0,0,0,0,0,1,0,1,-0.9998184985402442,-0.9603803361864092,1,0,0,1,0,0,0,1,0,0
0,0,0,0,0.5501343215859179,1,0,0,0,1,0,0,0,1,0.3275227484717495,0.54749609726649,0,1,0,1,0,0,0,1,0,0
1,0,1,0,1.6084834273893616,1,1,0,0,0,0,0,0,1,-1.3731332242623675,-0.25349808543760144,0,0,1,0,0,1,1,0,0,0
0,0,0,0,-0.7117434584104956,1,0,0,0,0,0,1,0,0,-0.29135010794759253,-0.6012534187951126,1,0,0,0,1,0,0,0,0,1
0,0,1,0,1.2828375486806096,1,1,0,1,1,1,1,1,1,1.533744106693899,2.0425301047352877,0,1,0,1,0,0,0,0,1,0
0,0,1,1,1.4049547531963917,1,0,1,1,1,0,0,0,0,0.659358060224748,1.4475635594000649,0,1,0,0,1,0,1,0,0,0
1,0,0,0,-1.2816237461508113,1,0,0,0,0,0,0,0,0,-1.4760021709057967,-1.0014321936056723,0,0,1,1,0,0,0,0,0,1
1,0,1,0,0.7536629957788878,1,1,0,0,0,1,1,1,1,0.34079616094186965,0.7024613708079754,1,0,0,0,0,1,1,0,0,0
0,0,0,1,0.7536629957788878,0,0,1,0,1,1,1,1,0,-0.15861598324639314,0.34056839243548803,1,0,0,0,1,0,1,0,0,0
1,0,0,0,-1.1188008067964355,0,0,1,1,1,1,0,0,1,-0.7194176601089605,-0.9142573669682958,1,0,0,1,0,0,0,0,0,1
0,0,0,0,-1.1595065416350294,1,1,0,0,0,0,0,0,1,-1.3150620447055927,-0.9590631642906039,0,0,1,0,0,1,0,1,0,0
1,0,1,1,0.1023712383613841,1,1,1,1,1,1,0,0,1,0.14003579733130567,0.08290761675105472,1,0,0,0,0,1,0,1,0,0
0,0,1,0,1.5677776925507676,1,1,0,0,0,0,0,0,1,-1.3499047524396575,-0.24954656975018574,0,0,1,0,0,1,0,1,0,0
0,0,0,0,-0.7931549280876836,1,0,0,0,0,0,1,0,1,0.5631258198163787,-0.5586648608307435,0,1,0,1,0,0,0,0,0,1
0,0,0,0,-1.2002122764736234,1,0,0,0,0,0,0,0,0,-1.4842980536996218,-0.9814550865192928,0,0,1,1,0,0,0,0,1,0
1,0,1,0,-0.10115743583158582,1,0,0,0,0,0,0,0,0,-1.5224591145512167,-0.730489934638536,0,0,1,0,0,1,0,0,0,1
1,1,1,0,-0.5082147842175256,1,0,0,1,0,0,0,0,1,0.28936168762015496,-0.36785055885842566,0,1,0,1,0,0,0,0,1,0
0,0,0,0,1.2828375486806096,1,1,1,1,1,1,1,1,1,0.712451710105228,1.3789608564935425,1,0,0,0,0,1,0,1,0,0
0,0,1,0,1.0793088744876398,1,0,0,0,0,0,0,0,0,-1.5440284098151615,-0.5459541520362231,0,0,1,0,0,1,1,0,0,0
0,1,0,0,-1.2816237461508113,1,0,1,0,1,0,0,0,1,-0.3029643438589475,-0.9859115181001004,1,0,0,1,0,0,0,0,1,0
1,1,0,0,0.9978974048104517,1,1,1,0,0,1,0,1,0,0.9563506642436816,1.4595278707869623,0,1,0,0,0,1,0,0,1,0
1,0,1,1,1.3642490183577978,0,0,0,0,0,1,1,1,0,-0.4771778825292717,0.4668193186484196,1,0,0,0,0,1,1,0,0,0
1,0,0,1,-0.30468611002455576,0,0,1,0,0,0,1,0,1,-0.8056948411647401,-0.5842838542041553,1,0,0,0,1,0,0,1,0,0
1,0,0,0,-0.9152721326034655,0,0,0,0,1,0,0,0,0,-1.1756912137693334,-0.8983415398939827,1,0,0,1,0,0,0,0,0,1
0,0,0,0,-1.1595065416350294,1,0,0,0,0,0,0,0,0,-1.4793205240233267,-0.9763839747204426,0,0,1,1,0,0,0,0,0,1
0,0,1,0,1.6084834273893616,1,1,1,1,1,1,1,1,0,0.8982794846869069,1.8322216587050524,1,0,0,0,0,1,1,0,0,0
1,1,1,0,1.5677776925507676,1,1,1,1,1,1,1,1,1,1.6631598782775683,2.509335824608662,0,1,0,0,0,1,1,0,0,0
0,0,0,0,0.346605647392948,1,0,0,0,0,0,0,0,1,-1.4992306427285067,-0.6561136282554005,0,0,1,0,1,0,0,0,0,1
1,0,1,1,-0.9559778674420595,1,0,0,0,0,0,0,0,0,-1.5042081724048018,-0.9237410046180935,0,0,1,0,0,1,0,0,0,1
1,0,0,0,-1.2816237461508113,1,0,0,0,1,0,0,0,0,-0.4655636466179167,-0.9880628988632489,1,0,0,1,0,0,0,0,0,1
0,0,0,1,-1.2816237461508113,1,0,1,0,0,0,0,0,1,0.2877025110613896,-0.9780962981849894,0,1,0,1,0,0,0,0,0,1
0,0,1,1,1.3235432835192036,1,1,1,0,1,1,1,1,0,1.472354574019594,2.211193965993148,0,1,0,0,0,1,0,0,1,0
0,0,0,0,-1.1595065416350294,1,1,0,0,0,0,0,0,0,0.3457736906181643,-0.8619656427048282,0,1,0,1,0,0,0,0,1,0
0,0,0,0,-1.2816237461508113,1,0,0,1,0,0,0,0,0,0.3125901594428645,-0.9777670052110381,0,1,0,1,0,0,0,0,1,0
1,0,0,0,-1.2816237461508113,1,0,0,0,0,0,0,0,1,-0.7310318960203155,-0.9915753572520629,1,0,0,1,0,0,0,0,1,0
0,0,0,0,-1.0373893371192475,1,0,0,0,0,0,0,0,0,-1.469365464670737,-0.9419618825100659,0,0,1,1,0,0,0,0,0,1
1,0,0,0,-1.1188008067964355,1,0,0,0,0,0,0,0,0,-1.4793205240233267,-0.969688350916766,0,0,1,1,0,0,0,0,0,1
1,0,1,1,-0.8338606629262776,1,0,0,0,0,0,0,1,0,-0.37430893588584213,-0.7046733654807534,1,0,0,0,1,0,0,1,0,0
0,1,0,0,0.9164859351332638,1,1,0,0,1,0,1,1,1,1.1637477340893057,1.4084874598245096,0,1,0,0,1,0,0,0,1,0
1,0,0,0,0.8757802002946699,0,0,1,0,0,1,1,0,0,-0.6547097743171256,0.06991152071244314,1,0,0,0,0,1,0,1,0,0
0,1,1,0,-1.2409180113122174,1,0,0,0,0,0,0,0,1,0.14501332700760036,-0.9428839028371294,0,1,0,1,0,0,0,0,1,0
1,0,1,1,-0.38609757970174374,1,0,0,0,0,0,0,0,0,-1.5042081724048018,-0.8230871189136437,0,0,1,0,0,1,0,1,0,0
1,0,0,0,-0.7117434584104956,1,1,0,1,0,1,0,1,0,1.0210585500355165,-0.3732948693610873,0,1,0,1,0,0,0,0,1,0
0,0,0,0,-1.2409180113122174,1,0,0,1,0,0,0,0,1,-0.5087022371458064,-0.9600510432124578,1,0,0,1,0,0,0,0,0,1
1,0,0,0,0.9571916699718578,1,1,0,1,0,0,1,1,0,1.1172907904438856,1.4399898209991848,0,1,0,1,0,0,0,0,1,0
0,0,1,0,1.3235432835192036,1,1,1,0,1,0,1,1,1,1.3313245665245697,2.0256483516040507,0,1,0,1,0,0,0,0,1,0
1,0,1,1,-0.1825689055087738,1,0,0,1,1,1,1,0,0,0.928144662744677,0.20505335722205978,0,1,0,0,1,0,1,0,0,0
0,0,0,0,-1.2816237461508113,0,0,0,0,0,0,0,0,0,-1.3183803978231226,-0.9993466714373139,1,0,0,1,0,0,0,0,0,1
0,0,0,1,-0.9966836022806536,0,0,1,0,0,0,0,1,1,-0.8770394331916347,-0.8651707609846209,1,0,0,1,0,0,0,0,1,0
0,0,1,0,-0.38609757970174374,1,0,1,0,1,1,0,1,1,0.12676238486118555,-0.2686455622393616,1,0,0,0,1,0,1,0,0,0
1,0,0,0,-0.6303319887333076,1,1,1,0,0,0,0,1,0,0.027211791335286027,-0.5225304451558199,1,0,0,1,0,0,1,0,0,0
1,0,0,0,-0.10115743583158582,1,0,1,1,0,1,1,0,0,0.1815152113004305,-0.11264850404616203,1,0,0,0,1,0,0,0,1,0
0,1,1,0,1.4049547531963917,1,1,1,1,0,0,1,1,1,1.3495755086709846,2.1122304508883145,0,1,0,0,1,0,0,0,1,0
1,0,1,1,-1.2816237461508113,1,0,0,0,0,0,0,1,1,0.5349198183173736,-0.9748253213104063,0,1,0,1,0,0,0,0,1,0
0,0,1,0,-0.6710377235719016,0,0,0,0,0,1,1,1,1,-0.4970880012344514,-0.6546866920349449,1,0,0,1,0,0,0,0,1,0
0,0,0,0,-1.2816237461508113,1,0,0,0,0,0,0,0,0,-1.4959122896109767,-1.0016956279848332,0,0,1,1,0,0,0,0,0,1
0,0,1,0,1.0793088744876398,1,1,1,1,1,1,0,1,1,1.3960324523164045,1.690801302825431,0,1,0,0,1,0,0,1,0,0
0,1,1,0,-0.5082147842175256,1,1,0,0,1,0,1,0,0,0.858459247276547,-0.15381012579007552,0,1,0,1,0,0,0,0,1,0
0,0,0,0,-0.7931549280876836,1,0,1,0,0,0,1,1,1,0.23294968462214516,-0.6047878300488567,1,0,0,1,0,0,0,0,1,0
0,0,0,0,-0.1825689055087738,1,1,0,1,0,0,0,1,1,0.8302532457775423,0.14235597498173086,0,1,0,1,0,0,0,0,1,0
0,0,1,0,0.8350744654560759,1,1,0,0,0,1,0,1,1,0.8700734831879022,1.1245051990889017,0,1,0,0,1,0,0,0,1,0
0,0,0,0,-1.0373893371192475,1,0,0,0,0,0,0,0,0,-1.4909347599346818,-0.9499966310744778,0,0,1,1,0,0,1,0,0,0
0,0,1,1,0.30589991255435406,1,1,0,0,0,0,0,0,1,-1.3316538102932427,-0.5605089014848709,0,0,1,0,0,1,0,0,0,1
1,0,0,0,1.4456604880349857,1,1,0,0,0,0,0,0,1,-1.3532231055571875,-0.35232988335285403,0,0,1,0,0,1,1,0,0,0
1,0,1,1,-1.2816237461508113,1,0,0,0,0,0,0,0,1,0.18981109409425545,-0.9793915172158645,0,1,0,1,0,0,0,0,0,1
0,0,1,1,1.2014260790034217,1,1,0,1,0,1,1,1,1,1.3645080976998696,1.9328096858147121,0,1,0,0,1,0,0,1,0,0
1,0,0,0,-0.1825689055087738,1,0,0,1,0,1,1,0,1,0.873391836305432,0.08005374431014338,0,1,0,0,1,0,1,0,0,0
1,1,1,0,1.2014260790034217,1,1,1,1,1,0,0,0,1,0.8020472442785371,1.4563447053720997,0,1,0,1,0,0,0,0,1,0
1,0,0,1,-0.4675090493789317,1,0,0,0,0,0,0,0,0,-0.6397771852882409,-0.57791752337443,1,0,0,1,0,0,0,0,0,1
0,1,0,0,0.346605647392948,1,0,0,0,1,1,1,1,1,1.2002496183821352,0.7529310072822458,0,1,0,0,1,0,1,0,0,0
1,0,1,1,-1.0780950719578415,1,0,0,0,0,0,0,0,1,0.1616050925952503,-0.8445131150854089,0,1,0,1,0,0,0,0,1,0
1,1,1,0,0.6722515261016999,1,1,0,1,0,0,0,1,0,0.8335715988950722,0.9860923857047019,0,1,0,1,0,0,0,1,0,0
0,0,1,1,1.4049547531963917,1,1,1,0,1,1,1,1,1,1.4756729271371243,2.18662871013638,0,1,0,0,1,0,0,0,1,0
0,0,0,0,0.5094285867473239,1,0,1,1,0,0,1,1,1,1.1737027934418955,0.9583000587032114,0,1,0,0,1,0,0,0,1,0
1,0,1,1,1.0793088744876398,1,0,0,0,0,0,0,0,0,-1.5141632317573919,-0.48674727531977785,0,0,1,0,0,1,0,1,0,0
0,0,0,0,-1.2816237461508113,1,0,0,1,0,1,1,0,0,0.888324425334317,-0.9701493610802979,0,1,0,1,0,0,0,0,1,0
1,0,1,1,1.6084834273893616,1,1,1,1,1,1,0,1,1,1.326347036848275,2.2989834728485663,0,1,0,0,1,0,0,1,0,0
1,0,1,1,1.4049547531963917,1,0,0,0,0,0,0,0,1,-1.464387934994442,-0.3905059154662756,0,0,1,0,0,1,0,0,0,1
0,0,1,1,0.46872285190873,1,0,0,0,0,0,0,0,0,-1.5042081724048018,-0.6678364581280671,0,0,1,1,0,0,0,0,0,1
0,0,0,0,-1.2816237461508113,1,0,0,0,0,0,0,0,1,-0.6945300117274855,-0.9910923942236011,1,0,0,1,0,0,0,0,0,1
0,1,0,0,1.5677776925507676,1,1,0,1,1,0,1,1,1,1.359530568023575,2.292156131855309,0,1,0,0,1,0,0,0,1,0
1,1,0,0,-1.1188008067964355,1,0,0,0,0,0,0,0,1,0.21635791903449522,-0.8472572232016697,0,1,0,1,0,0,0,0,0,1
0,1,1,1,1.3642490183577978,1,1,1,1,0,1,1,1,1,1.5154931645474838,2.155565406260307,0,1,0,0,1,0,0,1,0,0
1,1,1,0,-0.019745966154397852,1,1,0,1,1,0,0,1,1,0.9480547814498567,0.2939405073239829,0,1,0,1,0,0,0,0,1,0
1,0,0,0,0.7943687306174818,1,0,1,1,0,0,1,0,1,-0.05574703660296358,0.45711615234932085,1,0,0,0,0,1,0,1,0,0
1,0,0,0,-1.2816237461508113,1,0,0,0,0,0,0,0,0,-0.6812565992573657,-0.9909167713041603,1,0,0,1,0,0,0,0,0,1
1,0,0,0,-0.5896262538947137,1,0,0,0,0,0,0,0,0,-1.4892755833759168,-0.8530088738133526,0,0,1,1,0,0,0,0,0,1
1,0,0,0,1.3642490183577978,1,0,1,1,0,0,0,0,1,-0.33614787503424737,0.5112299644019858,1,0,0,0,1,0,0,0,0,1
1,0,1,0,0.22448844287716607,1,0,1,1,0,0,0,0,1,0.48182616843689396,0.3124906781899066,0,1,0,1,0,0,0,0,1,0
1,0,1,1,-0.7117434584104956,1,0,1,0,0,1,1,1,0,1.2267964433223755,-0.27839263426832034,0,1,0,0,1,0,0,0,1,0
0,0,1,1,0.5501343215859179,1,1,1,0,1,1,0,1,0,1.152133498177951,1.0225121886237165,0,1,0,0,0,1,0,0,0,1
0,0,1,0,1.3235432835192036,1,1,1,1,0,1,1,0,1,1.1687252637656007,1.9064662478986074,0,1,0,0,1,0,1,0,0,0
0,0,1,0,1.4456604880349857,1,1,0,0,0,0,0,0,0,-1.2984702791179428,-0.1711528890848444,0,0,1,0,0,1,0,1,0,0
1,0,1,1,-0.7931549280876836,1,0,0,0,1,0,1,1,0,1.064197140563406,-0.4245109032429807,0,1,0,1,0,0,0,0,1,0
0,0,0,0,-0.9152721326034655,1,1,0,0,0,1,1,1,1,1.113972437326356,-0.5457785291167824,0,1,0,1,0,0,0,0,1,0
1,0,0,0,-0.30468611002455576,1,0,0,0,0,0,0,0,1,-1.5075265255223318,-0.7837256320939975,0,0,1,0,1,0,1,0,0,0
1,0,0,0,-0.9152721326034655,1,1,0,0,0,0,0,0,0,-1.3017886322354726,-0.8999440990338791,0,0,1,0,0,1,1,0,0,0
1,0,1,0,1.6084834273893616,1,1,0,0,0,0,0,0,0,-1.2968111025591778,-0.1884078409198929,0,0,1,0,0,1,0,1,0,0
1,0,0,0,-1.2002122764736234,1,0,0,0,0,1,0,0,1,-0.4871329418818615,-0.9435424887850321,1,0,0,1,0,0,0,0,0,1
1,0,0,0,-1.2409180113122174,1,1,0,1,0,0,0,0,1,-0.34942128750436724,-0.9603144775916188,1,0,0,1,0,0,0,0,0,1
1,0,1,1,0.22448844287716607,1,0,1,0,1,1,1,1,0,0.5332606417586087,0.3440369450944419,1,0,0,0,0,1,0,1,0,0
1,0,1,0,1.2014260790034217,1,1,0,0,1,1,1,1,1,1.4159425710215843,2.024660472682197,0,1,0,0,0,1,1,0,0,0
1,1,1,1,-0.8745663977648716,1,1,0,0,0,0,0,0,1,0.34079616094186965,-0.6700097917561457,0,1,0,1,0,0,0,1,0,0
0,0,0,0,-1.2002122764736234,1,0,0,0,1,1,0,0,0,0.5033954637008385,-0.9148940000512683,0,1,0,1,0,0,0,1,0,0
1,0,1,1,0.6722515261016999,0,0,0,1,0,0,1,1,1,-0.4356984685601469,0.10534344470960379,1,0,0,0,1,0,1,0,0,0
1,0,0,0,-0.6303319887333076,1,0,0,0,0,0,0,0,0,-1.5091857020810966,-0.8483768193131042,0,0,1,0,0,1,0,1,0,0
0,0,0,0,-0.9966836022806536,1,0,0,0,0,0,0,0,1,-1.4677062881119718,-0.9499966310744778,0,0,1,1,0,0,0,0,0,1
1,0,0,0,-1.2409180113122174,1,0,0,0,0,1,0,0,1,-0.4887921184406264,-0.9624439054898373,1,0,0,1,0,0,0,1,0,0
1,0,0,0,-1.2002122764736234,1,0,0,0,1,1,1,0,1,0.7771595958970623,-0.8953559502634908,0,1,0,1,0,0,0,0,0,1
0,1,0,0,-0.9559778674420595,1,1,0,0,0,0,0,1,1,0.6477438243133932,-0.675629725178248,0,1,0,1,0,0,0,0,1,0
1,0,1,0,1.5270719577121736,1,1,0,0,0,0,0,0,0,-1.3499047524396575,-0.2534102739778811,0,0,1,0,0,1,1,0,0,0
1,0,1,1,-0.019745966154397852,1,0,1,1,1,0,0,1,0,0.9911933719777464,0.36451896807421325,0,1,0,0,1,0,0,0,0,1
1,0,1,1,-0.4268033145403377,1,0,1,0,0,0,0,0,0,0.3341594547068096,-0.319356680227863,0,1,0,1,0,0,1,0,0,0
0,0,1,1,-0.7524491932490895,1,0,0,0,0,0,0,0,1,-1.5075265255223318,-0.8909873301424034,0,0,1,0,1,0,0,0,0,1
1,0,1,1,-1.2409180113122174,1,0,0,0,1,1,0,1,0,0.8319124223363072,-0.9269680757628163,0,1,0,1,0,0,0,1,0,0
1,0,1,0,1.4456604880349857,1,1,0,0,0,0,0,0,0,-1.3167212212643575,-0.251632091918544,0,0,1,0,0,1,1,0,0,0
1,0,0,0,-0.7524491932490895,1,0,0,0,0,0,0,0,0,-1.477661347464562,-0.889362818137577,0,0,1,0,1,0,1,0,0,0
0,0,0,0,-1.2409180113122174,1,0,1,1,0,0,1,0,1,0.8700734831879022,-0.9364297605476839,0,1,0,1,0,0,0,0,1,0
0,0,0,0,-1.2409180113122174,1,0,0,0,0,0,1,0,1,0.4917812277894838,-0.9381859897420909,0,1,0,1,0,0,0,0,1,0
0,0,1,0,0.631545791263106,1,0,0,1,1,0,1,1,1,1.065856317122171,1.050063034110976,0,1,0,0,1,0,0,0,1,0
0,0,1,0,-1.0780950719578415,1,0,0,0,0,1,0,0,1,-0.5236348261746914,-0.8915141989007256,1,0,0,1,0,0,0,0,1,0
1,1,1,0,0.428017117070136,1,1,0,1,1,0,1,1,1,1.2632983276152052,0.9277197178556001,0,1,0,1,0,0,0,0,1,0
0,0,0,0,0.14307697319997809,1,0,1,1,1,1,0,1,1,0.3524103968532244,0.16632850348538605,1,0,0,0,1,0,0,0,0,1
1,0,0,0,1.3642490183577978,1,0,0,1,1,0,1,1,0,1.1471559685016557,1.9358830869049244,0,1,0,1,0,0,0,0,1,0
1,0,1,1,1.0386031396490458,1,0,0,1,0,0,1,1,1,0.9264854861859115,1.3188100065851034,0,1,0,1,0,0,0,0,1,0
0,0,0,0,-0.38609757970174374,1,1,1,0,0,0,1,0,1,0.8335715988950722,-0.057744388856013885,0,1,0,1,0,0,1,0,0,0
1,0,0,0,-1.2816237461508113,1,1,0,0,1,0,1,1,1,1.2118638542934905,-0.9658685524189309,0,1,0,1,0,0,0,0,1,0
0,0,0,0,-0.7117434584104956,1,0,0,0,0,0,0,0,0,-1.4876164068171518,-0.8776180353999803,0,0,1,0,1,0,0,1,0,0
1,0,1,1,1.5677776925507676,1,0,1,1,1,1,1,0,0,1.1703844403243657,2.1547531502578936,0,1,0,0,0,1,0,1,0,0
0,0,0,0,-0.8338606629262776,1,1,0,1,0,0,0,1,1,0.8037064208373025,-0.5460858692258036,0,1,0,1,0,0,0,0,1,0
1,0,0,0,-1.2816237461508113,1,0,0,0,0,0,0,0,0,-0.6596873039934208,-0.9906313840600691,1,0,0,1,0,0,0,0,0,1
1,1,0,0,-0.9559778674420595,1,0,0,0,0,1,0,0,0,-0.5219756496159262,-0.8137571513183567,1,0,0,1,0,0,0,0,0,1
1,0,1,1,-0.10115743583158582,1,0,0,0,0,0,0,0,0,-1.449455345965557,-0.6978460244874962,0,0,1,0,0,1,0,0,0,1
1,1,0,0,0.1023712383613841,1,1,0,0,1,0,1,1,1,1.2102046777347255,0.5246651177391993,0,1,0,1,0,0,0,0,1,0
0,0,1,0,0.6722515261016999,1,1,0,0,0,0,0,0,1,-0.42408423264879186,0.1240033799001779,1,0,0,1,0,0,0,1,0,0
0,0,1,1,1.1607203441648277,0,0,0,1,1,1,1,1,1,-0.1154773927185032,0.6365588702878537,1,0,0,0,0,1,1,0,0,0
0,0,1,0,1.5270719577121736,0,0,1,1,1,1,1,1,0,-0.01260844607507388,0.9674983091089179,1,0,0,0,0,1,1,0,0,0
0,0,0,0,-0.9152721326034655,1,1,0,0,1,0,1,1,1,1.1836578527944854,-0.5449223673845089,0,1,0,1,0,0,0,0,1,0
1,0,1,1,1.6084834273893616,1,1,0,0,0,0,0,0,0,-1.2885152197653527,-0.1975182798658791,0,0,1,0,0,1,0,0,0,1
0,0,1,1,1.2014260790034217,1,0,1,0,1,0,0,0,0,-0.3378070515930122,0.4935140024034055,1,0,0,0,1,0,0,1,0,0
0,0,1,1,-0.9966836022806536,1,0,0,0,0,0,0,0,1,-0.6464138915233006,-0.8296290726628097,1,0,0,1,0,0,0,0,1,0
1,0,0,0,-1.2409180113122174,1,0,0,0,0,0,1,0,1,0.4984179340245439,-0.9338173696210036,0,1,0,1,0,0,0,0,1,0
1,0,0,0,0.6722515261016999,1,1,0,1,1,0,1,1,1,1.2865267994379153,1.2008133575858848,0,1,0,1,0,0,1,0,0,0
1,0,0,0,-1.2816237461508113,1,0,0,0,0,0,0,0,0,-1.5091857020810966,-1.001871250904274,0,0,1,1,0,0,0,0,0,1
1,0,1,0,-0.30468611002455576,1,0,0,0,0,1,1,1,1,1.0210585500355165,0.01625871882330992,0,1,0,1,0,0,0,1,0,0
1,0,0,0,1.6084834273893616,1,0,1,1,1,1,1,0,1,0.3374778078243394,1.332552500031338,1,0,0,0,0,1,1,0,0,0
0,0,0,0,0.26519417771576004,0,0,0,0,1,0,1,1,1,-0.47385952941174164,-0.173831138606315,1,0,0,1,0,0,0,1,0,0
0,0,1,1,-1.2002122764736234,1,1,0,1,1,0,1,0,1,0.14003579733130567,-0.907232450190668,1,0,0,1,0,0,1,0,0,0
0,0,1,1,1.4863662228735797,1,1,0,1,1,0,1,1,1,1.2948226822317401,2.2592048815952483,0,1,0,1,0,0,0,0,1,0
1,0,0,0,-0.6710377235719016,1,0,0,0,0,0,0,0,0,-1.4992306427285067,-0.8809329180044234,0,0,1,1,0,0,0,1,0,0
0,0,0,0,-0.8338606629262776,0,0,1,0,0,1,0,0,1,-1.0396387359506039,-0.8192234146859484,1,0,0,0,1,0,0,0,0,1
1,0,1,1,1.5677776925507676,1,1,1,1,0,1,0,0,1,0.06371367562811567,1.0745404785080233,1,0,0,0,1,0,0,1,0,0
0,0,1,1,-0.8338606629262776,1,0,0,0,0,0,0,0,0,-1.5108448786398618,-0.9234336645090724,0,0,1,1,0,0,1,0,0,0
1,1,0,0,1.5677776925507676,1,1,0,1,0,1,1,1,1,1.3893957460813444,2.3366106833387357,0,1,0,0,0,1,0,0,1,0
1,0,1,1,0.5501343215859179,1,0,1,0,1,1,0,0,0,-0.26646245956611764,0.11361967478824661,1,0,0,0,1,0,0,0,0,1
0,0,1,1,1.6084834273893616,1,1,1,1,1,1,1,1,0,0.919848779950852,1.9457618761234636,1,0,0,0,0,1,1,0,0,0
0,0,0,0,-0.4268033145403377,1,1,0,0,0,0,0,0,1,0.3673429858821094,-0.22730831757600747,0,1,0,0,1,0,0,1,0,0
1,0,1,0,-1.2816237461508113,1,0,1,0,1,0,0,0,0,-0.3062826969764773,-0.9859554238299607,1,0,0,1,0,0,0,0,0,1
0,0,1,1,1.6084834273893616,1,1,1,1,1,1,1,1,1,1.7079576453642233,2.7405653509172705,0,1,0,0,0,1,0,1,0,0
1,0,0,0,0.346605647392948,1,1,0,0,0,0,0,0,1,-1.3167212212643575,-0.57291227017037,0,0,1,1,0,0,1,0,0,0
0,0,1,0,0.8350744654560759,1,0,0,0,1,0,1,1,1,0.9928525485365113,1.1849633891063618,0,1,0,0,1,0,1,0,0,0
0,0,1,1,1.2014260790034217,1,1,1,0,0,0,1,1,1,1.2019087949409006,1.9042051028108087,0,1,0,0,0,1,1,0,0,0
0,0,0,0,-1.2409180113122174,1,1,0,0,0,0,1,1,1,1.0310136093881064,-0.9336636995664929,0,1,0,1,0,0,0,0,1,0
0,0,1,1,1.4863662228735797,1,1,0,1,0,1,0,1,1,0.9414180752147966,1.7986996339568095,0,1,0,0,0,1,1,0,0,0
0,0,0,0,-1.1595065416350294,1,0,0,0,0,0,0,0,1,-0.6513914211995958,-0.9239385804024643,1,0,0,1,0,0,0,0,0,1
0,0,0,0,-0.9559778674420595,1,0,0,0,0,1,1,0,1,-0.180185278510338,-0.7776885942382235,1,0,0,1,0,0,1,0,0,0
1,0,0,0,1.2421318138420157,1,1,1,1,1,1,0,0,0,0.21801709559326013,0.9988470002290827,1,0,0,0,1,0,0,0,1,0
1,0,0,0,-1.1188008067964355,1,1,0,0,0,0,0,0,0,-0.5900018885252911,-0.9124352791790986,1,0,0,1,0,0,0,0,1,0
0,0,0,0,0.346605647392948,1,0,0,0,0,0,0,0,0,-1.469365464670737,-0.6437322124348314,0,0,1,0,0,1,0,0,0,1
0,0,0,0,-1.1188008067964355,1,1,0,0,0,0,1,1,1,0.9613281939199768,-0.7966558695378188,0,1,0,1,0,0,0,0,0,1
1,1,1,0,-1.2409180113122174,1,0,0,0,1,0,1,1,1,1.0144218438004564,-0.930656157071071,0,1,0,1,0,0,0,1,0,0
1,0,1,0,0.020959768684196134,1,0,1,1,0,1,0,0,1,-0.12875080518862334,-0.12421766386431794,1,0,0,0,0,1,0,0,0,1
1,0,0,0,-1.2816237461508113,1,0,0,0,0,0,0,0,0,-1.5174815848749215,-1.0019810152289244,0,0,1,1,0,0,0,0,0,1
0,0,1,0,0.7536629957788878,1,1,0,0,0,0,0,0,0,-1.3084253384705327,-0.44786875152859346,0,0,1,0,0,1,0,0,0,1
0,1,0,0,-0.9966836022806536,1,1,0,0,1,0,1,1,0,1.2085455011759603,-0.6677266938034166,0,1,0,1,0,0,0,0,1,0
1,1,0,0,-1.0373893371192475,1,1,0,0,0,0,0,0,0,0.2926800407376848,-0.7710588290293371,0,1,0,1,0,0,0,0,0,1
1,0,0,0,-1.1188008067964355,1,1,0,1,1,0,1,1,0,1.2998002119080347,-0.7724857652497927,0,1,0,1,0,0,0,0,0,1
0,0,0,0,-1.2816237461508113,1,0,0,0,0,0,0,1,0,0.505054640259604,-0.9752204728791479,0,1,0,1,0,0,0,1,0,0
0,0,0,0,-0.5489205190561197,0,0,0,0,0,0,1,1,1,-0.6663240102284806,-0.6180912661964896,1,0,0,0,1,0,0,1,0,0
0,0,0,0,0.14307697319997809,1,1,0,1,0,0,1,1,1,1.135541732590301,0.5770446534623872,0,1,0,1,0,0,0,0,1,0
0,0,0,0,1.4456604880349857,1,0,1,0,1,0,0,0,1,-0.3477621109456021,0.6031027041344007,1,0,0,0,1,0,0,1,0,0
0,1,0,0,0.26519417771576004,1,1,0,0,1,0,1,1,1,1.1554518512954808,0.7616243417945604,0,1,0,1,0,0,0,0,1,0
1,1,0,0,-0.7117434584104956,1,1,0,1,0,0,0,0,1,0.5067138168183688,-0.47596841863910505,0,1,0,1,0,0,0,0,1,0
1,0,1,1,1.6084834273893616,1,0,0,0,0,0,0,0,0,-1.457751228759382,-0.35456907557572287,0,0,1,0,0,1,1,0,0,0
1,0,1,0,-1.0373893371192475,0,0,1,1,0,0,0,0,0,-1.0197286172454239,-0.8977488125408704,1,0,0,1,0,0,0,0,0,1
1,0,1,0,1.5677776925507676,1,1,0,0,0,0,0,0,0,-1.3432680462045974,-0.25055640153696973,0,0,1,0,0,1,1,0,0,0
1,0,1,1,-0.7524491932490895,1,0,1,1,0,0,1,0,1,0.01725673198269617,-0.5987507921930828,1,0,0,1,0,0,0,0,1,0
1,0,1,0,-0.4268033145403377,1,0,0,0,0,0,0,0,1,-1.4760021709057967,-0.8033734462064255,0,0,1,1,0,0,1,0,0,0
0,1,0,0,1.6084834273893616,1,1,1,1,1,1,1,1,1,1.7394819999807578,2.6935862199668836,0,1,0,0,0,1,0,1,0,0
1,0,1,0,0.7943687306174818,1,1,1,0,1,1,0,0,1,0.8850060722167867,1.0214584511070726,0,1,0,0,0,1,0,1,0,0
0,0,0,0,0.1023712383613841,1,0,0,0,1,0,0,1,1,-0.09390809745455836,-0.09010291176296252,1,0,0,1,0,0,0,0,1,0
0,0,1,1,0.7129572609402939,1,0,0,0,0,0,0,0,0,-1.4859572302583868,-0.6016924760937143,0,0,1,0,0,1,1,0,0,0
0,0,1,0,0.9978974048104517,1,1,1,0,0,0,1,1,1,1.152133498177951,1.4031090079166384,0,1,0,1,0,0,0,0,1,0
0,0,1,1,1.4049547531963917,1,1,0,1,1,1,1,1,1,1.5735643441042586,2.2335419824919764,0,1,0,0,1,0,0,1,0,0
1,0,0,0,-0.8745663977648716,1,0,1,0,1,0,0,0,1,0.48348534499565887,-0.6610749757296003,0,1,0,1,0,0,1,0,0,0
1,0,1,0,0.1023712383613841,1,1,0,1,0,1,1,0,1,0.13505826765501053,0.061635290633800105,1,0,0,0,1,0,0,0,1,0
1,1,1,0,-1.2816237461508113,1,1,0,0,0,0,0,0,1,0.2860433345026247,-0.9781182510499195,0,1,0,1,0,0,0,0,1,0
0,0,0,0,-0.1418631706701798,1,1,0,0,0,0,0,0,1,0.3076126297665698,-0.13525995492415185,0,1,0,1,0,0,0,0,1,0
0,0,0,0,-0.019745966154397852,1,0,0,0,0,0,0,0,0,-1.472683817788267,-0.7230259605623064,0,0,1,0,1,0,1,0,0,0
1,0,0,0,-0.5082147842175256,1,0,0,1,0,0,0,0,1,-0.4356984685601469,-0.5608821001886823,1,0,0,1,0,0,0,0,0,1
0,0,1,1,-0.4268033145403377,1,0,0,0,0,0,0,0,0,-1.5224591145512167,-0.811056948931956,0,0,1,1,0,0,1,0,0,0
0,0,0,0,-0.2639803751859618,1,1,0,0,0,0,0,0,1,0.33250027814804467,-0.20476272529280787,0,1,0,1,0,0,1,0,0,0
1,0,0,0,-0.4268033145403377,0,0,0,0,1,1,1,1,0,-0.2714399892424126,-0.43750699928159237,1,0,0,0,0,1,1,0,0,0
1,0,1,0,1.5270719577121736,1,1,0,0,0,0,0,0,0,-1.3200395743818876,-0.15826655737088327,0,0,1,0,0,1,1,0,0,0
0,0,1,1,1.4456604880349857,1,1,0,1,1,1,1,1,0,0.6759498258123978,1.430747664863618,1,0,0,0,0,1,1,0,0,0
1,0,0,0,-0.6303319887333076,1,0,0,1,1,0,0,1,1,0.8634367769528422,-0.3025627385563463,0,1,0,1,0,0,0,1,0,0
0,0,0,0,-1.2409180113122174,0,0,0,0,0,1,0,0,1,-1.1292342701239135,-0.9844845818796447,1,0,0,1,0,0,0,0,1,0
0,0,1,0,0.9164859351332638,1,0,0,0,0,0,0,0,0,-1.5008898192872717,-0.5098636420911598,0,0,1,0,1,0,0,0,1,0
1,0,0,0,0.22448844287716607,1,1,1,1,0,0,1,1,1,1.3246878602895098,0.696314568627551,0,1,0,0,1,0,0,0,1,0
0,0,1,1,-1.0373893371192475,0,0,1,0,0,1,0,0,0,-1.0047960282165391,-0.9021393855268878,1,0,0,1,0,0,0,0,0,1
0,0,1,1,-1.1188008067964355,1,0,0,0,0,1,1,0,1,0.6908824148412829,-0.8036368805855865,0,1,0,1,0,0,0,0,1,0
0,0,0,0,0.346605647392948,1,0,0,1,0,1,1,1,1,1.1239274966789456,0.7278827883970164,0,1,0,0,0,1,1,0,0,0
0,0,0,0,-0.8745663977648716,1,0,0,0,0,0,1,1,1,-0.0009942101637186523,-0.696001983833369,1,0,0,1,0,0,0,0,1,0
0,0,1,0,1.5677776925507676,1,1,0,1,1,1,1,1,1,0.6095827634617982,1.5776123312459014,1,0,0,0,0,1,0,1,0,0
0,1,0,0,-0.06045170099299184,1,0,1,0,0,0,0,0,1,0.2860433345026247,-0.09073954484593498,0,1,0,1,0,0,0,1,0,0
1,0,1,0,1.4456604880349857,1,1,1,1,1,1,1,1,1,0.858459247276547,1.7569013791299235,1,0,0,0,0,1,0,1,0,0
0,0,1,0,1.6084834273893616,1,1,1,0,1,1,1,0,1,1.104017377973766,2.069971185897897,0,1,0,0,0,1,1,0,0,0
0,0,1,1,-0.3453918448631497,1,1,1,1,1,0,0,0,0,-0.019245152310133944,-0.3260742568964697,1,0,0,0,0,1,0,0,1,0
0,0,0,0,-0.8745663977648716,1,1,0,0,1,0,1,1,1,1.1886353824707805,-0.5143859322667577,0,1,0,1,0,0,0,0,1,0
0,0,1,0,-1.2409180113122174,1,0,1,0,0,0,0,1,1,-0.09224892089579345,-0.9607535348902205,1,0,0,1,0,0,0,0,0,1
1,0,1,1,1.6084834273893616,1,1,1,1,1,0,1,1,1,1.4424893959618246,2.399856887202317,0,1,0,0,0,1,0,1,0,0
0,0,0,0,-0.8338606629262776,1,0,0,0,0,0,0,0,0,-1.5008898192872717,-0.9136646396151835,0,0,1,1,0,0,0,0,0,1
1,0,0,1,-0.019745966154397852,1,1,0,1,1,1,1,1,0,0.6228561759319183,0.14575866904589438,1,0,0,0,1,0,0,1,0,0
0,1,0,0,-1.2816237461508113,1,0,0,1,0,0,0,0,1,0.2677923923562099,-0.9783597325641504,0,1,0,1,0,0,0,0,1,0
1,0,1,1,-0.8338606629262776,1,0,0,0,0,0,0,0,1,-1.452773699083087,-0.876037429125014,0,0,1,1,0,0,0,0,1,0
1,0,0,0,0.428017117070136,1,1,0,1,0,0,1,1,1,1.2102046777347255,0.9776405327066183,0,1,0,1,0,0,0,0,1,0
1,0,1,1,-0.8338606629262776,1,0,0,0,0,0,0,0,0,-1.456092052200617,-0.8953559502634908,0,0,1,0,0,1,1,0,0,0
1,0,0,0,-0.2639803751859618,0,0,1,0,0,1,1,1,0,-0.3444437578280723,-0.4120416759626912,1,0,0,0,1,0,0,1,0,0
0,0,0,0,-1.2816237461508113,1,0,0,0,0,0,0,0,1,0.17653768162413533,-0.9795671401353052,0,1,0,1,0,0,0,0,1,0
1,0,0,0,-0.8745663977648716,1,1,0,0,0,0,0,0,0,-1.3864066367324874,-0.9027540657449302,0,0,1,1,0,0,0,1,0,0
1,0,0,0,-0.1825689055087738,0,0,0,0,0,1,0,0,1,-1.1557810950641534,-0.6544013047908538,1,0,0,1,0,0,0,1,0,0
0,1,1,0,1.3642490183577978,1,1,0,1,1,0,1,1,1,0.5183280527297236,1.3012696675059638,1,0,0,0,0,1,1,0,0,0
1,0,1,1,-0.5082147842175256,1,1,0,1,0,1,1,0,0,1.057560434328346,-0.20838494800627225,0,1,0,1,0,0,0,0,0,1
0,0,1,0,1.2014260790034217,1,0,1,0,1,1,1,1,1,1.3064369181430948,1.8933603875353453,0,1,0,0,1,0,0,0,1,0
0,1,0,0,-1.2816237461508113,1,1,0,0,0,0,0,0,1,0.3076126297665698,-0.9778328638058285,0,1,0,1,0,0,0,0,1,0
1,0,0,1,-0.4675090493789317,1,1,1,0,0,0,0,0,0,0.5116913464946635,-0.24329000324511088,0,1,0,1,0,0,0,0,1,0
1,0,0,0,-1.2816237461508113,0,0,0,0,0,0,0,0,1,-1.3432680462045974,-0.9996759644112652,1,0,0,1,0,0,0,0,0,1
1,0,1,1,0.22448844287716607,1,1,0,0,1,1,1,0,1,0.9945117250952766,0.5773300407064784,0,1,0,0,0,1,1,0,0,0
1,0,1,1,-0.5896262538947137,1,0,1,0,1,1,1,1,0,0.6079235869030333,-0.30302374871987814,1,0,0,1,0,0,0,0,1,0
1,0,1,0,1.1200146093262338,1,0,0,0,0,0,0,0,1,-1.4743429943470319,-0.48406902579830724,0,0,1,0,0,1,1,0,0,0
0,0,0,0,1.5270719577121736,1,1,0,1,1,1,0,0,1,0.8402083051301322,1.7933870406437282,0,1,0,0,1,0,1,0,0,0
0,0,1,1,1.4049547531963917,1,1,0,0,1,1,0,1,1,0.16492344571278056,1.0162336692537115,1,0,0,0,0,1,1,0,0,0
1,0,1,1,-1.1188008067964355,1,1,0,0,0,0,0,0,1,-1.2951519260004127,-0.9511381800508424,0,0,1,1,0,0,1,0,0,0
1,0,1,0,1.3642490183577978,1,1,1,1,1,1,1,1,0,1.6880475266590431,2.476648008727762,0,1,0,0,1,0,1,0,0,0
1,0,1,0,1.6084834273893616,1,1,0,0,0,0,0,0,0,-1.3117436915880627,-0.22138104404488393,0,0,1,0,0,1,0,0,0,1
0,1,1,0,1.6084834273893616,1,1,1,1,1,0,1,1,1,0.6361295884020379,1.6808566550121011,1,0,0,0,0,1,0,1,0,0
1,0,0,1,-1.2002122764736234,1,0,0,0,0,0,0,0,1,-1.4892755833759168,-0.9772840421825763,0,0,1,1,0,0,0,0,0,1
1,0,1,0,0.631545791263106,1,0,0,0,0,0,0,0,1,-1.4892755833759168,-0.5555475540106711,0,0,1,0,0,1,0,0,0,1
0,0,0,0,-1.0373893371192475,1,1,0,0,0,0,0,0,1,0.33084110158927976,-0.7728150582237441,0,1,0,1,0,0,0,0,1,0
0,0,1,0,-1.2409180113122174,1,0,1,1,0,0,1,0,0,0.8435266582476619,-0.9267704999784455,0,1,0,1,0,0,0,0,1,0
1,0,0,0,0.7943687306174818,1,1,0,1,1,0,1,1,1,1.26495750417397,1.3450436801765577,0,1,0,1,0,0,0,0,1,0
0,0,1,1,0.22448844287716607,1,0,0,0,0,0,0,0,1,-1.4842980536996218,-0.6828522177402467,0,0,1,0,0,1,0,0,0,1
1,0,1,1,1.6084834273893616,1,0,0,0,0,0,0,0,0,-1.4793205240233267,-0.41575171013587586,0,0,1,0,0,1,0,0,1,0
0,1,0,0,-0.9559778674420595,1,1,0,0,0,0,0,0,1,0.3192268656779245,-0.7369221240630515,0,1,0,1,0,0,0,0,1,0
0,0,1,1,0.9978974048104517,1,0,0,0,0,0,0,0,0,-1.5075265255223318,-0.4977676135146817,0,0,1,0,0,1,1,0,0,0
1,0,0,1,-0.7931549280876836,1,0,0,0,0,0,0,0,0,-0.6945300117274855,-0.7209184855290179,1,0,0,1,0,0,0,0,0,1
1,0,1,0,0.30589991255435406,1,1,0,1,1,0,1,1,1,1.3628489211411048,0.824255865440099,0,1,0,0,1,0,1,0,0,0
0,0,1,1,0.26519417771576004,1,0,0,0,0,0,0,0,1,-1.4959122896109767,-0.6351047365173071,0,0,1,0,0,1,1,0,0,0
0,1,0,0,0.020959768684196134,1,1,0,1,1,1,1,1,1,1.510515634871189,0.5945410868116667,0,1,0,1,0,0,0,0,1,0
0,0,0,0,0.631545791263106,1,1,0,0,0,0,0,0,0,-1.3582006352334823,-0.4909841782512847,0,0,1,0,0,1,0,1,0,0
0,1,0,0,-0.9152721326034655,0,0,0,0,0,1,0,0,1,-1.1707136840930383,-0.8824696185495295,1,0,0,1,0,0,0,0,1,0
0,0,0,0,-0.8745663977648716,1,0,1,0,0,0,0,0,0,0.38061639835222955,-0.6421735590247952,0,1,0,1,0,0,0,0,1,0
0,0,1,0,0.590840056424512,1,1,0,0,0,0,0,0,0,-1.261968394825113,-0.4612160934060865,0,0,1,0,1,0,0,0,1,0
1,0,0,0,-1.2816237461508113,1,0,0,0,0,0,1,0,1,0.46523440284924406,-0.9757473416374701,0,1,0,1,0,0,0,0,1,0
1,0,0,0,0.7943687306174818,1,1,1,1,1,1,1,1,1,0.8070247739548323,1.032259260652675,1,0,0,0,0,1,0,0,0,1
1,0,1,0,1.3642490183577978,1,1,1,1,0,1,1,1,0,0.6742906492536329,1.4212420743488905,1,0,0,0,0,1,0,0,1,0
0,1,1,1,-0.8745663977648716,1,1,0,0,1,0,0,0,1,0.4370284013502389,-0.6306922106663596,0,1,0,1,0,0,0,1,0,0
1,0,1,1,0.5501343215859179,1,1,0,1,0,0,0,0,1,0.5000771105833088,0.6447033831769159,0,1,0,1,0,0,1,0,0,0
0,0,1,0,0.46872285190873,1,1,0,0,0,0,1,1,1,1.034331962505636,0.9056790414657927,0,1,0,1,0,0,0,0,1,0
1,1,1,1,1.5677776925507676,1,1,1,1,0,0,1,1,1,1.3329837430833347,2.303637480213745,0,1,0,1,0,0,0,1,0,0
0,0,1,1,-0.4268033145403377,1,0,0,1,0,1,0,0,0,-0.32453363912289235,-0.4808858603834446,1,0,0,1,0,0,0,0,1,0
0,0,1,1,-0.38609757970174374,1,1,1,0,1,1,1,0,1,0.40550404673370444,-0.2379335042021696,1,0,0,0,0,1,1,0,0,0
1,1,1,0,0.7943687306174818,1,1,1,0,1,0,1,1,1,1.303118565025565,1.4344137933069427,0,1,0,1,0,0,0,0,1,0
1,0,1,1,1.6084834273893616,1,0,0,0,0,0,0,0,0,-1.5108448786398618,-0.41186605304325047,0,0,1,0,0,1,0,1,0,0
0,0,1,1,0.30589991255435406,1,1,0,0,1,1,0,0,1,0.6610172367835129,0.43981729478441234,0,1,0,1,0,0,0,0,1,0
0,0,1,0,1.4863662228735797,1,0,0,1,0,0,1,1,1,1.0193993734767515,1.950679317867803,0,1,0,0,1,0,0,1,0,0
0,1,0,0,-0.1418631706701798,1,1,0,0,0,1,1,1,0,1.118949967002651,0.24650036621006444,0,1,0,1,0,0,0,0,1,0
1,1,0,0,1.6084834273893616,1,1,1,1,1,1,1,1,0,1.6216804643084435,2.434344838007484,0,1,0,0,0,1,1,0,0,0
0,1,1,0,0.428017117070136,1,1,1,1,0,0,1,0,1,0.9812383126251565,0.8146624634656511,0,1,0,1,0,0,0,0,1,0
1,0,1,1,1.4049547531963917,1,1,0,0,0,0,0,0,0,-1.2818785135302928,-0.2688870437535925,0,0,1,0,0,1,0,0,0,1
0,0,1,1,0.9164859351332638,1,0,0,0,0,0,0,0,0,-1.457751228759382,-0.4790198668643872,0,0,1,0,0,1,0,0,0,1
1,0,1,0,1.5677776925507676,1,1,0,0,0,0,0,0,1,-1.3416088696458326,-0.21299504964159058,0,0,1,0,0,1,0,0,1,0
0,0,0,1,-0.30468611002455576,1,0,0,0,0,0,0,0,0,-1.4892755833759168,-0.8033075876116351,0,0,1,1,0,0,0,1,0,0
0,0,0,0,-1.2816237461508113,1,0,0,0,0,0,0,0,0,-1.459410405318147,-1.0012126649563713,0,0,1,1,0,0,0,0,0,1
1,0,0,0,1.6084834273893616,1,1,0,1,1,1,1,1,0,1.4690362209020642,2.448614200212041,0,1,0,0,0,1,1,0,0,0
1,0,1,0,0.7943687306174818,1,0,1,1,0,0,1,1,1,0.34743286717692967,0.6867431195180329,1,0,0,0,1,0,0,0,0,1
0,0,0,0,-0.4268033145403377,1,0,0,0,0,0,0,0,1,-1.5158224083161567,-0.8292778268239284,0,0,1,0,1,0,0,0,0,1
1,0,0,0,1.4456604880349857,1,1,1,1,1,0,0,1,0,0.3922306342635843,1.2872856925454983,1,0,0,0,1,0,0,1,0,0
1,0,1,0,-0.9152721326034655,1,0,0,0,0,0,0,0,1,0.17156015194784016,-0.7207867683394374,0,1,0,1,0,0,0,0,1,0
0,0,1,1,-0.9152721326034655,1,1,1,0,0,0,1,1,1,1.1720436168831305,-0.5429685624057311,0,1,0,1,0,0,0,0,1,0
0,0,1,1,0.9164859351332638,1,0,0,1,1,1,1,1,1,1.2865267994379153,1.4732264585033368,0,1,0,0,1,0,1,0,0,0
1,0,0,0,0.9571916699718578,1,1,0,0,0,0,0,0,0,-1.3283354571757127,-0.4247084790273515,0,0,1,0,1,0,0,0,1,0
0,1,1,1,0.5501343215859179,1,1,1,1,0,1,1,1,1,1.5022197520773641,1.172625879015653,0,1,0,1,0,0,0,0,1,0
1,0,0,0,-1.2816237461508113,1,0,1,0,0,0,0,1,1,0.6527213539896879,-0.9732666679003703,0,1,0,1,0,0,0,0,0,1
1,0,0,0,0.428017117070136,1,1,0,0,0,0,0,0,1,0.3457736906181643,0.37762482843747525,0,1,0,1,0,0,0,1,0,0
1,1,1,0,0.26519417771576004,1,1,0,1,1,0,1,1,1,1.3512346852297499,0.8708617976866744,0,1,0,1,0,0,0,0,1,0
1,0,1,0,0.7129572609402939,0,0,1,0,0,1,1,0,1,-0.6795974226986006,-0.049555970237091525,1,0,0,0,1,0,1,0,0,0
0,0,0,0,-1.0780950719578415,1,0,0,0,0,0,0,0,0,-1.5008898192872717,-0.9535310423282217,0,0,1,1,0,0,0,1,0,0
1,0,1,1,0.5094285867473239,1,1,0,0,0,0,0,0,0,-1.3432680462045974,-0.53260681015873,0,0,1,0,0,1,0,0,0,1
0,0,0,0,-0.4268033145403377,0,0,0,0,1,0,1,1,1,-0.47551870597050655,-0.5391707167728261,1,0,0,1,0,0,0,0,1,0
0,0,1,1,1.6084834273893616,1,1,0,0,0,0,0,0,0,-1.3216987509406526,-0.194708313154828,0,0,1,0,0,1,1,0,0,0
0,0,0,0,-1.0373893371192475,1,0,0,0,1,1,1,1,1,1.1770211465594258,-0.6964849468618309,0,1,0,1,0,0,0,0,1,0
1,0,0,0,-1.2816237461508113,1,0,0,0,0,0,0,0,1,-1.4992306427285067,-1.0017395337146933,0,0,1,1,0,0,0,0,0,1
0,0,0,0,1.6084834273893616,1,1,1,1,1,1,1,1,1,1.7096168219229881,2.5079966998479266,0,1,0,0,0,1,1,0,0,0
1,1,1,0,-0.9152721326034655,1,0,0,1,1,1,1,0,1,0.9148712502745568,-0.6002874927381888,0,1,0,1,0,0,0,0,0,1
1,1,1,0,-1.2816237461508113,0,0,0,1,0,0,1,0,0,-0.8206274301936248,-0.9927608119582877,1,0,0,1,0,0,0,0,1,0
0,0,1,0,0.631545791263106,1,1,0,0,1,1,0,1,1,0.15330920980142534,0.49801433971407333,1,0,0,0,1,0,0,0,0,1
1,0,0,0,-0.2639803751859618,1,0,0,0,0,0,0,0,1,-1.5042081724048018,-0.803241729016845,0,0,1,0,1,0,1,0,0,0
0,0,1,0,1.4456604880349857,1,1,0,1,1,1,0,0,0,0.8385491285713673,1.7546182811771942,0,1,0,0,0,1,0,1,0,0
0,0,1,0,0.7129572609402939,1,1,0,0,1,0,1,1,0,0.35738792652951956,0.6914629854780017,1,0,0,0,1,0,1,0,0,0
0,0,1,0,1.6084834273893616,1,1,1,1,1,1,1,1,1,1.679751643865218,2.6392089735350575,0,1,0,0,0,1,0,1,0,0
0,1,0,0,-0.6303319887333076,1,0,0,0,0,0,0,0,0,-1.469365464670737,-0.8652585724443412,0,0,1,0,1,0,0,0,0,1
1,1,1,0,1.3642490183577978,1,1,0,1,1,1,1,1,1,1.4076466882277594,2.0857992015124895,0,1,0,0,1,0,1,0,0,0
1,0,1,0,-0.6303319887333076,1,1,1,1,1,0,0,0,0,0.8385491285713673,-0.3719557446003519,0,1,0,1,0,0,0,1,0,0
1,0,1,0,-0.5082147842175256,1,0,1,0,0,1,0,1,1,-0.025881858545193533,-0.4508543411590853,1,0,0,0,1,0,0,0,0,1
0,1,0,0,-0.1825689055087738,1,1,0,0,1,1,1,1,1,1.273253386967795,0.2587500648410531,0,1,0,1,0,0,0,0,1,0
1,0,0,0,0.5094285867473239,1,0,1,0,0,0,0,0,1,-0.4655636466179167,-0.0012157616610393655,1,0,0,1,0,0,1,0,0,0
1,0,1,1,0.387311382231542,1,0,1,1,0,0,0,0,0,-0.3461029343868372,-7.421268467487134e-05,1,0,0,1,0,0,0,0,0,1
0,0,0,0,-1.2816237461508113,1,0,0,0,0,0,0,0,1,-0.6513914211995958,-0.9905216197354186,1,0,0,1,0,0,0,0,1,0
0,0,1,0,-0.3453918448631497,1,1,0,0,0,0,0,0,1,0.34743286717692967,-0.24300461600101983,0,1,0,1,0,0,0,1,0,0
1,0,1,1,-0.9966836022806536,1,0,0,0,0,0,0,0,1,-0.7127809538739004,-0.8587166186951752,1,0,0,0,1,0,0,0,0,1
0,0,1,1,-0.8338606629262776,0,0,1,0,0,1,0,0,0,-1.0545713249794888,-0.8151401818089522,1,0,0,0,1,0,0,1,0,0
1,0,0,0,-0.9559778674420595,1,0,0,0,0,0,0,0,0,-1.5008898192872717,-0.9310732615047427,0,0,1,1,0,0,0,1,0,0
0,0,1,0,0.428017117070136,1,1,0,1,0,0,0,0,0,0.5150096996121938,0.48190093685538943,0,1,0,1,0,0,0,0,1,0
0,0,1,1,0.7943687306174818,1,0,0,0,0,0,0,0,1,-1.477661347464562,-0.5315530726420858,0,0,1,0,1,0,0,0,1,0
0,0,1,0,-0.019745966154397852,1,0,1,0,0,0,0,0,1,0.3507512202944595,0.010265586697396077,0,1,0,1,0,0,1,0,0,0
1,1,0,0,-1.2816237461508113,1,0,0,0,0,0,0,0,0,0.13837662077254032,-0.9800720560286973,0,1,0,1,0,0,0,0,1,0
0,0,1,1,1.6084834273893616,1,1,1,1,1,1,1,1,1,1.7477778827745827,2.6376722729899513,0,1,0,0,0,1,1,0,0,0
1,0,0,0,-1.0780950719578415,1,0,0,1,0,0,1,0,1,0.6776090023711627,-0.7955143205614542,0,1,0,1,0,0,0,0,1,0
0,0,1,1,1.2014260790034217,0,0,1,1,0,1,1,0,0,-0.5385674152035762,0.31051492034619876,1,0,0,0,0,1,1,0,0,0
0,0,0,0,-0.5082147842175256,1,0,0,0,0,0,0,0,1,-1.5125040551986266,-0.8199698120935713,0,0,1,0,1,0,0,1,0,0
1,0,1,1,0.06166550352279012,1,1,0,0,1,0,0,1,1,0.8335715988950722,0.3493495384075229,0,1,0,1,0,0,0,1,0,0
1,0,1,1,-0.5082147842175256,1,0,0,0,0,0,0,0,1,0.18317438785919538,-0.3645795819838426,0,1,0,1,0,0,0,0,1,0
0,0,1,0,0.7536629957788878,0,0,0,1,0,0,1,1,1,-0.5070430605870415,0.11065603802268485,1,0,0,1,0,0,0,0,1,0
0,0,0,0,1.6084834273893616,1,0,0,0,0,0,0,0,0,-1.4826388771408567,-0.3224520341830053,0,0,1,0,0,1,0,1,0,0
0,0,0,0,-1.0373893371192475,1,1,0,1,0,0,0,0,1,0.4519609903791239,-0.7808059010582958,0,1,0,1,0,0,1,0,0,0
1,0,0,0,-1.2816237461508113,1,0,0,0,0,0,0,0,0,-1.4842980536996218,-1.0015419579303226,0,0,1,1,0,0,0,0,0,1
0,0,1,1,-0.9966836022806536,1,0,1,1,0,0,0,0,0,-0.34112540471054226,-0.7986755331113868,1,0,0,1,0,0,0,0,0,1
1,0,0,0,-1.2002122764736234,1,0,0,0,1,0,0,0,1,-0.5236348261746914,-0.9361882790334529,1,0,0,1,0,0,0,0,1,0
1,0,0,0,-0.06045170099299184,1,1,0,1,0,0,0,0,1,0.5150096996121938,0.05610316867141817,0,1,0,1,0,0,0,0,1,0
0,0,0,0,-0.9559778674420595,1,1,0,0,0,0,0,0,1,0.3258635719129846,-0.7001730281700856,0,1,0,1,0,0,0,0,1,0
0,1,0,0,-0.5896262538947137,1,0,0,0,1,0,0,1,1,0.6643355899010431,-0.37656584623567024,0,1,0,1,0,0,0,0,1,0
1,0,0,0,0.7943687306174818,1,0,0,1,0,0,0,1,1,0.6776090023711627,0.8944830803514482,0,1,0,1,0,0,0,0,1,0
1,1,1,0,-0.9559778674420595,1,0,0,0,0,0,0,0,0,-1.4959122896109767,-0.9299975711231683,0,0,1,0,1,0,0,1,0,0
1,0,0,0,1.4863662228735797,1,0,0,0,0,0,0,0,1,-1.5141632317573919,-0.3746998527166128,0,0,1,0,0,1,1,0,0,0
0,0,0,0,-1.2816237461508113,1,0,1,0,0,0,0,0,0,-0.49045129499939155,-0.9883921918372003,1,0,0,1,0,0,0,0,1,0
0,0,1,1,0.020959768684196134,1,1,0,0,0,0,0,0,1,-1.3416088696458326,-0.6853767972072068,0,0,1,0,0,1,0,0,0,1
1,0,0,0,-0.6710377235719016,1,0,0,0,0,0,0,0,1,-1.4710246412295018,-0.8654122424988518,0,0,1,1,0,0,0,1,0,0
0,0,1,0,1.3235432835192036,1,0,1,0,1,0,0,0,1,-0.32453363912289235,0.6023124009969176,1,0,0,1,0,0,0,0,0,1
1,0,1,1,-1.2409180113122174,1,0,0,0,0,0,0,0,0,-1.4842980536996218,-0.9951536742356671,0,0,1,0,1,0,0,0,0,1
0,1,0,0,-0.7931549280876836,1,0,0,0,1,0,1,1,1,1.059219610887111,-0.46793367007469316,0,1,0,1,0,0,0,0,1,0
0,0,1,0,1.4863662228735797,1,1,0,0,1,1,1,1,0,1.3412796258771595,2.1686493137586385,0,1,0,0,0,1,1,0,0,0
1,0,1,0,-0.9559778674420595,1,0,0,1,1,0,0,0,1,0.49675875746577897,-0.6847621169891643,0,1,0,1,0,0,0,0,1,0
0,0,1,0,0.18378270803857208,1,1,0,1,0,1,0,1,0,0.23792721429843983,0.15677900724079813,1,0,0,0,1,0,0,0,0,1
1,0,1,0,0.18378270803857208,1,1,1,0,0,0,0,0,1,-0.3278519922404224,-0.11879530622658645,1,0,0,1,0,0,0,0,0,1
1,0,1,1,0.8757802002946699,1,0,0,1,0,1,0,0,1,0.4984179340245439,0.904778974003659,0,1,0,0,0,1,1,0,0,0
0,0,0,1,0.1023712383613841,1,1,0,0,0,0,0,0,0,-0.49045129499939155,-0.2836174161216811,1,0,0,1,0,0,0,0,0,1
1,0,1,1,-0.9966836022806536,1,0,0,0,0,0,0,0,0,-1.5025489958460367,-0.9358809389244317,0,0,1,1,0,0,0,1,0,0
0,0,0,0,0.8757802002946699,1,0,0,0,0,0,0,0,1,-1.4743429943470319,-0.5556792712002516,0,0,1,0,0,1,0,0,0,1
1,1,0,0,-0.6710377235719016,1,1,0,0,0,0,0,0,1,0.31590851256039476,-0.4566059917707682,0,1,0,1,0,0,1,0,0,0
0,0,0,0,-0.8745663977648716,1,0,0,0,1,1,0,1,0,-0.0009942101637186523,-0.7042782139120118,1,0,0,0,1,0,0,1,0,0
1,0,1,1,0.06166550352279012,0,0,1,0,0,0,0,0,0,-1.1458260357115635,-0.5982897820295509,1,0,0,0,1,0,1,0,0,0
1,0,0,0,-0.9559778674420595,1,0,0,0,0,0,0,0,0,-0.6630056571109506,-0.8211772196647261,1,0,0,1,0,0,0,0,0,1
0,0,1,0,1.6084834273893616,1,1,0,0,0,0,0,0,0,-1.3250171040581826,-0.19850615878773303,0,0,1,0,0,1,0,1,0,0
1,0,0,0,-0.6303319887333076,1,0,0,0,0,1,0,0,0,-0.4456535279127367,-0.6150398179712074,1,0,0,1,0,0,0,0,0,1
1,0,0,0,-1.2409180113122174,1,0,0,0,0,0,0,0,0,-0.6646648336697157,-0.961653602352354,1,0,0,1,0,0,1,0,0,0
1,0,0,0,0.346605647392948,1,1,0,1,0,0,1,0,1,0.8053655973960674,0.5902822310152298,0,1,0,1,0,0,0,0,1,0
0,0,0,0,0.18378270803857208,1,0,0,0,0,0,1,1,1,-0.005971739840013817,0.019266261318731825,1,0,0,1,0,0,0,0,1,0
0,1,0,0,0.6722515261016999,1,0,0,1,1,0,0,1,1,0.8269348926600121,0.8719155352033183,0,1,0,0,1,0,1,0,0,0
0,0,1,0,0.8350744654560759,1,1,1,1,1,0,0,1,0,0.3042942766490395,0.672912814612078,1,0,0,0,1,0,1,0,0,0
0,0,1,1,-1.2409180113122174,0,0,0,0,0,1,0,0,0,-1.1906238027982183,-0.9907631012496497,1,0,0,1,0,0,1,0,0,0
0,1,0,0,0.8757802002946699,1,1,0,1,0,0,0,0,1,0.48348534499565887,0.9083792438521933,0,1,0,1,0,0,0,0,1,0
0,0,0,1,-1.2816237461508113,1,0,1,0,0,0,0,0,0,-0.49874717779321653,-0.9885019561618507,1,0,0,1,0,0,0,0,0,1
1,0,0,1,-0.22327464034736777,1,0,0,0,0,0,0,0,0,-1.4892755833759168,-0.7676561349651736,0,0,1,0,1,0,0,1,0,0
0,0,0,0,-0.8338606629262776,1,0,0,0,0,0,0,0,0,-1.477661347464562,-0.8933582395548529,0,0,1,1,0,0,0,0,0,1
1,1,1,0,-0.8745663977648716,1,0,0,0,0,0,0,0,1,0.17487850506537042,-0.6439297882192021,0,1,0,1,0,0,0,0,1,0
0,0,0,1,-0.30468611002455576,0,0,1,0,0,1,0,0,0,-0.9915226157464192,-0.6396489795578352,1,0,0,0,0,1,1,0,0,0
1,0,0,0,-1.2002122764736234,1,0,0,0,0,0,0,0,1,-1.5091857020810966,-0.980006197433907,0,0,1,0,1,0,0,0,0,1
1,0,0,0,-1.2409180113122174,1,0,0,0,0,0,0,1,1,0.5067138168183688,-0.930897638585302,0,1,0,1,0,0,0,0,1,0
0,0,1,1,-0.7931549280876836,1,0,0,0,0,0,0,0,0,-1.5058673489635668,-0.8939290140430352,0,0,1,0,0,1,0,0,0,1
0,1,1,0,-0.30468611002455576,1,0,0,1,1,0,1,1,1,1.113972437326356,0.09359866197200714,0,1,0,1,0,0,0,0,1,0
1,0,0,0,-0.9152721326034655,1,1,0,1,0,0,0,0,1,0.5233055824060188,-0.6640825182250222,0,1,0,1,0,0,1,0,0,0
1,0,1,0,1.4049547531963917,1,1,1,1,1,0,1,1,0,1.4922646927247742,2.2089328209053485,0,1,0,0,1,0,0,1,0,0
0,0,1,1,1.6084834273893616,1,1,1,1,1,1,1,1,0,0.8634367769528422,1.910395810721093,1,0,0,0,0,1,0,1,0,0
0,0,0,0,-0.9559778674420595,1,0,0,0,0,0,0,0,0,-1.4859572302583868,-0.9058494197000724,0,0,1,1,0,0,1,0,0,0
1,1,0,0,0.7129572609402939,1,1,1,1,0,0,1,0,1,0.17985603474166512,0.5063564283875065,1,0,0,1,0,0,1,0,0,0
0,0,1,0,-0.6710377235719016,1,1,0,1,0,0,1,1,1,1.1637477340893057,-0.3365677263330514,0,1,0,1,0,0,0,0,1,0
0,0,0,0,-0.8338606629262776,1,0,1,0,0,0,1,0,1,0.6709722961361032,-0.5805518671660405,0,1,0,0,1,0,0,1,0,0
0,0,0,0,-0.9559778674420595,1,1,0,0,0,0,0,0,1,0.34079616094186965,-0.7321144466433624,0,1,0,1,0,0,0,1,0,0
1,0,0,0,0.1023712383613841,1,0,0,0,0,0,0,0,0,-1.5158224083161567,-0.7127739726399556,0,0,1,0,0,1,0,0,0,1
0,0,1,1,-0.5082147842175256,1,1,1,0,0,0,1,1,0,0.3673429858821094,-0.31285863220855725,1,0,0,0,1,0,1,0,0,0
1,0,1,0,-0.7931549280876836,0,0,1,0,0,1,1,1,1,-0.3477621109456021,-0.7000632638454352,1,0,0,1,0,0,0,0,1,0
1,0,1,1,-0.9559778674420595,1,0,0,0,1,1,1,1,0,1.266616680732735,-0.5843277599340154,0,1,0,1,0,0,0,0,1,0
1,0,1,1,1.3235432835192036,1,0,0,0,0,0,0,0,0,-1.4942531130522119,-0.4428854511894637,0,0,1,0,0,1,0,0,0,1
0,0,0,0,0.346605647392948,1,1,0,0,0,0,0,0,1,-1.3299946337344775,-0.5879280297825498,0,0,1,0,1,0,0,0,0,1
0,0,1,0,1.0386031396490458,1,1,0,0,1,1,1,1,1,1.233433149557435,1.5736169098286252,0,1,0,1,0,0,0,1,0,0
1,0,0,0,-0.8338606629262776,1,1,0,0,1,0,1,1,0,0.3258635719129846,-0.6472885765535056,1,0,0,1,0,0,1,0,0,0
0,0,1,1,-0.4675090493789317,1,0,0,0,0,0,0,0,1,-0.6630056571109506,-0.6037340925322126,1,0,0,1,0,0,0,0,1,0
0,0,0,0,-1.2816237461508113,1,1,0,1,0,0,0,0,1,0.5067138168183688,-0.975198520014218,0,1,0,1,0,0,0,0,0,1
1,0,0,0,-1.2816237461508113,1,0,0,0,0,0,0,0,1,-1.4892755833759168,-1.0016078165251128,0,0,1,1,0,0,0,0,0,1
1,0,0,0,-0.7931549280876836,1,0,0,0,0,0,0,0,0,-1.4909347599346818,-0.8925459835524396,0,0,1,0,0,1,0,1,0,0
1,0,0,0,-1.2816237461508113,1,0,0,0,0,0,0,0,1,-0.6928708351687206,-0.9910704413586708,1,0,0,1,0,0,1,0,0,0
1,0,1,1,-0.8745663977648716,1,1,1,0,0,0,1,0,1,0.007301672630106309,-0.6928188184185063,1,0,0,1,0,0,1,0,0,0
1,0,1,1,1.3642490183577978,1,0,1,1,1,0,1,1,1,1.2682758572915003,2.076732668296364,0,1,0,0,1,0,1,0,0,0
0,0,1,0,1.0386031396490458,1,1,1,1,1,0,1,1,1,1.517152341106249,1.8551624025569935,0,1,0,0,1,0,0,1,0,0
1,0,0,1,-1.2816237461508113,1,0,0,0,0,0,1,1,1,0.8601184238353119,-0.9705225597841094,0,1,0,1,0,0,0,0,1,0
0,0,1,1,-0.06045170099299184,1,0,0,0,0,0,0,0,0,-1.457751228759382,-0.7040806381276411,0,0,1,0,0,1,0,0,0,1
0,0,0,0,-1.2816237461508113,1,0,0,0,0,0,0,0,0,-1.4942531130522119,-1.001673675119903,0,0,1,1,0,0,0,0,0,1
0,0,1,1,-0.7117434584104956,1,0,0,0,0,0,0,0,0,-1.4892755833759168,-0.885586925369602,0,0,1,1,0,0,0,0,0,1
0,0,1,1,-1.0780950719578415,1,0,0,0,0,1,0,0,1,-0.5352490620860464,-0.8798572276228492,1,0,0,1,0,0,0,0,0,1
1,0,0,0,1.2421318138420157,1,1,0,0,0,0,0,0,0,-1.3167212212643575,-0.3257888696523786,0,0,1,0,0,1,0,0,0,1
0,1,1,1,1.5677776925507676,1,1,1,1,0,0,1,0,0,0.14169497389007057,1.1771920749211109,1,0,0,0,1,0,0,0,1,0
1,0,0,0,-1.2816237461508113,1,0,0,0,0,0,0,0,1,-0.6596873039934208,-0.9906313840600691,1,0,0,1,0,0,0,0,0,1
1,0,1,0,-0.6303319887333076,1,0,0,0,0,0,0,0,1,0.1815152113004305,-0.4773734019946307,0,1,0,1,0,0,1,0,0,0
1,0,0,0,-1.2002122764736234,1,0,0,0,0,0,0,0,0,-0.6464138915233006,-0.9481964961502107,1,0,0,1,0,0,0,0,0,1
1,0,0,0,-1.2816237461508113,1,0,0,0,0,0,0,0,1,-1.4826388771408567,-1.0015200050653925,0,0,1,1,0,0,0,0,0,1
1,0,0,1,1.2014260790034217,1,1,0,0,0,0,0,0,1,-1.3449272227633626,-0.3900229524378137,0,0,1,0,0,1,0,0,0,1
0,0,0,0,0.8350744654560759,1,0,1,1,1,1,0,1,0,1.1471559685016557,1.3711456365784314,0,1,0,0,0,1,0,0,0,1
0,0,1,1,-0.6710377235719016,1,0,0,1,0,0,0,0,0,0.27608827515003487,-0.4854081505590426,0,1,0,1,0,0,1,0,0,0
1,1,1,0,1.6084834273893616,0,0,1,1,1,1,1,1,1,0.0006649663950462456,0.9855435640814497,1,0,0,0,0,1,0,1,0,0
0,0,0,0,-0.9152721326034655,0,0,0,1,0,1,0,0,0,-0.9517023783360593,-0.8462034856850256,1,0,0,1,0,0,0,0,1,0
1,0,1,1,-0.5489205190561197,1,0,0,0,0,0,0,0,0,-1.4842980536996218,-0.8403201178837622,0,0,1,0,0,1,0,0,0,1
0,0,1,1,0.1023712383613841,1,0,0,0,0,0,0,0,1,-1.4959122896109767,-0.6857939016408785,0,0,1,0,0,1,0,0,0,1
0,1,0,0,-0.7931549280876836,1,1,0,0,0,0,1,1,1,0.9994892547715714,-0.4440270001658282,0,1,0,1,0,0,0,0,1,0
0,1,0,0,-1.2409180113122174,0,0,0,0,0,0,0,0,0,-1.3465863993221274,-0.9920363674155949,1,0,0,1,0,0,0,0,1,0
0,1,0,0,-0.7117434584104956,1,1,0,1,0,0,1,0,0,0.7987288911610074,-0.4447733975734512,0,1,0,1,0,0,0,1,0,0
0,0,1,0,-0.9152721326034655,1,0,0,0,0,0,0,0,1,-1.472683817788267,-0.899439183140487,0,0,1,1,0,0,0,0,0,1
0,0,1,0,-0.8338606629262776,1,0,0,0,0,0,0,0,0,-0.6314813024944159,-0.7882698751345254,1,0,0,1,0,0,1,0,0,0
0,1,1,0,-0.06045170099299184,1,1,0,0,1,0,1,0,1,0.8551408941590172,0.23453605482316692,0,1,0,0,1,0,0,0,1,0
1,1,1,0,0.46872285190873,1,1,0,1,0,0,0,1,0,0.7788187724558276,0.7075763883366858,0,1,0,0,1,0,0,0,0,1
0,0,0,0,-0.5896262538947137,1,1,0,0,0,0,1,0,1,0.6726314726948681,-0.32815977906482796,0,1,0,1,0,0,0,0,1,0
0,0,1,1,0.428017117070136,1,0,1,0,1,0,1,1,0,0.34079616094186965,0.4184352043425073,1,0,0,0,0,1,1,0,0,0
0,0,0,0,-0.7117434584104956,1,0,0,1,1,0,1,1,1,1.2052271480584305,-0.3705946669746865,0,1,0,1,0,0,0,0,1,0
0,0,1,0,-0.7117434584104956,1,0,0,1,0,0,0,0,0,0.3457736906181643,-0.5210596032055042,0,1,0,1,0,0,1,0,0,0
0,1,1,0,-1.2816237461508113,0,0,0,0,0,0,0,0,1,-1.3316538102932427,-0.9995222943567544,1,0,0,1,0,0,0,0,1,0
0,0,1,1,0.5094285867473239,1,1,0,0,0,0,0,0,1,-1.2951519260004127,-0.4762538058831962,0,0,1,0,1,0,0,1,0,0
1,0,1,0,0.590840056424512,1,0,0,0,0,0,0,0,0,-1.5025489958460367,-0.5831642580927209,0,0,1,0,0,1,0,0,0,1
1,0,0,0,-0.1418631706701798,1,0,1,1,0,1,0,0,1,-0.20507292689181286,-0.2656819254737998,1,0,0,0,1,0,0,0,1,0
0,0,1,1,0.631545791263106,1,1,0,1,0,1,1,1,0,0.48846287467195404,0.6888725474162515,1,0,0,0,0,1,0,0,1,0
0,0,0,0,-0.9966836022806536,1,0,0,0,0,0,0,0,0,-1.4909347599346818,-0.9482404018800709,0,0,1,0,0,1,0,0,0,1
1,0,1,1,1.2014260790034217,1,1,1,1,0,0,1,1,1,1.3462571555534548,1.837841592127155,0,1,0,1,0,0,0,0,1,0
1,0,0,1,1.3642490183577978,1,1,0,0,0,0,0,0,1,-1.3150620447055927,-0.27551680896247893,0,0,1,0,0,1,0,1,0,0
0,0,0,0,-1.2002122764736234,1,0,0,0,0,0,0,0,0,-1.4909347599346818,-0.9824868711710069,0,0,1,1,0,0,0,0,0,1
0,0,0,0,-0.019745966154397852,1,1,1,0,1,1,1,1,1,1.4806504568134191,0.5737078179930141,0,1,0,0,1,0,1,0,0,0
1,1,0,0,-0.6710377235719016,0,0,0,1,0,0,1,0,1,-0.8604476676039847,-0.7119178109076822,1,0,0,1,0,0,0,0,0,1
0,0,0,0,0.30589991255435406,1,1,0,0,1,1,1,1,1,1.3611897445823398,0.8929902855362021,0,1,0,0,1,0,0,1,0,0
0,0,0,0,-0.9966836022806536,1,0,0,0,0,0,0,0,0,-1.4826388771408567,-0.9337295581612831,0,0,1,0,0,1,0,0,0,1
0,0,1,1,-1.1595065416350294,1,1,0,1,0,1,0,0,1,-0.21336880968563784,-0.9116888817714757,1,0,0,1,0,0,0,0,0,1
1,0,1,1,1.5270719577121736,1,1,1,1,1,1,1,0,1,0.4751894622018339,1.5061996616283277,1,0,0,0,0,1,1,0,0,0
1,0,0,1,-1.2816237461508113,0,0,0,0,0,0,0,0,1,-1.3150620447055927,-0.9993027657074536,1,0,0,1,0,0,0,0,1,0
1,0,1,0,1.4456604880349857,1,1,1,1,0,1,1,1,1,1.4192609241391145,2.2038836619714286,0,1,0,1,0,0,0,0,1,0
1,0,1,1,0.46872285190873,0,0,0,0,1,1,1,1,1,-0.3527396406218973,0.006928751228022863,1,0,0,0,1,0,0,0,1,0
0,0,0,0,-1.0373893371192475,1,0,0,0,1,1,0,1,0,-0.07067962563184861,-0.8267532473569683,1,0,0,1,0,0,1,0,0,0
0,1,0,0,1.5677776925507676,1,1,1,1,1,1,1,1,0,0.8269348926600121,1.7527742405230669,1,0,0,0,0,1,0,0,0,1
1,0,0,0,0.428017117070136,1,1,0,1,0,0,0,0,1,0.4287325185564139,0.46739009313660174,0,1,0,1,0,0,0,0,1,0
0,0,0,1,-0.7931549280876836,1,1,0,1,1,0,1,1,1,1.3014593884668002,-0.44003157874855237,0,1,0,0,1,0,0,1,0,0
1,0,1,1,1.4049547531963917,1,1,0,0,0,0,0,0,0,-1.3366313399695375,-0.29894051584288195,0,0,1,0,0,1,1,0,0,0
1,0,0,1,-1.2816237461508113,1,0,0,0,0,0,0,0,0,-1.4992306427285067,-1.0017395337146933,0,0,1,1,0,0,0,0,0,1
1,0,1,1,0.5501343215859179,1,0,0,0,0,0,0,0,1,-1.4842980536996218,-0.6391440636644432,0,0,1,0,1,0,1,0,0,0
0,0,1,1,1.3642490183577978,1,1,0,1,1,0,1,1,1,1.2450473854687905,1.8940189734832478,0,1,0,0,1,0,0,1,0,0
1,0,1,1,0.30589991255435406,1,1,0,0,1,0,1,1,1,0.3192268656779245,0.3136761328961312,1,0,0,1,0,0,0,0,1,0
0,0,1,1,1.4049547531963917,1,1,1,0,0,1,0,1,1,0.9762607829488613,1.7738489908559507,0,1,0,0,1,0,0,1,0,0
0,0,1,1,0.1023712383613841,1,1,0,0,0,0,0,0,1,-1.3001294556767078,-0.6229208964811087,0,0,1,1,0,0,0,0,1,0
1,0,1,1,0.26519417771576004,1,0,1,0,1,1,1,1,0,0.5000771105833088,0.3870865132223427,1,0,0,0,1,0,0,1,0,0
1,0,0,0,-1.2816237461508113,1,0,0,0,0,0,0,0,0,0.1815152113004305,-0.979501281540515,0,1,0,1,0,0,0,0,1,0
1,0,1,1,1.2421318138420157,1,0,0,0,0,0,0,0,1,-1.5191407614336867,-0.4936185220428952,0,0,1,0,0,1,0,0,0,1
1,0,0,1,-1.2816237461508113,1,0,0,0,1,0,0,0,0,-0.5302715324097512,-0.9889190605955225,1,0,0,1,0,0,0,0,1,0
0,0,0,0,-1.2816237461508113,1,1,0,0,0,0,0,1,1,0.665994766459808,-0.9730910449809296,0,1,0,1,0,0,0,0,1,0
1,0,0,0,-0.9152721326034655,1,0,0,0,0,0,0,0,0,-1.4909347599346818,-0.9290096922013144,0,0,1,1,0,0,0,0,1,0
1,0,0,0,-1.2816237461508113,1,1,0,0,0,0,0,0,1,0.33250027814804467,-0.9775035708318771,0,1,0,1,0,0,0,0,1,0
0,0,1,1,1.2828375486806096,1,1,0,1,1,0,0,1,1,0.9264854861859115,1.6154810232503016,0,1,0,0,1,0,0,0,1,0
0,0,0,0,-0.6710377235719016,1,0,0,0,0,0,0,0,0,-1.4876164068171518,-0.8705272600275622,0,0,1,0,1,0,1,0,0,0
0,0,1,0,1.5677776925507676,1,1,0,0,1,1,1,1,1,0.5150096996121938,1.4756412736456463,1,0,0,0,0,1,1,0,0,0
1,0,0,1,-0.9152721326034655,1,1,0,0,0,0,1,1,0,1.0044667844478665,-0.6019120047430152,0,1,0,1,0,0,0,0,1,0
1,1,1,0,-0.38609757970174374,1,1,0,1,1,0,1,1,1,1.31141444781939,-0.05113657651205776,0,1,0,1,0,0,0,0,1,0
0,0,0,0,-1.2816237461508113,1,1,0,0,0,0,0,1,1,0.680927355488693,-0.9728934691965588,0,1,0,1,0,0,0,0,0,1
1,0,0,0,-0.2639803751859618,1,1,0,0,0,0,0,0,1,-0.44399435135397186,-0.44165609075337875,1,0,0,0,1,0,0,1,0,0
1,0,0,0,0.8757802002946699,1,0,1,0,1,1,0,0,0,0.6460846477546283,0.9583439644330718,0,1,0,0,1,0,0,0,1,0
0,0,0,0,-1.0373893371192475,1,1,1,0,0,0,0,0,1,0.48846287467195404,-0.7449129668976032,0,1,0,1,0,0,0,0,0,1
1,0,0,0,-1.1188008067964355,1,0,0,0,0,0,0,0,1,-1.5158224083161567,-0.9726300348173976,0,0,1,1,0,0,0,0,0,1
0,0,1,1,0.14307697319997809,1,1,0,1,1,0,1,0,1,1.0758113764747608,0.5078053174728924,0,1,0,1,0,0,1,0,0,0
0,0,0,0,-0.9152721326034655,1,1,0,0,0,0,0,1,0,0.7141108866639929,-0.645620158818819,0,1,0,1,0,0,0,0,1,0
1,0,1,0,-1.2002122764736234,1,1,0,0,0,0,0,0,1,-1.3714740477036023,-0.9713128629215924,0,0,1,1,0,0,0,0,0,1
0,0,1,0,-1.1188008067964355,1,1,0,0,1,1,1,0,0,0.10021555992094577,-0.8566091436618869,1,0,0,1,0,0,1,0,0,0
1,1,1,0,0.7536629957788878,1,1,1,0,1,0,1,0,1,0.9580098408024466,1.075528357429877,0,1,0,1,0,0,1,0,0,0
0,0,0,0,-0.8338606629262776,1,0,0,0,0,0,0,0,0,-1.5091857020810966,-0.9022930555813984,0,0,1,1,0,0,0,0,0,1
0,0,0,0,0.020959768684196134,1,0,0,1,0,1,0,0,1,0.4984179340245439,0.16839207278881416,0,1,0,0,1,0,1,0,0,0
0,0,0,0,-0.10115743583158582,1,0,1,0,0,0,0,0,1,-0.5352490620860464,-0.3356896117358479,1,0,0,1,0,0,0,0,0,1
0,0,1,0,1.5677776925507676,1,1,1,1,1,1,1,1,1,1.6664782313950985,2.5363378484726695,0,1,0,0,0,1,0,1,0,0
0,1,0,0,-1.2816237461508113,1,0,0,0,0,0,0,0,1,0.14335415044883548,-0.980006197433907,0,1,0,1,0,0,0,0,1,0
0,0,1,1,-1.2409180113122174,1,0,0,0,0,0,0,0,0,0.1815152113004305,-0.9458036338728311,0,1,0,1,0,0,0,0,1,0
1,0,0,0,-0.7931549280876836,1,0,0,0,0,0,0,0,0,-1.4925939364934466,-0.9034346045577628,0,0,1,0,0,1,0,0,0,1
1,0,1,1,-0.5896262538947137,1,0,0,0,0,1,0,1,1,0.6859048851649877,-0.307260651651385,0,1,0,1,0,0,0,0,1,0
0,1,1,0,1.3642490183577978,0,0,0,1,1,0,1,0,0,-0.6430955384057709,0.31872529183005127,1,0,0,0,1,0,1,0,0,0
0,0,1,0,1.4049547531963917,1,1,0,0,0,0,0,0,1,-1.3167212212643575,-0.24945875829046538,0,0,1,0,0,1,0,1,0,0
1,0,0,0,-0.9966836022806536,0,0,0,0,0,0,0,0,1,-1.3167212212643575,-0.9286145406325728,1,0,0,1,0,0,0,1,0,0
0,0,1,1,-1.2002122764736234,1,0,0,0,0,0,0,1,1,0.5100321699358986,-0.9006246378467117,0,1,0,1,0,0,0,0,1,0
0,0,1,1,0.18378270803857208,1,1,0,0,0,0,0,0,1,-1.3548822821159523,-0.6320093825621649,0,0,1,0,0,1,1,0,0,0
1,1,1,0,1.4863662228735797,1,1,0,1,1,1,1,1,1,1.4939238692835393,2.341462266488285,0,1,0,0,0,1,0,0,1,0
1,0,1,1,0.7536629957788878,1,1,0,0,0,0,0,0,1,-1.3598598117922474,-0.4763635702078467,0,0,1,0,1,0,0,0,0,1
1,0,0,0,-1.0780950719578415,1,0,0,0,0,0,0,0,0,-1.5257774676687466,-0.9620487539210957,0,0,1,1,0,0,0,0,0,1
1,0,1,0,-0.10115743583158582,1,0,0,0,0,0,0,0,0,-1.4677062881119718,-0.752640375352994,0,0,1,0,1,0,0,1,0,0
0,0,1,1,1.5270719577121736,1,1,0,0,0,0,0,0,0,-1.3565414586747175,-0.2355845476546503,0,0,1,0,0,1,0,0,0,1
1,0,1,1,1.0793088744876398,1,0,1,1,1,1,1,1,1,0.7240659460165827,1.2665402351865658,1,0,0,0,0,1,0,0,1,0
1,1,0,0,0.387311382231542,1,1,0,1,0,0,0,0,1,0.4785078153193637,0.4578405968920138,0,1,0,1,0,0,1,0,0,0
0,0,0,0,-1.2816237461508113,1,0,0,0,0,0,0,0,0,-1.5025489958460367,-1.0017834394445535,0,0,1,1,0,0,0,0,0,1
0,0,0,0,-1.2002122764736234,1,0,0,0,0,0,0,0,0,-1.5307549973450416,-0.9858237066403801,0,0,1,1,0,0,0,0,0,1
1,0,0,0,-1.2409180113122174,1,0,0,1,0,0,1,1,0,1.0193993734767515,-0.936956629306006,0,1,0,1,0,0,0,0,1,0
0,0,1,1,-0.7931549280876836,1,0,0,0,0,0,0,0,1,-1.4992306427285067,-0.9020954797970276,0,0,1,0,0,1,1,0,0,0
0,0,0,0,-0.4268033145403377,1,0,1,0,0,0,0,0,1,-0.5020655309107466,-0.5498178562639184,1,0,0,1,0,0,0,0,1,0
0,0,1,0,0.8350744654560759,1,1,0,1,1,1,1,1,1,1.5553134019578436,1.5404022251894036,0,1,0,0,1,0,1,0,0,0
0,0,1,1,0.46872285190873,1,1,0,1,1,0,0,1,0,0.9779199595076267,0.8754938521869228,0,1,0,0,1,0,0,0,1,0
1,0,1,0,1.6084834273893616,1,1,1,1,1,1,1,1,1,1.6880475266590431,2.688602919627754,0,1,0,0,0,1,1,0,0,0
1,0,1,0,1.5270719577121736,1,1,1,1,1,1,1,1,0,1.6382722298960932,2.6093091715002785,0,1,0,0,0,1,0,1,0,0
1,0,0,0,-1.2816237461508113,1,0,0,0,0,0,0,0,0,-1.4992306427285067,-1.0017395337146933,0,0,1,1,0,0,1,0,0,0
0,0,0,0,-1.0373893371192475,1,0,1,1,1,0,0,0,0,-0.11713656927726834,-0.8177086670057724,1,0,0,1,0,0,0,0,1,0
0,1,1,0,1.6084834273893616,1,1,1,1,1,0,1,1,1,1.5752235206630238,2.5226173078913647,0,1,0,0,0,1,0,0,1,0
0,0,1,1,-1.1595065416350294,1,0,0,0,0,0,1,0,1,0.46357522629047915,-0.8788034901062051,0,1,0,1,0,0,0,0,0,1
0,1,1,0,-0.8745663977648716,1,1,0,0,1,0,1,1,1,1.1488151450604207,-0.5137492991837851,0,1,0,1,0,0,0,0,1,0
0,0,1,1,-0.4268033145403377,1,0,0,1,0,0,0,1,0,0.6095827634617982,-0.19995504787311877,0,1,0,1,0,0,0,0,1,0
0,1,1,0,1.1200146093262338,1,1,0,0,1,0,1,1,1,1.1803394996769556,1.6366655379078359,0,1,0,0,1,0,0,1,0,0
0,0,0,0,-0.2639803751859618,1,0,1,0,1,1,0,0,1,0.7373393584867028,-0.011950712611852122,0,1,0,0,1,0,0,1,0,0
1,0,0,0,0.18378270803857208,1,1,0,0,0,1,1,1,0,1.1239274966789456,0.5155546787932132,0,1,0,1,0,0,1,0,0,0
0,0,0,0,-1.0780950719578415,1,1,0,1,1,1,1,1,1,1.4922646927247742,-0.7164840068131403,0,1,0,1,0,0,0,1,0,0
1,0,0,0,0.14307697319997809,1,1,0,0,0,0,0,1,1,0.6576988836659831,0.32877970396803124,0,1,0,1,0,0,0,0,1,0
1,0,0,0,1.6084834273893616,1,1,1,1,1,1,0,0,0,0.1566275629189556,1.1445920704999315,1,0,0,0,0,1,1,0,0,0
1,0,1,0,1.2421318138420157,1,0,1,1,1,1,1,1,1,1.4989013989598339,1.9337756118716358,0,1,0,0,0,1,0,1,0,0
1,0,0,1,-0.22327464034736777,1,0,0,0,0,0,0,0,0,-1.5008898192872717,-0.7867990331842096,0,0,1,0,0,1,0,1,0,0
0,0,0,0,-1.2409180113122174,1,0,0,1,0,1,0,0,1,-0.3278519922404224,-0.9652977779307486,1,0,0,1,0,0,0,1,0,0
0,0,0,0,0.1023712383613841,0,0,0,0,1,1,0,0,1,-1.044616265626899,-0.4941453908012173,1,0,0,1,0,0,0,0,0,1
0,0,0,1,-0.7117434584104956,1,0,0,0,0,0,0,0,0,-1.5025489958460367,-0.891602010360446,0,0,1,0,1,0,0,0,0,1
0,1,0,0,-0.7931549280876836,1,0,0,0,1,0,0,0,1,0.3109309828840996,-0.597543384621928,0,1,0,1,0,0,0,0,1,0
0,1,1,0,1.3235432835192036,1,0,1,1,1,0,0,1,0,0.9779199595076267,1.6793199544669952,0,1,0,1,0,0,0,0,1,0
0,0,0,0,-0.9559778674420595,1,0,1,1,0,0,1,1,1,0.32254521879545484,-0.7015121529308209,1,0,0,1,0,0,0,0,1,0
1,0,0,0,-1.2409180113122174,1,0,1,1,0,0,1,1,0,1.1703844403243657,-0.9232580415896317,0,1,0,1,0,0,0,0,1,0
0,0,0,0,-0.9152721326034655,1,1,0,1,0,0,0,0,1,0.5332606417586087,-0.6512400922409213,0,1,0,1,0,0,0,1,0,0
1,0,1,1,-0.8745663977648716,1,0,0,0,0,0,0,0,0,-1.5025489958460367,-0.9112937302027341,0,0,1,0,0,1,0,0,0,1
0,0,0,0,0.14307697319997809,1,0,0,0,0,0,0,0,1,-1.5158224083161567,-0.7119397637726124,0,0,1,0,1,0,1,0,0,0
0,1,1,0,-0.22327464034736777,1,1,0,1,1,1,1,1,0,0.6278337056082129,0.0038992558676707906,1,0,0,1,0,0,0,0,1,0
0,0,1,1,1.6084834273893616,1,1,1,1,1,0,1,1,1,0.6195378228143881,1.6060632441952944,1,0,0,0,0,1,0,1,0,0
1,0,1,0,1.1607203441648277,1,1,1,0,1,0,0,1,1,0.16492344571278056,0.8453525686379129,1,0,0,0,0,1,0,0,0,1
0,1,1,0,1.0386031396490458,1,0,1,1,0,1,1,1,1,1.3462571555534548,1.7141591511110437,0,1,0,0,1,0,0,1,0,0
1,0,1,0,-0.4268033145403377,1,0,0,0,1,0,1,0,1,0.7323618288104077,-0.19786952570476046,0,1,0,1,0,0,1,0,0,0
0,0,0,0,-1.1188008067964355,1,1,0,1,0,0,1,0,1,0.858459247276547,-0.8104203158489834,0,1,0,1,0,0,0,0,1,0
0,1,0,0,-0.2639803751859618,1,1,1,1,0,0,0,1,1,0.9978300782128064,0.08600297070619689,0,1,0,1,0,0,0,0,1,0
1,1,1,1,1.1607203441648277,1,1,0,1,0,0,1,1,0,1.1305642029140057,1.6104538171813119,0,1,0,0,1,0,0,0,1,0
1,1,1,0,0.30589991255435406,1,1,1,0,0,0,1,1,0,1.2251372667636102,0.7837089239142282,0,1,0,1,0,0,0,0,1,0
1,1,0,0,1.3235432835192036,1,0,0,1,1,0,1,1,1,1.1338825560315355,1.8417711549496403,0,1,0,1,0,0,1,0,0,0
1,0,0,0,-1.2002122764736234,1,0,0,1,1,1,1,1,1,1.4275568069329394,-0.8705272600275622,0,1,0,1,0,0,0,0,1,0
1,0,1,0,-0.22327464034736777,1,0,1,0,0,0,0,0,0,-0.5385674152035762,-0.38618120107504844,1,0,0,0,1,0,0,1,0,0
1,0,0,1,1.4863662228735797,1,1,1,1,1,1,1,0,1,0.48182616843689396,1.405523823058948,1,0,0,0,0,1,0,1,0,0
0,0,1,1,0.8757802002946699,1,1,0,1,1,0,0,0,1,-0.17023021915774814,0.41496665168355346,1,0,0,0,0,1,1,0,0,0
0,0,0,0,-0.1418631706701798,1,1,1,1,0,1,0,0,0,0.08362379433329585,-0.21962481485047697,1,0,0,1,0,0,0,0,0,1
0,1,0,0,-1.0780950719578415,1,0,0,0,0,0,1,1,1,0.8103431270723621,-0.7611141812160076,0,1,0,1,0,0,0,0,1,0
1,0,0,0,-0.5896262538947137,1,0,0,0,0,0,0,0,0,-1.5158224083161567,-0.86492927947039,0,0,1,1,0,0,0,0,0,1
1,0,0,0,-1.2409180113122174,1,0,0,0,0,0,0,0,1,0.1616050925952503,-0.951269897240423,0,1,0,1,0,0,0,1,0,0
0,0,0,0,-0.4268033145403377,1,0,0,0,0,0,0,0,1,-1.4892755833759168,-0.8039661735595378,0,0,1,1,0,0,0,0,0,1
0,0,1,1,-0.2639803751859618,1,0,0,0,0,0,0,0,0,-1.5025489958460367,-0.7931214582840747,0,0,1,0,0,1,0,1,0,0
1,0,0,1,-0.8745663977648716,1,1,0,0,0,0,0,1,0,0.7058150038701679,-0.6182449362510002,0,1,0,1,0,0,0,0,1,0
1,0,1,1,0.9978974048104517,1,1,0,0,0,0,0,0,1,0.3109309828840996,0.7538749804742396,0,1,0,1,0,0,0,0,1,0
1,0,0,0,-1.1595065416350294,1,0,0,0,0,0,0,0,1,-1.5025489958460367,-0.9807525948415299,0,0,1,1,0,0,0,0,0,1
1,0,0,0,0.14307697319997809,1,1,0,0,0,0,0,1,1,0.6626764133422782,0.33626563090919087,0,1,0,1,0,0,0,0,1,0
1,0,0,0,1.4049547531963917,1,0,0,0,0,0,0,0,1,-1.5091857020810966,-0.4853203390993222,0,0,1,0,1,0,0,0,0,1
0,0,0,0,0.9164859351332638,1,0,1,0,0,0,0,0,1,-0.4771778825292717,0.2333286472520121,1,0,0,1,0,0,0,1,0,0
0,0,1,0,-0.22327464034736777,1,1,0,0,0,0,1,1,0,0.9978300782128064,0.07078963530964663,0,1,0,1,0,0,0,1,0,0
1,0,0,0,-1.2816237461508113,1,0,0,0,0,0,0,0,1,-0.6381180087294758,-0.9903459968159781,1,0,0,1,0,0,0,0,0,1
0,0,0,1,0.7129572609402939,1,0,0,0,0,0,0,0,0,-1.4859572302583868,-0.5841521370145748,0,0,1,0,0,1,0,1,0,0
0,0,1,1,1.6084834273893616,1,1,1,1,1,1,1,1,1,0.9397588986560317,1.9264214021200567,1,0,0,0,0,1,1,0,0,0
0,0,0,0,-1.2002122764736234,1,0,0,0,0,0,0,1,1,-0.3195561094465974,-0.9242898262413457,1,0,0,1,0,0,0,0,1,0
0,0,0,0,1.5270719577121736,0,0,1,0,1,1,1,1,1,-0.21834633936193276,0.8398863052703213,1,0,0,0,0,1,1,0,0,0
0,0,0,0,1.5677776925507676,1,1,0,1,1,1,1,1,1,1.5370624598114289,2.495088415269035,0,1,0,0,0,1,0,0,1,0
0,0,1,1,-1.1595065416350294,1,0,0,0,0,0,0,0,0,-1.4793205240233267,-0.9768888906138347,0,0,1,1,0,0,0,0,0,1
0,0,0,0,-0.9966836022806536,1,1,0,0,0,0,0,0,1,0.32088604223668943,-0.7694123641595805,0,1,0,1,0,0,0,1,0,0
0,0,0,0,-0.019745966154397852,1,0,0,0,0,0,0,0,0,-1.4942531130522119,-0.7462959973881987,0,0,1,1,0,0,1,0,0,0
0,0,0,0,-0.8338606629262776,1,1,0,0,0,1,1,1,1,0.36236545620581423,-0.6352584065718178,1,0,0,0,1,0,0,0,0,1
0,0,1,1,-0.9152721326034655,1,1,0,0,0,0,0,1,0,0.697519121076343,-0.6334363187826205,0,1,0,1,0,0,0,0,1,0
0,0,1,1,0.631545791263106,1,1,0,0,0,0,0,1,1,0.5681033494926734,0.7589680451380197,0,1,0,0,1,0,0,0,0,1
0,0,0,0,0.9978974048104517,1,0,0,0,1,0,1,1,1,1.0061259610066313,1.3888835514419415,0,1,0,0,0,1,0,0,1,0
0,0,0,0,-0.9559778674420595,1,0,0,1,1,0,0,0,0,0.5183280527297236,-0.7233113478063974,0,1,0,1,0,0,0,0,1,0
1,1,0,0,-0.8338606629262776,1,0,0,1,1,1,0,0,1,0.6261745290494481,-0.558291662126932,0,1,0,1,0,0,0,0,0,1
1,0,1,1,-1.2816237461508113,1,0,0,0,0,0,0,0,1,-0.6331404790531808,-0.9902801382211879,1,0,0,1,0,0,0,0,0,1
0,0,0,0,-0.38609757970174374,1,0,0,1,1,1,0,0,0,0.6062644103442684,-0.11811476741375376,0,1,0,1,0,0,1,0,0,0
0,0,1,1,1.6084834273893616,1,1,1,0,1,1,1,1,0,0.6560397071072182,1.5773488968667402,1,0,0,0,0,1,0,1,0,0
0,0,0,0,-1.2816237461508113,1,0,0,0,0,0,0,0,1,-0.6397771852882409,-0.9903679496809081,1,0,0,1,0,0,0,0,1,0
1,0,0,1,-0.9966836022806536,1,0,0,0,0,0,0,0,0,-1.4793205240233267,-0.9319513761019462,0,0,1,1,0,0,0,0,0,1
0,0,0,0,-1.2002122764736234,1,0,0,0,0,0,0,0,0,-1.4959122896109767,-0.9852968378820581,0,0,1,1,0,0,0,0,0,1
1,0,0,0,-0.5896262538947137,1,0,0,0,0,0,0,0,0,-1.5025489958460367,-0.8298486013121106,0,0,1,0,1,0,0,0,0,1
1,0,0,0,-0.4268033145403377,1,1,1,0,0,0,1,1,1,1.1886353824707805,-0.09058587479142441,0,1,0,1,0,0,0,0,1,0
0,0,1,1,-0.22327464034736777,1,0,0,0,0,0,0,0,0,-1.4942531130522119,-0.7688854954012585,0,0,1,0,0,1,0,0,0,1
0,1,0,0,0.22448844287716607,1,1,0,0,0,1,1,1,1,1.1488151450604207,0.6291388019414842,0,1,0,1,0,0,0,0,1,0
1,0,1,1,1.6084834273893616,1,1,1,1,1,0,1,1,1,1.505538105194894,2.4875146768681553,0,1,0,0,0,1,1,0,0,0
1,0,1,1,1.4863662228735797,1,0,1,1,1,0,0,0,1,-0.17188939571651304,0.7765083842171595,1,0,0,0,0,1,1,0,0,0
0,0,0,0,-0.8745663977648716,1,1,1,0,0,0,0,0,1,0.46689357940800896,-0.6023949677714773,0,1,0,1,0,0,1,0,0,0
1,0,0,1,-0.7524491932490895,1,0,0,0,0,0,0,0,0,-1.4925939364934466,-0.8925679364173696,0,0,1,1,0,0,0,0,0,1
0,0,1,1,0.9978974048104517,1,1,1,0,1,1,1,1,1,0.6494030008721581,1.1169973192828118,1,0,0,0,0,1,0,0,1,0
0,0,0,1,0.1023712383613841,1,0,0,0,0,0,0,0,1,-1.4876164068171518,-0.7274384864132538,0,0,1,0,1,0,0,1,0,0
1,0,0,1,-1.2409180113122174,1,1,1,1,0,0,0,0,0,-0.13206915830615312,-0.9513138029702831,1,0,0,1,0,0,1,0,0,0
1,1,0,0,-0.38609757970174374,1,1,0,1,1,0,1,1,1,1.376122333611225,0.07998788571535308,0,1,0,1,0,0,0,0,1,0
1,0,0,0,0.5501343215859179,1,0,0,0,0,0,0,0,0,-1.4892755833759168,-0.6143812320233049,0,0,1,0,0,1,1,0,0,0
0,0,0,0,-0.8338606629262776,1,0,0,0,0,0,0,0,0,-1.5091857020810966,-0.9105473327951112,0,0,1,1,0,0,1,0,0,0
0,1,0,0,-1.0373893371192475,1,0,0,1,0,0,0,0,1,-0.4522902341477968,-0.8262922371934365,1,0,0,1,0,0,0,0,0,1
1,0,1,1,-1.0780950719578415,1,1,0,0,0,0,0,0,0,-1.3117436915880627,-0.9431034314864304,0,0,1,0,0,1,0,0,0,1
0,0,0,0,-1.2816237461508113,1,1,0,0,0,0,0,0,1,0.3358186312655745,-0.9774596651020168,0,1,0,1,0,0,0,0,0,1
0,0,1,0,1.2421318138420157,1,1,0,1,1,1,1,1,1,1.4706953974608292,1.9933556872918925,0,1,0,0,0,1,1,0,0,0
0,0,1,1,1.1607203441648277,1,1,1,1,0,0,0,0,0,-0.17023021915774814,0.5884162374961724,1,0,0,1,0,0,0,0,1,0
0,0,0,0,-0.06045170099299184,1,0,1,0,1,1,0,0,0,0.7522719475155875,0.18569093035372292,0,1,0,1,0,0,0,0,1,0
1,0,0,0,-0.2639803751859618,1,1,0,0,0,1,0,0,1,0.5166688761709587,-0.09330803004275513,0,1,0,1,0,0,0,0,1,0
1,0,0,0,0.020959768684196134,1,1,0,1,0,0,0,0,1,-0.34112540471054226,-0.2792927017304539,1,0,0,1,0,0,1,0,0,0
1,0,1,1,1.6084834273893616,0,0,1,1,1,1,1,1,1,0.02389343821775623,1.0375718539657564,1,0,0,0,0,1,1,0,0,0
0,0,1,1,0.346605647392948,1,0,1,0,0,1,1,1,1,0.3242043953542197,0.38915008252577105,1,0,0,0,1,0,0,1,0,0
1,0,1,1,1.1607203441648277,1,0,1,1,1,1,1,1,0,0.6626764133422782,1.3010062331268026,1,0,0,0,1,0,1,0,0,0
1,0,1,0,-0.7117434584104956,1,0,0,0,0,0,0,0,0,-1.5307549973450416,-0.8809109651394934,0,0,1,0,1,0,0,0,0,1
1,1,0,0,0.9164859351332638,0,0,0,0,1,0,1,1,1,-0.4937696481169216,0.1941208304868763,1,0,0,0,1,0,1,0,0,0
1,0,1,1,0.590840056424512,1,1,0,0,1,1,1,1,1,1.4076466882277594,1.237101443315319,0,1,0,1,0,0,1,0,0,0
0,1,1,0,0.8757802002946699,1,1,0,1,0,0,1,1,1,1.2135230308522553,1.3486878557549522,0,1,0,0,1,0,0,1,0,0
1,0,0,0,-1.2816237461508113,1,0,0,0,0,0,0,0,0,-1.480979700582092,-1.0014980522004622,0,0,1,1,0,0,0,0,0,1
0,0,0,0,0.590840056424512,1,1,0,1,1,0,1,1,1,1.3744631570524595,1.1186218312876384,0,1,0,1,0,0,0,0,1,0
0,0,0,0,1.2014260790034217,1,1,1,1,1,1,1,1,1,1.6631598782775683,2.1215823713485316,0,1,0,0,1,0,0,1,0,0
0,0,1,0,1.4049547531963917,1,0,0,0,0,0,0,0,1,-1.462728758435677,-0.42760625719812295,0,0,1,0,1,0,1,0,0,0
1,0,0,0,0.18378270803857208,1,0,1,1,1,1,0,0,0,0.02223426165899086,0.005479862142637228,1,0,0,0,0,1,1,0,0,0
0,1,0,0,0.8350744654560759,1,0,0,1,0,0,0,0,1,0.2943392172964497,0.7475086496445142,0,1,0,1,0,0,0,1,0,0
0,0,1,0,1.2014260790034217,1,0,1,0,1,1,1,1,0,0.5332606417586087,1.1786848697363568,1,0,0,0,0,1,0,0,0,1
1,0,0,0,-0.7524491932490895,1,0,0,0,0,0,0,0,1,-1.4892755833759168,-0.8790010658905758,0,0,1,1,0,0,0,0,1,0
1,0,0,1,-1.0780950719578415,1,0,0,0,0,0,0,0,0,-1.5008898192872717,-0.961390167973193,0,0,1,1,0,0,0,0,0,1
0,0,1,0,-0.22327464034736777,1,0,1,0,0,1,1,1,1,1.2267964433223755,0.1667675607839878,0,1,0,0,1,0,0,1,0,0
1,0,0,0,1.0386031396490458,1,0,0,0,0,0,0,0,0,-1.480979700582092,-0.5136175819942046,0,0,1,0,0,1,0,1,0,0
1,0,1,0,0.6722515261016999,1,1,0,1,0,0,1,1,1,1.1322233794727707,1.1206634477261364,0,1,0,1,0,0,1,0,0,0
0,0,1,1,1.4863662228735797,1,1,1,1,0,1,1,0,0,0.29102086417891987,1.1347571870112525,1,0,0,0,1,0,0,1,0,0
0,0,1,1,1.5270719577121736,1,0,0,1,1,1,1,1,1,0.5133505230534289,1.5000528594479035,1,0,0,0,0,1,1,0,0,0
0,0,0,0,-1.2816237461508113,1,0,0,0,0,0,0,0,0,-1.461069581876912,-1.0012346178213012,0,0,1,1,0,0,0,0,0,1
0,0,0,0,-0.7931549280876836,1,0,1,0,0,1,0,0,0,-0.32453363912289235,-0.6842352482308423,1,0,0,0,1,0,0,0,0,1
0,0,0,0,-1.2816237461508113,0,0,0,0,0,0,0,0,1,-1.3283354571757127,-0.9994783886268943,1,0,0,1,0,0,0,0,0,1
0,1,0,0,-0.9559778674420595,1,0,0,0,1,0,0,0,0,0.3507512202944595,-0.7305557932333262,0,1,0,1,0,0,0,1,0,0
1,0,0,0,1.2828375486806096,1,1,1,1,0,0,0,0,1,0.642766294637098,1.3117850898074757,0,1,0,0,1,0,0,1,0,0
1,0,0,0,-1.2002122764736234,1,1,0,0,0,1,1,0,1,0.010620025747636104,-0.9182527883855717,1,0,0,1,0,0,0,0,0,1
1,1,0,1,-0.8745663977648716,1,0,0,1,0,1,0,0,1,-0.3444437578280723,-0.7464277145777792,1,0,0,1,0,0,0,0,1,0
1,0,0,0,0.7536629957788878,0,0,1,0,0,1,0,1,1,-0.6795974226986006,-0.0525854655974434,1,0,0,1,0,0,0,1,0,0
1,0,1,0,1.2828375486806096,1,1,1,0,0,0,1,0,1,0.04048520380540615,0.918148268746082,1,0,0,0,1,0,0,1,0,0
0,0,0,0,-0.7931549280876836,1,0,0,0,0,0,0,0,1,-1.480979700582092,-0.8894945353271575,0,0,1,1,0,0,0,0,0,1
0,0,0,0,-0.6303319887333076,1,0,0,0,0,0,0,0,1,0.16824179883031035,-0.5079098371123819,0,1,0,1,0,0,0,0,1,0
1,0,1,1,-0.6303319887333076,1,1,1,0,1,0,1,0,1,0.17985603474166512,-0.4828177124972922,1,0,0,0,1,0,1,0,0,0
0,0,0,0,-0.019745966154397852,0,0,1,0,0,0,0,0,0,-1.1541219185053884,-0.60311941231417,1,0,0,0,1,0,0,0,0,1
1,0,1,0,1.5270719577121736,1,0,1,1,0,1,0,1,0,0.10021555992094577,1.0374181839112457,1,0,0,0,0,1,0,0,0,1
1,0,0,0,-1.2816237461508113,1,0,0,0,0,0,1,0,1,0.4851445215544238,-0.9754839072583089,0,1,0,1,0,0,0,0,1,0
1,0,1,1,0.5094285867473239,1,1,0,1,1,0,0,1,1,0.9978300782128064,0.907764563634151,0,1,0,0,1,0,0,1,0,0
0,0,0,0,0.46872285190873,1,1,0,1,1,0,0,0,1,0.659358060224748,0.685469853352088,0,1,0,1,0,0,1,0,0,0
0,0,1,1,-0.8338606629262776,1,1,0,0,0,0,0,0,0,-1.3167212212643575,-0.8898018754361787,0,0,1,0,0,1,0,1,0,0
0,0,1,0,1.5677776925507676,1,0,0,0,0,0,0,0,0,-1.4959122896109767,-0.404687466211112,0,0,1,0,0,1,0,1,0,0
1,0,1,0,-1.2409180113122174,1,0,0,0,1,0,0,0,0,0.38061639835222955,-0.943762017434333,0,1,0,1,0,0,0,0,1,0
0,0,1,1,-0.9559778674420595,1,0,1,1,1,1,0,0,0,0.0023241429538111433,-0.7192939735241916,1,0,0,1,0,0,0,0,0,1
0,0,0,0,-1.0373893371192475,0,0,0,0,0,0,0,0,0,-1.3233579274994176,-0.9270119814926766,1,0,0,1,0,0,1,0,0,0
1,0,0,0,-0.5896262538947137,1,0,0,0,0,1,0,0,1,0.36402463276457964,-0.4075632915169534,0,1,0,1,0,0,1,0,0,0
1,0,0,0,-1.1595065416350294,1,1,0,0,0,0,0,0,1,0.2412455674159701,-0.8762569577743149,0,1,0,1,0,0,1,0,0,0
0,0,0,0,-0.7117434584104956,1,0,0,0,0,0,0,0,0,-1.5042081724048018,-0.8789571601607156,0,0,1,1,0,0,0,0,0,1
0,0,1,0,1.4863662228735797,1,1,1,0,0,0,1,1,0,1.135541732590301,2.008261682579422,0,1,0,0,0,1,1,0,0,0
0,0,0,0,-1.2816237461508113,1,0,0,0,0,0,0,0,1,-0.6795974226986006,-0.9908948184392303,1,0,0,1,0,0,0,0,0,1
1,0,0,0,-1.2816237461508113,1,1,0,0,0,0,1,0,1,0.6543805305484532,-0.9732447150354401,0,1,0,1,0,0,0,0,0,1
1,0,0,0,-1.0373893371192475,0,0,0,0,0,0,0,0,1,-1.3465863993221274,-0.9441791218680048,1,0,0,0,1,0,0,1,0,0
0,0,1,1,1.0386031396490458,0,0,1,0,1,1,1,1,0,-0.17188939571651304,0.5808864048251525,1,0,0,0,0,1,0,0,0,1
0,0,0,0,0.5094285867473239,1,1,1,1,1,1,1,1,1,1.6830699969827483,1.2399772686211603,0,1,0,1,0,0,0,0,1,0
0,0,0,0,0.14307697319997809,1,0,1,1,1,1,1,0,1,0.3789572217934642,0.13392607484857727,1,0,0,0,1,0,0,0,0,1
1,1,1,0,-0.22327464034736777,1,1,0,1,1,1,1,1,1,0.659358060224748,0.003613868623579817,1,0,0,1,0,0,1,0,0,0
1,1,1,0,1.3235432835192036,1,1,0,1,1,0,1,1,1,1.3080960947018598,1.8779494763544242,0,1,0,1,0,0,0,0,1,0
1,1,1,0,1.6084834273893616,1,1,1,1,1,1,1,1,1,1.696343409452868,2.679821773655719,0,1,0,0,0,1,1,0,0,0
0,0,1,0,-0.7117434584104956,1,1,0,0,0,0,0,0,0,-1.3183803978231226,-0.8401005892344613,0,0,1,0,0,1,0,0,0,1
1,0,0,0,-1.2409180113122174,1,0,0,0,0,1,1,1,0,0.1781968581829002,-0.9522797290272068,1,0,0,1,0,0,0,0,1,0
0,0,0,0,1.2828375486806096,1,1,0,0,1,0,1,1,1,1.1654069106480704,1.7355412415529485,0,1,0,0,1,0,0,1,0,0
0,0,0,0,-0.7931549280876836,1,1,1,0,0,0,1,1,1,1.1753619700006603,-0.4137979051570982,0,1,0,1,0,0,0,0,1,0
1,0,1,1,1.5270719577121736,1,0,1,1,1,0,1,1,1,0.505054640259604,1.448375815402478,1,0,0,0,0,1,0,1,0,0
1,0,0,0,-1.2816237461508113,1,1,0,0,1,0,0,0,0,-0.35108046406313215,-0.986548151183073,1,0,0,1,0,0,0,0,1,0
1,0,0,0,-0.5082147842175256,1,1,0,0,1,0,1,0,1,0.8551408941590172,-0.2282961964978614,0,1,0,1,0,0,0,1,0,0
0,0,0,0,1.0793088744876398,1,1,0,0,0,0,0,0,0,-1.3432680462045974,-0.3548544628198141,0,0,1,0,0,1,0,0,1,0
1,1,1,0,-0.06045170099299184,1,1,1,0,0,0,1,0,0,0.8136614801898924,0.22230830905710838,0,1,0,1,0,0,0,0,1,0
1,0,0,0,0.14307697319997809,1,0,0,1,0,1,0,1,1,0.01559755542393127,0.0865298394645191,1,0,0,0,1,0,0,0,0,1
1,0,0,0,-1.2816237461508113,1,0,0,0,0,0,1,1,1,0.8020472442785371,-0.9712909100566625,0,1,0,1,0,0,0,0,1,0
1,0,0,0,-1.2816237461508113,1,0,0,0,0,0,0,0,0,-1.4876164068171518,-1.0015858636601827,0,0,1,1,0,0,0,0,0,1
0,0,0,0,-0.9559778674420595,1,0,0,0,0,0,0,0,0,-1.5224591145512167,-0.9411935322375128,0,0,1,1,0,0,0,0,0,1
0,0,1,1,0.8757802002946699,1,1,0,0,0,0,0,0,1,-1.3333129868520075,-0.4211301620437472,0,0,1,0,1,0,1,0,0,0
0,0,1,1,1.1607203441648277,1,0,0,0,0,0,0,0,1,-1.5108448786398618,-0.49120370690058557,0,0,1,1,0,0,0,0,0,1
1,0,0,0,-1.1188008067964355,1,1,0,0,0,0,0,0,1,0.36402463276457964,-0.8533381667873039,0,1,0,1,0,0,1,0,0,0
1,0,1,1,0.346605647392948,1,1,1,1,1,0,1,0,1,0.3192268656779245,0.31710077982522494,1,0,0,1,0,0,0,1,0,0
1,0,1,0,1.6084834273893616,1,0,1,1,1,1,1,1,0,0.6477438243133932,1.6384656728321032,1,0,0,0,0,1,0,0,0,1
1,0,0,0,-0.22327464034736777,1,0,0,0,0,0,0,0,1,0.1367174442137754,-0.22307141464450062,0,1,0,1,0,0,0,0,0,1
1,0,0,0,0.1023712383613841,1,0,0,0,0,0,1,0,0,-0.3295111687991873,-0.1276642636583417,1,0,0,1,0,0,0,0,0,1
0,1,0,0,-0.6710377235719016,1,1,0,0,0,0,1,1,1,1.0359911390644014,-0.33900449434029106,0,1,0,1,0,0,0,0,1,0
1,0,0,0,-0.6303319887333076,1,0,0,0,0,0,0,0,0,-1.4925939364934466,-0.8740397184163762,0,0,1,0,1,0,0,0,0,1
1,0,1,1,1.2014260790034217,1,1,0,0,0,0,0,0,0,-1.3316538102932427,-0.3622525783012534,0,0,1,0,1,0,1,0,0,0
0,1,0,0,-1.2816237461508113,1,1,0,0,0,0,0,0,1,0.23792721429843983,-0.978754884132892,0,1,0,1,0,0,0,0,1,0
0,0,0,0,-0.7931549280876836,1,0,0,1,0,0,0,0,1,0.32254521879545484,-0.5861718005881428,0,1,0,0,1,0,0,0,0,1
0,0,0,0,-0.9152721326034655,1,1,0,0,0,0,0,0,1,0.3258635719129846,-0.6593187465351933,0,1,0,1,0,0,0,0,1,0
0,0,1,1,-1.1595065416350294,1,1,0,0,0,0,0,0,0,-0.46722282317668157,-0.9052347394820299,1,0,0,1,0,0,0,0,0,1
1,0,0,0,-0.9152721326034655,1,0,0,0,0,0,0,0,0,-1.4793205240233267,-0.9330051136185903,0,0,1,0,1,0,0,0,0,1
0,0,1,1,0.387311382231542,1,1,0,0,0,0,1,1,1,0.9712832532725666,0.8276146537744026,0,1,0,1,0,0,0,0,1,0
0,0,0,0,-1.2816237461508113,1,0,0,0,0,0,0,0,0,-1.4925939364934466,-1.001651722254973,0,0,1,1,0,0,0,1,0,0
1,0,1,1,1.4049547531963917,1,1,0,1,1,0,0,0,0,0.7456352412805278,1.5882814236019238,0,1,0,0,1,0,0,0,1,0
1,0,1,1,1.2014260790034217,1,0,0,0,0,0,0,0,0,-1.4892755833759168,-0.4554863956593337,0,0,1,0,0,1,0,1,0,0
1,1,0,0,-0.5896262538947137,1,1,0,0,1,1,1,0,0,0.9613281939199768,-0.24473889233049662,0,1,0,1,0,0,1,0,0,0
0,0,0,0,-0.8338606629262776,1,0,0,1,0,0,0,1,1,0.6527213539896879,-0.5637359726295937,0,1,0,1,0,0,0,0,1,0
1,0,0,1,-0.9559778674420595,1,0,0,1,0,0,0,0,1,-0.49211047155815646,-0.7978852299739037,1,0,0,1,0,0,0,0,1,0
1,0,1,0,1.6084834273893616,1,1,0,0,0,0,0,0,0,-1.3001294556767078,-0.19192029930870685,0,0,1,0,0,1,0,1,0,0
1,0,0,0,1.0793088744876398,1,0,0,0,0,0,0,0,1,-1.4842980536996218,-0.4869228982392186,0,0,1,0,0,1,1,0,0,0
0,0,0,0,-0.10115743583158582,1,1,1,0,1,0,1,1,1,0.4768486387605988,0.055225054074214686,1,0,0,0,1,0,0,1,0,0
0,0,0,0,1.5270719577121736,1,1,0,1,0,0,1,1,0,1.127245849796476,1.9921263268558078,0,1,0,0,1,0,0,0,1,0
0,0,1,1,1.4863662228735797,1,0,0,0,0,0,0,0,0,-1.4859572302583868,-0.42317177848224535,0,0,1,0,0,1,1,0,0,0
0,0,1,1,0.590840056424512,1,0,0,0,0,0,0,0,0,-1.4892755833759168,-0.5640213598736847,0,0,1,0,0,1,0,1,0,0
1,0,0,0,-0.8338606629262776,1,0,0,0,0,1,1,0,1,-0.17023021915774814,-0.6908650134397286,1,0,0,0,1,0,0,0,1,0
0,0,1,0,0.387311382231542,1,1,0,0,1,1,0,0,1,0.642766294637098,0.5651022949404199,0,1,0,1,0,0,0,0,1,0
1,0,1,0,1.0793088744876398,1,1,0,0,1,0,1,1,1,1.1471559685016557,1.6068535473327776,0,1,0,0,1,0,1,0,0,0
0,1,0,0,0.5094285867473239,1,1,0,0,1,0,1,1,1,1.2350923261162006,1.06867906357169,0,1,0,0,1,0,1,0,0,0
1,0,1,0,-0.9152721326034655,1,0,0,0,0,0,0,0,1,0.1781968581829002,-0.6862988175342705,0,1,0,1,0,0,0,0,1,0
0,0,1,1,0.6722515261016999,1,0,0,1,1,0,1,1,0,0.4337100482327091,0.6686320059507109,1,0,0,0,1,0,0,1,0,0
0,0,1,1,1.0386031396490458,1,1,0,0,0,0,0,0,0,-1.3200395743818876,-0.34747830020330467,0,0,1,0,0,1,0,1,0,0
1,1,0,0,-0.4675090493789317,1,0,0,0,1,0,1,0,1,-0.16193433636392318,-0.46767023569553207,1,0,0,1,0,0,1,0,0,0
0,0,0,0,-1.0373893371192475,1,1,0,0,0,0,0,0,1,0.3457736906181643,-0.762497211706603,0,1,0,1,0,0,0,0,1,0
1,0,0,1,-0.1825689055087738,1,0,0,1,0,1,0,0,1,-0.34942128750436724,-0.34453661630267307,1,0,0,0,1,0,0,1,0,0
1,1,1,0,-0.019745966154397852,1,1,0,0,1,1,1,1,1,1.326347036848275,0.4611115737665969,0,1,0,1,0,0,0,0,1,0
0,0,0,0,0.5501343215859179,1,1,0,0,1,0,1,1,1,1.2002496183821352,1.0419185212219135,0,1,0,0,1,0,0,0,1,0
1,0,0,0,-0.8338606629262776,1,1,0,0,0,0,1,1,1,1.0326727859468712,-0.5063292308374157,0,1,0,1,0,0,0,0,1,0
0,0,1,0,-0.9559778674420595,1,0,0,0,0,0,1,1,0,0.8136614801898924,-0.6358511339249301,0,1,0,1,0,0,0,0,1,0
1,0,0,0,-0.8745663977648716,1,0,0,0,0,1,0,0,1,0.29599839385521454,-0.6037340925322126,0,1,0,1,0,0,0,0,1,0
1,0,0,0,-1.2409180113122174,1,0,0,0,0,0,0,0,0,-1.4793205240233267,-0.9958342130485,0,0,1,1,0,0,0,0,0,1
1,0,0,0,-1.2409180113122174,1,0,0,0,1,0,0,1,1,0.6942007679588127,-0.936956629306006,0,1,0,1,0,0,0,0,1,0
0,0,1,0,0.8757802002946699,1,1,0,1,1,1,1,1,0,1.5071972817536587,1.5770196038927888,0,1,0,0,1,0,0,0,1,0
0,0,0,0,-0.3453918448631497,1,0,1,0,0,0,1,1,1,0.9845566657426863,-0.00797724405950626,0,1,0,1,0,0,0,0,1,0
0,0,0,0,-1.2002122764736234,1,0,0,0,0,0,0,0,1,0.16326426915401518,-0.9226653142365193,0,1,0,1,0,0,0,0,1,0
1,0,0,0,-1.2816237461508113,1,0,0,0,0,0,0,0,0,-0.6364588321707109,-0.990324043951048,1,0,0,1,0,0,0,0,1,0
1,0,1,1,0.346605647392948,1,1,0,1,1,0,1,0,0,0.11846650206736059,0.2364898598019446,1,0,0,0,1,0,1,0,0,0
0,0,1,0,0.26519417771576004,0,0,1,0,1,0,1,1,0,-0.29964599074141746,-0.051356105161358634,1,0,0,1,0,0,0,0,1,0
1,0,1,1,-1.0780950719578415,1,0,0,0,0,0,0,0,0,-1.5091857020810966,-0.9605779119707798,0,0,1,0,1,0,0,0,0,1
0,0,1,1,0.387311382231542,1,1,0,0,0,0,0,0,0,-1.393043342967547,-0.565097050255259,0,0,1,0,0,1,0,0,1,0
0,1,1,1,-0.019745966154397852,1,1,0,1,0,0,1,1,1,1.1770211465594258,0.40232180148382335,0,1,0,1,0,0,0,0,1,0
0,0,0,1,-1.2409180113122174,1,0,0,1,0,0,0,0,0,-0.44399435135397186,-0.9637830302505727,1,0,0,1,0,0,0,0,0,1
1,1,1,0,1.0793088744876398,0,0,1,0,1,1,1,1,1,-0.029200211662723803,0.6961389457081103,1,0,0,0,0,1,0,1,0,0
1,0,0,0,-1.2816237461508113,1,0,0,0,0,0,0,1,1,0.5266239355235486,-0.9749350856350568,0,1,0,1,0,0,0,0,1,0
0,0,1,1,-0.7117434584104956,1,0,0,0,0,0,0,0,0,-1.497571466169742,-0.8905702257087318,0,0,1,1,0,0,0,0,0,1
0,0,0,0,-0.9152721326034655,1,0,0,0,0,0,0,0,1,-1.4511145225243218,-0.9126548078283995,0,0,1,1,0,0,0,0,1,0
0,0,0,0,-1.0373893371192475,1,0,0,0,0,0,0,0,1,0.16326426915401518,-0.7840988307978088,0,1,0,1,0,0,1,0,0,0
0,1,0,0,-0.38609757970174374,1,1,0,0,1,0,0,0,1,0.4785078153193637,-0.2046090552382973,0,1,0,1,0,0,0,0,0,1
1,0,0,0,1.4863662228735797,1,0,0,0,0,0,0,0,0,-1.4925939364934466,-0.39601608456372756,0,0,1,0,0,1,0,1,0,0
0,1,0,0,-0.38609757970174374,1,0,1,0,0,0,0,0,1,0.34743286717692967,-0.28879829224518166,0,1,0,1,0,0,1,0,0,0
0,0,0,0,0.30589991255435406,1,1,0,0,1,1,1,1,1,0.5249647589647837,0.39837028579640765,1,0,0,0,1,0,0,0,0,1
1,0,0,0,-1.0780950719578415,1,0,1,0,1,1,1,1,1,0.5083729933771337,-0.7937800442319773,1,0,0,0,0,1,0,0,0,1
1,0,0,0,0.5501343215859179,1,1,1,1,0,0,0,1,1,0.9546914876849167,0.8137843488684476,0,1,0,1,0,0,0,0,1,0
0,0,1,1,1.4456604880349857,1,0,0,0,0,0,0,0,1,-1.5125040551986266,-0.44286349832453353,0,0,1,0,0,1,1,0,0,0
0,0,1,1,0.346605647392948,1,1,0,1,1,1,1,1,1,1.465717867784534,0.9452600569347398,0,1,0,0,1,0,1,0,0,0
0,0,0,0,0.26519417771576004,0,0,1,1,0,1,0,0,0,-0.7891030755770901,-0.2636183561703716,1,0,0,0,1,0,1,0,0,0
1,0,1,0,-0.4675090493789317,1,0,0,0,0,0,1,0,0,-0.34278458126930716,-0.5163836429753955,1,0,0,1,0,0,1,0,0,0
1,0,0,0,0.18378270803857208,1,0,0,0,0,0,0,0,1,0.17985603474166512,0.11045846223831414,0,1,0,1,0,0,0,0,0,1
0,0,0,0,1.1200146093262338,1,0,0,1,1,0,1,1,1,1.152133498177951,1.5980504484958127,0,1,0,0,0,1,0,0,1,0
0,0,1,1,0.14307697319997809,1,1,1,1,1,1,1,1,1,0.928144662744677,0.4732734609378651,1,0,0,0,0,1,0,1,0,0
0,0,1,1,0.1023712383613841,1,0,1,0,1,1,1,1,1,1.3927140991988747,0.6388858739704428,0,1,0,1,0,0,0,0,1,0
0,0,1,1,1.6084834273893616,1,1,1,1,0,1,1,0,0,1.1604293809717758,2.173500896908188,0,1,0,0,0,1,1,0,0,0
1,0,1,0,1.6084834273893616,1,1,1,1,1,1,1,1,1,0.8003880677197722,1.735651005877599,1,0,0,0,0,1,1,0,0,0
1,0,1,0,-1.0373893371192475,1,0,0,0,0,0,0,0,1,0.14667250356636527,-0.8123521679628312,0,1,0,1,0,0,0,0,1,0
0,1,0,0,-1.2816237461508113,1,0,0,0,0,0,0,0,1,0.18815191753549007,-0.9794134700807947,0,1,0,1,0,0,0,0,0,1
1,0,0,0,1.3642490183577978,1,0,0,0,0,0,0,0,0,-1.5008898192872717,-0.45992087437521134,0,0,1,0,0,1,1,0,0,0
1,0,0,0,-0.06045170099299184,1,0,0,0,1,1,1,1,0,1.145496791942891,0.3550133775594855,0,1,0,0,0,1,1,0,0,0
1,0,0,0,-1.0373893371192475,1,1,0,0,0,0,1,1,1,0.9596690173612115,-0.7313460963708094,0,1,0,1,0,0,0,0,1,0
0,1,0,0,-1.2409180113122174,1,0,0,0,0,0,0,0,1,0.17487850506537042,-0.9595022215892056,0,1,0,1,0,0,1,0,0,0
0,0,0,0,0.8757802002946699,1,1,0,1,1,0,1,0,1,0.9895341954189815,1.2383308037514038,0,1,0,0,1,0,1,0,0,0
1,0,0,0,-1.2816237461508113,1,1,0,0,0,0,0,0,1,-1.3565414586747175,-0.9998515873307058,0,0,1,1,0,0,0,0,0,1
1,0,1,1,1.5677776925507676,1,0,0,1,0,1,1,1,1,0.2794066282675646,1.2527099302806108,1,0,0,0,0,1,0,1,0,0
1,0,0,0,-1.1595065416350294,1,0,0,0,0,0,0,0,0,-1.4677062881119718,-0.9783377796992203,0,0,1,1,0,0,0,0,0,1
0,0,0,0,-1.2002122764736234,1,0,0,0,0,0,1,0,1,0.48016699187812906,-0.9029955472591611,0,1,0,1,0,0,0,0,1,0
0,0,0,1,-0.6303319887333076,1,0,0,0,0,0,1,1,1,-0.007630916398778715,-0.5304773822605116,1,0,0,1,0,0,0,0,0,1
1,0,0,0,0.7943687306174818,1,1,1,0,0,1,1,1,1,0.4917812277894838,0.8414449586803575,1,0,0,0,0,1,0,1,0,0
0,0,1,1,-1.2409180113122174,1,0,0,0,0,0,0,0,0,-1.480979700582092,-0.996404987536682,0,0,1,0,1,0,0,0,0,1
0,0,1,0,-0.7524491932490895,1,0,1,1,0,1,1,1,0,1.3611897445823398,-0.41816652527818543,0,1,0,0,1,0,0,0,0,1
0,0,1,1,-0.9152721326034655,1,1,1,1,0,0,1,0,0,0.1781968581829002,-0.7135423229125086,1,0,0,0,1,0,0,0,1,0
1,0,0,0,-1.2409180113122174,1,0,0,0,0,0,0,0,0,-1.4826388771408567,-0.9942536067735335,0,0,1,1,0,0,0,0,0,1
1,0,1,1,0.9978974048104517,1,0,1,1,0,1,0,0,0,-0.17686692539280796,0.5304167683508821,1,0,0,0,1,0,0,0,0,1
1,1,1,0,-0.7931549280876836,1,0,0,0,0,0,0,0,0,0.18317438785919538,-0.6376073631193371,0,1,0,1,0,0,1,0,0,0
1,1,0,0,1.2828375486806096,1,1,0,0,1,1,1,1,0,1.233433149557435,1.9260482034162454,0,1,0,0,1,0,0,0,1,0
0,0,0,0,0.9978974048104517,0,0,1,0,1,1,0,0,1,-0.790762252135855,-0.018909770794689723,1,0,0,0,1,0,0,1,0,0
0,0,1,1,1.5677776925507676,1,0,0,0,1,0,0,0,0,0.3690021624408743,1.3765021356213725,0,1,0,0,0,1,0,0,1,0
1,0,0,0,-1.2816237461508113,1,0,0,0,0,0,0,0,1,0.18815191753549007,-0.9794134700807947,0,1,0,1,0,0,0,0,0,1
0,0,0,0,-1.2816237461508113,1,1,0,0,0,0,0,0,1,0.3374778078243394,-0.9774377122370869,0,1,0,1,0,0,0,0,1,0
1,0,0,0,-1.2816237461508113,1,0,0,0,0,0,0,0,0,-0.6746198930223056,-0.99082895984444,1,0,0,1,0,0,0,0,0,1
0,1,1,0,0.8350744654560759,1,1,0,0,0,0,1,1,1,1.026036079711811,1.1920102587489199,0,1,0,0,1,0,0,1,0,0
0,0,0,0,-1.2816237461508113,1,1,0,0,0,0,0,1,1,-0.15861598324639314,-0.9840016188511829,1,0,0,1,0,0,0,0,1,0
1,1,1,0,1.1200146093262338,1,0,0,1,1,0,1,1,1,1.095721495179941,1.5655382555343533,0,1,0,0,1,0,0,0,1,0
0,0,1,0,-1.2816237461508113,1,0,0,0,0,0,0,0,1,-0.6613464805521857,-0.9906533369249992,1,0,0,1,0,0,0,0,1,0
0,0,0,1,-0.6710377235719016,1,0,0,0,0,0,1,0,1,0.5332606417586087,-0.4343018810017995,0,1,0,1,0,0,0,0,1,0
0,0,0,0,1.5270719577121736,1,0,0,0,0,0,0,0,0,-1.5008898192872717,-0.42141554928783836,0,0,1,0,1,0,1,0,0,0
0,0,1,0,1.3642490183577978,1,1,1,1,0,1,0,0,0,0.7987288911610074,1.5794124661701687,0,1,0,0,1,0,0,0,1,0
0,0,0,0,-0.30468611002455576,1,0,1,1,0,0,0,0,1,0.4950995809070136,-0.12555678862505334,0,1,0,1,0,0,1,0,0,0
0,0,0,0,-1.2816237461508113,1,0,0,0,0,0,0,0,0,-1.5191407614336867,-1.0020029680938543,0,0,1,1,0,0,0,0,0,1
1,0,0,0,0.18378270803857208,1,1,1,1,1,1,0,0,0,0.08362379433329585,0.062337782311563054,1,0,0,0,1,0,0,0,1,0
1,0,0,1,-1.2816237461508113,1,0,0,0,0,0,0,0,1,-1.5091857020810966,-1.001871250904274,0,0,1,1,0,0,0,0,0,1
0,0,0,0,-1.1595065416350294,1,0,0,0,0,0,0,1,1,0.47187110908430413,-0.8711199873806745,0,1,0,1,0,0,0,0,1,0
0,0,0,0,-1.2002122764736234,1,0,0,0,0,0,0,0,0,-0.6746198930223056,-0.9565385848236438,1,0,0,1,0,0,0,0,1,0
0,0,0,0,-0.1418631706701798,1,1,1,0,0,0,0,1,1,0.03882602724664078,-0.17086750184075322,1,0,0,1,0,0,0,0,1,0
1,0,1,0,1.1607203441648277,1,1,1,0,1,1,0,1,0,0.3457736906181643,1.0660227669151494,1,0,0,0,0,1,0,1,0,0
0,1,1,0,1.6084834273893616,1,1,1,1,1,1,1,1,1,1.719571881275578,2.623688298029486,0,1,0,0,0,1,0,1,0,0
1,0,1,1,1.4456604880349857,1,0,1,1,1,0,1,1,1,1.27159421040903,2.0956560378660987,0,1,0,0,0,1,0,1,0,0
1,0,0,0,-1.2816237461508113,1,0,0,0,0,0,0,0,0,-1.4859572302583868,-1.0015639107952525,0,0,1,1,0,0,0,0,0,1
1,0,1,1,0.7536629957788878,1,0,0,0,0,0,0,0,0,-1.5058673489635668,-0.5332653961066326,0,0,1,0,0,1,0,1,0,0
0,0,0,0,-0.9966836022806536,1,1,1,0,0,1,1,1,1,1.27491256352656,-0.6383976662568203,0,1,0,1,0,0,1,0,0,0
1,0,0,0,1.4863662228735797,1,1,1,1,1,0,1,1,1,1.497242222401069,2.2521141062228303,0,1,0,0,0,1,0,1,0,0
1,0,0,0,-0.7524491932490895,1,0,0,0,0,0,0,0,0,-1.5125040551986266,-0.8678051047762314,0,0,1,0,1,0,0,0,0,1
0,0,1,0,1.2014260790034217,1,1,0,0,1,0,1,1,1,1.2085455011759603,1.6962456133280925,0,1,0,1,0,0,0,0,1,0
0,1,0,0,0.7129572609402939,1,1,1,1,0,0,0,0,1,0.6129011165793284,0.7957390938959158,0,1,0,1,0,0,0,0,1,0
0,0,1,0,1.5677776925507676,1,0,1,1,1,1,1,1,1,0.659358060224748,1.6441734177139258,1,0,0,0,1,0,1,0,0,0
1,0,0,0,0.22448844287716607,1,0,0,0,1,1,0,1,1,-0.08727139121949852,0.023481211385308724,1,0,0,0,1,0,0,0,0,1
1,1,1,0,1.0386031396490458,1,1,0,0,1,0,1,1,1,1.1206091435614158,1.5416535384904186,0,1,0,1,0,0,0,0,1,0
0,0,0,0,0.631545791263106,1,1,0,0,0,0,0,0,0,-1.3465863993221274,-0.5126516559372808,0,0,1,0,1,0,1,0,0,0
1,0,0,0,-1.2409180113122174,0,0,0,1,1,1,0,0,1,-0.8139907239585651,-0.9765376447749532,1,0,0,1,0,0,0,1,0,0
1,0,1,1,-0.1418631706701798,1,0,1,0,0,0,0,1,1,-0.15695680668762801,-0.20511397113168925,1,0,0,1,0,0,0,0,0,1
0,0,1,1,1.3642490183577978,1,0,1,1,0,1,0,0,1,-0.2233238690382277,0.6627486381494477,1,0,0,0,0,1,0,1,0,0
1,0,1,0,1.3642490183577978,1,1,0,1,0,1,1,1,1,1.29814103534927,2.0146938720039373,0,1,0,0,1,0,0,0,1,0
1,0,1,1,0.8757802002946699,0,0,0,0,1,1,0,1,0,-0.6281629493768859,0.053885929313479485,1,0,0,0,0,1,0,1,0,0
0,0,1,1,1.3642490183577978,1,0,1,0,0,0,1,0,1,-0.17188939571651304,0.7444132956893721,1,0,0,0,0,1,0,0,1,0
1,0,0,0,-0.5896262538947137,1,0,0,0,0,0,0,0,0,-1.4876164068171518,-0.833975739918967,0,0,1,0,1,0,0,0,0,1
0,0,0,0,-1.2409180113122174,0,0,0,0,0,0,0,1,1,-1.003136851657774,-0.9830795985241192,1,0,0,1,0,0,0,0,1,0
1,0,0,0,-1.2002122764736234,1,0,0,0,0,0,0,0,0,-1.5042081724048018,-0.9834747500928608,0,0,1,0,1,0,0,0,0,1
1,1,0,0,-1.2816237461508113,0,0,0,0,0,0,0,0,1,-1.3216987509406526,-0.999390577167174,1,0,0,1,0,0,0,0,1,0
0,0,1,1,-1.2816237461508113,1,0,0,0,0,0,0,0,1,-1.5241182911099815,-1.0020688266886446,0,0,1,1,0,0,0,0,0,1
1,0,1,0,0.6722515261016999,1,0,0,1,0,0,1,0,1,0.6759498258123978,0.8766354011632871,0,1,0,1,0,0,0,1,0,0
0,0,1,1,1.6084834273893616,1,1,1,0,1,1,1,1,1,0.695859944517578,1.6725584720685285,1,0,0,0,0,1,0,1,0,0
1,0,1,1,-1.2409180113122174,1,0,0,0,0,0,0,0,1,-0.6779382461398357,-0.9708738056229906,1,0,0,1,0,0,0,0,1,0
1,0,1,0,-0.8745663977648716,1,0,0,0,0,0,0,0,1,-1.472683817788267,-0.9292072679856853,0,0,1,0,1,0,0,0,0,1
0,0,1,1,-1.2002122764736234,1,0,0,0,0,0,0,0,0,-1.5141632317573919,-0.9863944811285624,0,0,1,1,0,0,0,0,0,1
0,0,1,1,0.020959768684196134,1,1,0,1,1,1,0,0,0,0.7854554786908873,0.2578939031087796,0,1,0,1,0,0,0,1,0,0
1,0,0,1,-0.9966836022806536,0,0,0,0,0,0,0,0,0,-1.3084253384705327,-0.9159257847029826,1,0,0,1,0,0,0,0,0,1
0,0,0,0,1.2421318138420157,1,1,1,1,1,0,1,0,0,1.097380671738706,1.7198449431279361,0,1,0,0,0,1,0,1,0,0
0,0,0,1,-0.8745663977648716,1,0,0,0,0,0,0,0,0,-1.4876164068171518,-0.9132255823165818,0,0,1,1,0,0,0,1,0,0
0,0,1,1,0.14307697319997809,0,0,1,0,1,1,0,0,0,-0.8056948411647401,-0.3310356043706695,1,0,0,0,0,1,0,1,0,0
1,0,1,1,-0.9966836022806536,1,0,0,0,1,0,1,1,1,0.9895341954189815,-0.6769249442091232,0,1,0,1,0,0,0,0,1,0
0,1,0,0,-0.9152721326034655,0,0,0,0,0,0,0,1,1,-1.003136851657774,-0.8656098182832227,1,0,0,1,0,0,0,0,1,0
0,0,0,0,-1.2002122764736234,1,1,0,0,0,0,0,0,1,0.3374778078243394,-0.8915581046305857,0,1,0,1,0,0,0,1,0,0
0,0,0,0,-0.1418631706701798,1,0,1,1,1,0,0,1,1,0.13008073797871536,-0.14524850846734152,1,0,0,1,0,0,1,0,0,0
0,0,1,1,1.2828375486806096,1,1,0,1,0,0,0,0,1,-0.36767222965078206,0.48231804128906103,1,0,0,0,1,0,1,0,0,0
1,0,1,1,0.7129572609402939,1,1,1,1,1,0,1,1,1,1.4375118662855293,1.3742848962634335,0,1,0,0,1,0,0,0,1,0
1,1,0,0,-1.2816237461508113,1,0,0,0,0,0,0,0,1,0.1599459160364854,-0.9797866687846061,0,1,0,1,0,0,0,0,1,0
0,0,1,0,-1.0373893371192475,1,0,0,0,1,0,0,0,1,0.33913698438310474,-0.7922433436868712,0,1,0,1,0,0,1,0,0,0
0,0,0,0,-0.7524491932490895,1,0,0,1,0,0,0,0,0,-0.4473127044715016,-0.6908430605747985,1,0,0,0,1,0,0,1,0,0
1,0,0,0,-1.2816237461508113,1,0,0,0,0,0,0,0,0,0.18815191753549007,-0.9794134700807947,0,1,0,1,0,0,0,0,0,1
0,1,0,0,-1.2002122764736234,1,0,0,0,0,0,0,0,1,0.1781968581829002,-0.907012921541367,0,1,0,1,0,0,0,0,1,0
0,0,0,0,-1.2002122764736234,1,1,0,0,0,1,1,0,0,-0.010949269516308983,-0.9339271339456541,1,0,0,1,0,0,0,0,1,0
0,0,0,0,-1.2409180113122174,1,1,0,0,0,0,0,0,1,0.36402463276457964,-0.9474720516075178,0,1,0,1,0,0,0,0,1,0
1,0,1,0,0.14307697319997809,0,0,1,0,1,0,0,0,0,-0.9815675563938292,-0.43175534866990944,1,0,0,0,1,0,0,0,0,1
0,0,1,1,1.4456604880349857,1,1,0,1,0,1,1,1,1,1.28818597599668,2.0803109852799677,0,1,0,0,0,1,0,1,0,0
1,1,0,0,0.020959768684196134,1,1,0,1,1,0,0,0,1,0.6278337056082129,0.1822004248298391,0,1,0,1,0,0,0,1,0,0
0,0,0,0,-0.9559778674420595,1,1,0,0,1,0,1,1,0,1.107335731091296,-0.6049415001033673,0,1,0,1,0,0,0,1,0,0
1,1,1,0,-0.019745966154397852,1,1,0,0,0,0,0,1,1,0.665994766459808,0.14960042040865965,0,1,0,1,0,0,0,0,1,0
1,0,1,0,-0.4268033145403377,1,0,1,0,0,1,0,0,1,-0.3560579937394271,-0.5043095672638476,1,0,0,1,0,0,0,0,1,0
0,0,1,0,-0.5489205190561197,1,1,0,1,0,0,0,1,1,0.8020472442785371,-0.29878684578837134,0,1,0,1,0,0,0,0,1,0
1,0,1,1,1.4049547531963917,1,0,1,0,1,1,0,0,1,-0.1503201004525682,0.7254899261196368,1,0,0,0,0,1,1,0,0,0
0,0,1,1,0.346605647392948,1,0,0,0,0,0,0,0,0,-1.5008898192872717,-0.6572990829616253,0,0,1,0,0,1,1,0,0,0
0,0,0,0,-1.2002122764736234,1,0,0,0,0,1,0,1,0,0.6925415914000478,-0.890899518682683,0,1,0,1,0,0,0,0,1,0
1,0,0,0,0.7943687306174818,1,0,0,0,0,0,0,0,0,-1.5025489958460367,-0.5603552314303603,0,0,1,0,0,1,0,0,0,1
0,0,0,0,-1.2816237461508113,1,0,0,0,0,0,0,1,1,0.5647849963751436,-0.974430169741665,0,1,0,1,0,0,0,0,1,0
0,0,1,1,-1.2409180113122174,1,0,0,0,0,0,1,1,0,0.025552614776521126,-0.9514235672949335,1,0,0,1,0,0,0,0,0,1
0,0,0,0,-1.2409180113122174,1,0,0,1,0,0,1,0,1,0.7373393584867028,-0.9297341367440073,0,1,0,1,0,0,1,0,0,0
1,0,1,1,-0.9966836022806536,1,0,0,0,0,0,0,0,1,-1.5125040551986266,-0.9434107715954517,0,0,1,1,0,0,0,0,0,1
0,1,1,0,0.387311382231542,1,1,0,1,1,0,1,0,1,1.0160810203592212,0.7153477025219366,0,1,0,1,0,0,0,0,1,0
0,1,1,0,-0.7931549280876836,1,0,0,0,0,0,0,0,1,0.1732193285066055,-0.6079051368689291,0,1,0,1,0,0,0,0,1,0
0,0,0,0,-0.9966836022806536,1,1,1,0,0,1,0,1,0,0.20640285968190536,-0.7629362690052048,1,0,0,1,0,0,0,0,1,0
0,0,1,0,0.8350744654560759,1,0,0,0,0,0,0,0,0,-1.5224591145512167,-0.5755466139619806,0,0,1,0,1,0,0,1,0,0
0,0,0,0,-0.7117434584104956,1,0,0,1,0,0,1,0,1,0.6062644103442684,-0.5142761679421072,0,1,0,1,0,0,1,0,0,0
0,0,0,0,0.26519417771576004,0,0,0,0,1,0,1,1,1,-0.4705411762942116,-0.12729106495453016,1,0,0,1,0,0,0,0,1,0
1,1,1,0,-0.22327464034736777,0,0,0,0,0,0,0,1,0,-0.9434064955422343,-0.5573037832050781,1,0,0,1,0,0,1,0,0,0
0,0,0,0,-1.2816237461508113,1,1,0,1,0,0,1,1,1,1.1720436168831305,-0.966395421177253,0,1,0,1,0,0,0,1,0,0
0,0,0,0,0.5501343215859179,1,0,0,0,0,0,0,0,1,-1.4544328756418519,-0.5989703208423837,0,0,1,0,0,1,0,0,1,0
1,0,1,0,-0.6303319887333076,1,1,0,1,0,0,0,0,1,0.5166688761709587,-0.4234352128614064,0,1,0,1,0,0,1,0,0,0
1,0,1,1,0.7536629957788878,1,0,0,0,0,0,0,0,0,-1.5108448786398618,-0.5723414956821878,0,0,1,0,1,0,0,0,0,1
0,0,0,0,-0.9559778674420595,1,0,0,0,1,0,0,1,1,0.6759498258123978,-0.6673315422346751,0,1,0,1,0,0,0,1,0,0
0,1,0,0,0.5094285867473239,1,1,0,0,1,0,1,1,1,1.1687252637656007,0.9476968249419795,0,1,0,0,1,0,1,0,0,0
1,0,1,1,1.4863662228735797,1,1,0,1,1,0,1,1,1,1.3296653899658049,2.1937194855087983,0,1,0,0,0,1,0,0,1,0
0,0,1,1,0.9978974048104517,1,0,0,0,0,0,0,0,0,-1.4992306427285067,-0.4519080786757295,0,0,1,0,0,1,1,0,0,0
0,0,0,1,-0.4268033145403377,0,0,0,0,1,0,1,1,1,-0.5136797668221014,-0.5575672175842391,1,0,0,0,1,0,0,1,0,0
1,0,0,0,-1.2816237461508113,1,0,0,0,0,0,1,0,1,0.5183280527297236,-0.9750448499597072,0,1,0,1,0,0,0,0,1,0
1,0,0,0,-0.9152721326034655,1,0,1,0,0,0,0,0,1,-0.4406759982364418,-0.7801253622454631,1,0,0,1,0,0,0,0,0,1
1,0,0,0,-0.019745966154397852,1,0,0,0,0,0,0,0,1,-1.4892755833759168,-0.7406321582362362,0,0,1,0,0,1,1,0,0,0
0,0,1,1,-0.6710377235719016,1,1,0,1,0,0,0,0,1,0.4984179340245439,-0.45370821359999663,0,1,0,1,0,0,0,1,0,0
0,0,1,1,0.9978974048104517,1,0,0,1,0,0,1,1,1,0.9978300782128064,1.420122478237456,0,1,0,0,1,0,0,0,1,0
0,0,0,0,-0.5896262538947137,1,0,0,0,0,0,0,0,0,-1.5025489958460367,-0.8384321714997747,0,0,1,1,0,0,0,0,0,1
0,0,1,1,0.346605647392948,1,0,0,1,0,1,0,1,1,0.052099439716760905,0.18760082960264046,1,0,0,0,1,0,1,0,0,0
1,0,0,0,-0.7524491932490895,1,0,0,0,1,0,0,0,0,0.38227557491099445,-0.519742431309699,0,1,0,1,0,0,0,0,1,0
0,0,0,0,-0.9559778674420595,1,1,0,0,0,0,1,1,1,0.9895341954189815,-0.6196938253363858,0,1,0,1,0,0,0,0,1,0
0,1,0,0,-0.7931549280876836,1,1,1,0,0,0,1,1,1,1.1902945590295455,-0.43608006306113667,0,1,0,1,0,0,0,0,1,0
1,0,0,0,-1.2816237461508113,1,1,0,0,0,0,0,0,1,0.3374778078243394,-0.9774377122370869,0,1,0,1,0,0,0,0,1,0
1,0,1,0,1.4456604880349857,1,0,0,1,0,1,1,1,1,1.1737027934418955,1.955135749448611,0,1,0,0,1,0,0,0,1,0
0,0,1,1,0.631545791263106,1,0,0,0,0,0,0,0,0,-1.4842980536996218,-0.5593893053734363,0,0,1,0,0,1,1,0,0,0
1,1,0,0,-0.7931549280876836,1,1,0,1,1,0,1,1,1,1.3927140991988747,-0.41140504287971863,0,1,0,1,0,0,0,0,1,0
1,0,0,0,-1.2409180113122174,1,0,1,0,1,0,0,0,1,-0.32619281568165726,-0.9606437705655702,1,0,0,1,0,0,0,0,0,1
0,0,0,0,-0.019745966154397852,1,1,1,0,0,0,1,1,0,0.3258635719129846,-0.008065055519226729,1,0,0,0,1,0,0,0,0,1
0,0,1,0,0.7536629957788878,1,0,1,1,0,1,0,0,1,-0.14700174733503815,0.3704901473351969,1,0,0,0,1,0,1,0,0,0
0,0,0,0,-1.2816237461508113,1,0,0,0,0,0,0,0,0,0.15330920980142534,-0.9798744802443264,0,1,0,1,0,0,0,0,0,1
0,0,0,0,-0.30468611002455576,1,0,0,0,0,0,0,0,0,-1.4942531130522119,-0.7788081903496579,0,0,1,0,1,0,0,1,0,0
0,0,1,1,-0.7524491932490895,1,0,0,0,0,0,0,0,0,-1.5307549973450416,-0.8982098227044021,0,0,1,0,0,1,0,0,0,1
0,0,1,0,-0.10115743583158582,1,0,0,1,1,1,0,1,0,0.17653768162413533,-0.04496782146670318,1,0,0,0,1,0,1,0,0,0
0,0,1,1,1.6084834273893616,1,1,1,1,1,1,1,1,0,1.7444595296570529,2.7962597692449016,0,1,0,0,0,1,0,1,0,0
0,0,1,0,0.9571916699718578,1,1,0,0,0,0,1,0,1,0.6859048851649877,1.142199208222552,0,1,0,1,0,0,1,0,0,0
1,0,1,0,1.6084834273893616,1,1,1,1,1,0,1,0,1,1.095721495179941,2.113152471215378,0,1,0,0,0,1,0,1,0,0
1,0,1,1,0.8350744654560759,1,0,0,0,0,0,0,0,1,-1.5108448786398618,-0.5229036438596315,0,0,1,0,0,1,0,0,0,1
1,0,0,1,-1.2002122764736234,1,0,1,0,1,0,0,0,0,-0.29964599074141746,-0.9412374379673729,1,0,0,1,0,0,0,0,0,1
1,0,0,0,0.26519417771576004,1,1,0,0,0,0,0,0,0,0.34245533750063456,0.3145103417634746,0,1,0,1,0,0,0,0,1,0
1,0,1,0,0.30589991255435406,1,1,0,1,0,0,1,1,1,1.2068863246171952,0.795475659516755,0,1,0,1,0,0,0,0,1,0
1,0,0,1,1.1200146093262338,1,0,0,0,0,0,0,0,0,-1.4925939364934466,-0.4879766357558627,0,0,1,0,0,1,0,0,0,1
0,0,0,0,1.4456604880349857,1,1,0,1,1,0,1,1,1,0.5216464058472539,1.3298522976449372,1,0,0,0,0,1,0,0,1,0
1,0,1,1,0.7943687306174818,1,0,1,1,1,0,1,1,0,0.473530285643069,0.7529749130121062,1,0,0,0,0,1,0,0,1,0
1,0,0,1,-0.38609757970174374,0,0,1,1,0,1,0,0,0,-0.8056948411647401,-0.5944480306667856,1,0,0,0,1,0,1,0,0,0
1,0,1,0,1.1607203441648277,1,0,1,1,0,1,1,1,1,0.5349198183173736,1.0740794683444912,1,0,0,0,0,1,0,0,0,1
0,0,1,1,1.4049547531963917,1,0,0,0,0,0,0,0,1,-1.5158224083161567,-0.4076291501117436,0,0,1,0,0,1,1,0,0,0
1,0,1,0,1.3642490183577978,1,0,1,1,1,1,1,1,1,0.695859944517578,1.4462463875042597,1,0,0,0,0,1,1,0,0,0
1,0,1,1,-0.9966836022806536,1,1,0,0,0,0,0,0,0,-1.3449272227633626,-0.9208651793122522,0,0,1,0,1,0,0,0,0,1
0,0,1,1,0.1023712383613841,1,1,1,1,0,0,0,0,1,-0.18184445506910288,-0.0721893739800113,1,0,0,1,0,0,0,1,0,0
1,0,1,0,1.2014260790034217,0,0,1,1,0,1,0,0,1,-0.8737210800741047,0.019419931373242594,1,0,0,0,0,1,0,1,0,0
0,0,0,0,-1.2816237461508113,1,0,1,1,0,1,0,0,1,0.6129011165793284,-0.9737935366586923,0,1,0,1,0,0,0,0,0,1
1,0,0,0,-1.2816237461508113,1,0,0,0,0,0,0,0,1,-1.4760021709057967,-1.0014321936056723,0,0,1,1,0,0,0,0,0,1
0,0,1,1,0.346605647392948,1,0,0,0,0,0,0,0,0,-1.5141632317573919,-0.6712830579220908,0,0,1,0,0,1,1,0,0,0
1,1,1,0,1.6084834273893616,1,1,0,1,0,0,1,1,0,1.1089949076500607,2.031992729568846,0,1,0,0,0,1,1,0,0,0
1,0,0,0,-1.1188008067964355,1,1,0,0,1,0,1,0,1,0.9148712502745568,-0.8116496762850683,0,1,0,1,0,0,0,0,1,0
0,0,1,1,1.5677776925507676,1,1,1,1,1,1,1,1,0,1.6482272892486831,2.546062967636698,0,1,0,0,0,1,1,0,0,0
1,1,0,0,-1.2816237461508113,1,1,0,0,0,0,0,0,1,0.28936168762015496,-0.9780743453200593,0,1,0,1,0,0,0,0,1,0
1,0,0,0,-1.2816237461508113,1,0,0,0,0,0,0,0,1,-0.6995075414037805,-0.9911582528183913,1,0,0,1,0,0,1,0,0,0
0,0,0,1,1.2014260790034217,1,1,0,0,0,0,0,0,0,-1.2918335728828827,-0.2909277201434001,0,0,1,0,0,1,1,0,0,0
0,0,1,1,0.590840056424512,1,0,0,0,0,0,0,0,1,-1.447796169406792,-0.5530010216787811,0,0,1,0,0,1,1,0,0,0
0,1,0,0,-0.6710377235719016,1,0,0,0,0,1,1,1,1,0.9795791360663916,-0.34690752571512246,0,1,0,1,0,0,0,0,1,0
0,0,1,0,1.1607203441648277,1,1,0,0,0,1,1,1,0,1.2019087949409006,1.7924869731815947,0,1,0,0,1,0,1,0,0,0
1,0,1,0,-0.38609757970174374,1,0,0,0,0,0,0,0,0,-1.5141632317573919,-0.7969412567819099,0,0,1,0,1,0,0,1,0,0
0,0,0,0,-0.8338606629262776,1,0,0,0,1,1,0,1,1,0.8120023036311275,-0.529357786149077,0,1,0,1,0,0,0,0,1,0
1,0,1,0,-0.22327464034736777,1,1,1,0,0,1,1,1,0,0.5282831120823135,-0.042574959189323754,1,0,0,0,1,0,0,0,0,1
0,0,1,0,0.22448844287716607,1,0,0,0,0,0,0,0,1,-1.4826388771408567,-0.6526889813263069,0,0,1,0,1,0,0,1,0,0
0,0,0,0,-0.1418631706701798,1,0,0,0,0,0,0,0,0,-1.4909347599346818,-0.7472838763100527,0,0,1,0,1,0,0,0,0,1
0,0,1,0,1.2828375486806096,1,1,0,0,0,0,0,0,0,-1.3067661619117676,-0.25744960112501714,0,0,1,0,0,1,0,0,0,1
0,0,0,0,0.7536629957788878,1,0,0,0,0,0,0,0,0,-1.469365464670737,-0.5622431778143477,0,0,1,0,0,1,1,0,0,0
1,0,0,0,0.7536629957788878,1,1,1,0,0,1,0,0,0,-0.1669118660402181,0.3259038786621898,1,0,0,0,1,0,0,1,0,0
1,0,0,0,-0.22327464034736777,1,1,0,0,0,0,0,0,0,-0.5286123558509863,-0.44343427281271586,1,0,0,1,0,0,0,0,0,1
1,0,0,0,-1.1188008067964355,1,0,0,0,1,1,1,0,1,-0.0325185647802536,-0.8707467886768631,1,0,0,1,0,0,0,1,0,0
0,0,1,1,1.6084834273893616,1,1,1,1,0,0,1,0,1,1.0011484313303363,1.9941240375644456,0,1,0,0,0,1,0,0,1,0
0,0,1,0,0.7536629957788878,1,1,0,1,0,1,1,1,1,0.45527934349665417,0.7242386128186219,1,0,0,0,1,0,0,1,0,0
0,0,0,0,-0.7524491932490895,1,0,0,0,0,0,1,1,1,0.8252757161012472,-0.5146713195108488,0,1,0,1,0,0,0,0,0,1
1,0,0,0,-0.4268033145403377,1,0,1,0,0,1,0,0,0,-0.32619281568165726,-0.4602062616193024,1,0,0,1,0,0,0,0,0,1
1,0,1,1,0.346605647392948,1,1,0,0,1,1,1,1,1,1.250024915145085,0.8394911537015798,0,1,0,0,1,0,0,0,1,0
0,0,0,0,0.387311382231542,1,0,0,0,0,0,0,0,1,-1.466047111553207,-0.6396489795578352,0,0,1,0,0,1,1,0,0,0
0,0,0,0,-1.1595065416350294,1,0,0,0,0,0,0,0,1,0.1732193285066055,-0.8925898892822999,0,1,0,1,0,0,0,0,1,0
0,0,1,1,1.6084834273893616,1,1,1,1,0,1,0,0,1,0.8435266582476619,1.8712977582806076,0,1,0,0,0,1,1,0,0,0
0,0,0,1,-1.1595065416350294,1,0,0,0,0,0,0,0,1,-1.4892755833759168,-0.9728715163316286,0,0,1,1,0,0,1,0,0,0
0,1,1,0,-0.5082147842175256,1,0,0,1,0,0,0,1,1,-0.16359351292268806,-0.4574841063679717,1,0,0,1,0,0,0,0,1,0
0,0,0,0,-0.4268033145403377,1,0,0,1,1,0,1,0,0,0.010620025747636104,-0.3773781022380835,1,0,0,0,1,0,1,0,0,0
1,0,0,0,0.18378270803857208,1,1,0,1,0,1,1,1,1,1.313073624378155,0.6483475587553105,0,1,0,0,1,0,0,1,0,0
0,0,0,0,-1.2816237461508113,1,0,1,0,0,0,0,0,0,-0.5103614137045716,-0.9886556262163613,1,0,0,1,0,0,1,0,0,0
1,1,0,0,-0.5082147842175256,1,1,0,0,1,0,1,1,1,1.1156316138851208,-0.20131612549878422,0,1,0,1,0,0,0,0,1,0
0,0,1,0,-0.30468611002455576,1,0,0,0,1,0,0,0,1,0.32088604223668943,-0.22109565680079277,0,1,0,1,0,0,0,0,1,0
1,0,0,0,-1.1595065416350294,1,1,0,1,0,0,0,0,0,0.44864263726159415,-0.8655000539585722,0,1,0,1,0,0,0,0,1,0
1,0,1,1,1.6084834273893616,1,1,0,0,0,0,0,0,0,-1.3067661619117676,-0.19038359876360075,0,0,1,0,0,1,0,1,0,0
0,0,1,0,-0.019745966154397852,1,0,0,0,0,0,0,0,0,-1.5108448786398618,-0.7289093283635697,0,0,1,1,0,0,1,0,0,0
0,0,1,1,1.0793088744876398,1,0,0,0,0,0,0,0,0,-1.5075265255223318,-0.4735975092266556,0,0,1,0,0,1,0,1,0,0
0,0,0,0,0.1023712383613841,1,0,0,0,0,0,0,0,0,-1.5158224083161567,-0.7392271748807107,0,0,1,1,0,0,1,0,0,0
1,0,0,1,0.8350744654560759,1,0,1,1,0,1,0,0,0,-0.06902044907308347,0.4909455172065853,1,0,0,0,1,0,0,1,0,0
1,0,0,0,1.5677776925507676,1,1,0,1,0,0,0,0,1,0.4685527559667738,1.427454735124105,0,1,0,0,1,0,0,1,0,0
0,0,0,0,-0.8745663977648716,1,1,0,0,1,0,1,1,1,1.0924031420624107,-0.5250769774877101,0,1,0,1,0,0,1,0,0,0
0,0,1,1,0.7943687306174818,1,0,0,0,0,0,0,0,0,-1.4959122896109767,-0.5404000772089109,0,0,1,0,0,1,0,0,0,1
1,0,0,0,0.428017117070136,0,0,1,0,1,0,0,0,1,-0.986545086070124,-0.3677627473987053,1,0,0,0,1,0,0,1,0,0
0,0,1,1,-0.38609757970174374,1,1,0,0,0,0,0,0,1,-1.3051069853530026,-0.7844061709068301,0,0,1,0,0,1,0,1,0,0
0,0,1,1,-0.8745663977648716,0,0,1,0,0,0,1,1,0,-0.4771778825292717,-0.7621898715975819,1,0,0,1,0,0,0,0,1,0
1,0,0,0,-0.1825689055087738,1,1,0,1,1,0,1,1,1,1.352893861788515,0.297760305821818,0,1,0,1,0,0,0,0,1,0
0,0,1,1,1.2421318138420157,1,1,1,0,0,0,1,1,1,1.152133498177951,1.7605675075732479,0,1,0,0,1,0,0,1,0,0
1,1,0,0,-0.7931549280876836,1,0,0,1,0,0,1,0,1,-0.1669118660402181,-0.664280094009393,1,0,0,1,0,0,0,0,1,0
0,0,0,0,-0.6303319887333076,1,1,1,1,0,0,1,0,1,0.9779199595076267,-0.3002357348737571,0,1,0,1,0,0,0,0,1,0
1,0,0,0,-1.2002122764736234,1,0,1,0,0,0,0,1,1,0.7008374741938728,-0.9029077357994408,0,1,0,1,0,0,0,0,0,1
0,0,0,0,-1.1595065416350294,1,0,0,0,0,0,0,0,0,-0.6397771852882409,-0.9265290184642145,1,0,0,1,0,0,0,0,0,1
1,0,1,1,0.590840056424512,1,1,0,1,0,0,1,0,0,0.7389985350454678,0.7534798289054979,0,1,0,1,0,0,0,0,1,0
0,0,1,1,1.4863662228735797,1,0,0,1,1,1,0,0,0,-0.19345869098045787,0.8049592971665525,1,0,0,0,1,0,1,0,0,0
0,0,0,0,-1.2002122764736234,1,0,1,1,0,0,0,0,1,0.4702119325255387,-0.9021832912567479,0,1,0,1,0,0,0,0,1,0
0,0,1,1,-0.8745663977648716,1,1,0,0,0,0,0,0,0,-1.3250171040581826,-0.8783863856725334,0,0,1,0,0,1,0,0,0,1
0,1,0,0,-0.9966836022806536,1,0,0,0,1,0,1,1,1,0.9795791360663916,-0.6842132953659121,0,1,0,1,0,0,0,1,0,0
1,0,0,0,-1.1595065416350294,1,0,0,0,0,0,0,0,0,-1.5241182911099815,-0.9757692945024001,0,0,1,1,0,0,0,0,0,1
0,0,0,0,0.8350744654560759,0,0,1,1,1,1,1,0,1,-0.37596811244460704,0.253722858772063,1,0,0,0,1,0,0,0,1,0
0,0,1,1,-0.5082147842175256,1,0,0,0,0,0,0,0,0,-1.4909347599346818,-0.8270386346010594,0,0,1,1,0,0,0,0,1,0
1,1,0,0,-1.1188008067964355,0,0,0,0,1,1,1,0,0,-0.6480730680820658,-0.9161233604873532,1,0,0,1,0,0,0,1,0,0
0,0,0,0,-1.1595065416350294,1,0,0,0,0,0,0,0,1,0.16990097538907525,-0.8932265223652723,0,1,0,1,0,0,0,1,0,0
0,0,0,0,1.2014260790034217,1,0,1,0,0,1,0,1,1,0.0056424960713409395,0.6785327480341804,1,0,0,0,0,1,0,0,0,1
0,1,0,0,0.46872285190873,1,0,0,1,1,0,0,1,0,0.8037064208373025,0.7417569990328314,0,1,0,0,1,0,0,1,0,0
1,0,0,0,-1.2002122764736234,1,0,0,0,0,0,0,0,1,-1.497571466169742,-0.9848797334483863,0,0,1,1,0,0,0,0,0,1
0,0,1,1,1.6084834273893616,1,1,1,0,1,1,1,1,1,0.6394479415195682,1.618027555582192,1,0,0,0,0,1,1,0,0,0
1,0,1,1,-0.8338606629262776,1,0,0,0,0,0,0,0,0,-1.5008898192872717,-0.8969804622683173,0,0,1,0,0,1,0,0,0,1
1,0,1,1,-1.2409180113122174,1,0,1,0,0,0,1,1,0,1.067515493680936,-0.9295585138245666,0,1,0,1,0,0,0,0,1,0
1,0,1,0,0.631545791263106,1,0,0,0,0,0,0,0,0,-1.5158224083161567,-0.6349730193277267,0,0,1,0,0,1,0,0,0,1
1,0,0,0,-1.1595065416350294,1,0,0,0,0,0,1,0,1,-0.28305422515376755,-0.9072983087854583,1,0,0,1,0,0,0,0,1,0
0,0,0,0,0.06166550352279012,1,1,0,0,0,0,1,0,0,0.6776090023711627,0.2613624557677334,0,1,0,1,0,0,0,0,1,0
1,0,0,0,1.2014260790034217,1,0,1,1,0,0,1,1,1,0.3109309828840996,1.052302226333845,1,0,0,0,1,0,0,1,0,0
1,0,0,0,-1.2816237461508113,1,0,0,0,0,0,0,1,1,0.5282831120823135,-0.9749131327701268,0,1,0,1,0,0,0,0,0,1
1,0,1,0,0.8350744654560759,1,1,1,0,1,1,1,0,0,0.41379992952752936,0.8142892647618395,1,0,0,0,1,0,1,0,0,0
1,1,1,0,-0.4268033145403377,1,0,0,0,0,0,1,1,1,0.8236165395424823,-0.1591227191031566,0,1,0,1,0,0,1,0,0,0
0,0,0,0,1.6084834273893616,1,0,1,1,1,1,0,1,1,0.2677923923562099,1.3013135732358239,1,0,0,0,0,1,0,1,0,0
0,0,0,0,-1.2002122764736234,1,0,0,1,0,0,1,1,0,1.0111034906829266,-0.8817012682769765,0,1,0,1,0,0,0,0,1,0
1,0,1,1,-1.2816237461508113,1,0,0,0,0,0,0,0,0,-1.4959122896109767,-1.0016956279848332,0,0,1,0,1,0,0,1,0,0
0,0,0,1,1.4049547531963917,1,1,0,1,0,1,1,1,1,1.296481858790505,2.080135362360527,0,1,0,0,0,1,0,0,1,0
0,0,0,0,-1.1595065416350294,1,1,0,0,0,1,1,0,1,-0.017585975751368575,-0.8993294188158366,1,0,0,1,0,0,0,0,0,1
1,0,1,1,-0.2639803751859618,1,0,0,0,0,0,0,0,1,-1.4892755833759168,-0.7882918279994555,0,0,1,0,1,0,1,0,0,0
1,0,0,0,-1.2409180113122174,1,1,0,0,0,0,0,1,1,0.6991782976351079,-0.9377688853084193,0,1,0,1,0,0,0,0,1,0
0,0,0,0,-1.2409180113122174,1,0,0,0,0,0,0,0,0,-1.4925939364934466,-0.9936608794204211,0,0,1,1,0,0,0,0,0,1
1,1,0,0,-0.22327464034736777,1,1,0,1,0,1,1,1,1,1.3180511540544502,0.290954917693491,0,1,0,0,1,0,1,0,0,0
0,0,1,1,1.2828375486806096,0,0,0,1,0,1,1,1,1,-0.34278458126930716,0.4927017464009923,1,0,0,0,0,1,0,0,1,0
0,0,1,0,-0.5896262538947137,0,0,0,0,1,0,1,0,1,-0.8587884910452199,-0.7163083838936997,1,0,0,1,0,0,0,0,1,0
1,0,1,1,1.4049547531963917,1,1,1,0,1,0,1,1,1,0.49012205123071895,1.313694989056393,1,0,0,0,0,1,0,0,1,0
1,0,1,1,0.7129572609402939,1,0,1,0,0,1,1,1,0,0.3507512202944595,0.7570581458891023,1,0,0,0,1,0,0,0,1,0
0,0,1,0,0.26519417771576004,1,0,1,0,1,1,1,1,1,1.319710330613215,0.8050251557613429,0,1,0,0,1,0,0,1,0,0
1,0,0,0,-1.1595065416350294,1,0,0,0,0,0,1,1,1,0.7804779490145926,-0.8476743276353413,0,1,0,1,0,0,0,0,1,0
0,1,1,0,-0.8745663977648716,1,1,0,0,1,1,1,1,1,1.29814103534927,-0.5126736088022108,0,1,0,1,0,0,1,0,0,0
0,1,0,0,-1.2409180113122174,1,0,0,0,0,0,1,0,0,0.5498524073462585,-0.9390421514743642,0,1,0,1,0,0,0,0,0,1
0,0,0,1,-0.6710377235719016,1,0,0,0,0,0,0,0,1,-1.5141632317573919,-0.8521966178109394,0,0,1,0,1,0,1,0,0,0
0,0,0,0,0.22448844287716607,1,0,0,1,1,1,0,0,1,0.6411071180783331,0.422891635923315,0,1,0,1,0,0,0,1,0,0
0,0,1,0,1.6084834273893616,1,1,1,1,0,0,0,1,1,0.9795791360663916,2.0286119883696125,0,1,0,0,0,1,0,1,0,0
0,0,0,0,-0.5489205190561197,0,0,0,1,0,0,0,1,1,-0.8372191957812748,-0.6986582804899095,1,0,0,1,0,0,0,0,1,0
1,0,0,0,-1.2816237461508113,1,0,0,0,0,0,0,0,0,-1.4892755833759168,-1.0016078165251128,0,0,1,1,0,0,0,0,0,1
1,0,1,1,0.387311382231542,1,0,0,0,1,1,1,1,0,0.27276992203250505,0.34550778704475765,1,0,0,0,1,0,0,0,1,0
1,0,0,1,-0.9966836022806536,0,0,1,0,0,1,0,1,1,-0.6762790695810708,-0.8596166861573088,1,0,0,0,0,1,0,0,0,1
0,0,1,1,0.9571916699718578,1,0,0,0,0,0,0,0,1,-1.497571466169742,-0.5187106466579848,0,0,1,0,0,1,0,1,0,0
1,0,1,1,1.2014260790034217,1,0,1,0,1,1,0,1,0,0.21469874247573031,0.9597709006535274,1,0,0,0,1,0,0,1,0,0
1,0,0,0,-1.2409180113122174,1,0,1,0,1,0,0,0,0,-0.38094564212090193,-0.9579435681791694,1,0,0,1,0,0,0,0,1,0
1,0,1,0,0.1023712383613841,1,1,0,0,0,0,0,0,1,0.34079616094186965,0.12068849729573465,0,1,0,1,0,0,0,0,1,0
1,0,1,0,-0.10115743583158582,1,0,0,0,0,0,0,0,0,-1.497571466169742,-0.7572285241233822,0,0,1,0,1,0,0,1,0,0
0,0,1,1,1.0793088744876398,1,1,1,1,1,1,1,1,0,0.841867481688897,1.2700746464403099,1,0,0,0,0,1,0,1,0,0
0,0,1,0,1.3235432835192036,1,1,0,1,1,1,1,1,1,1.4308751600504692,2.1151940876538764,0,1,0,0,1,0,0,1,0,0
0,0,0,1,1.2014260790034217,1,1,0,0,1,0,1,1,1,1.1687252637656007,1.8055489278149965,0,1,0,0,1,0,0,0,1,0
1,0,0,0,0.30589991255435406,1,0,1,1,0,1,0,0,1,-0.10054480368961842,0.15181765976659833,1,0,0,1,0,0,0,0,0,1
1,0,0,0,-0.3453918448631497,1,1,0,1,0,0,1,1,1,1.152133498177951,0.04545602918032589,0,1,0,1,0,0,1,0,0,0
0,0,1,0,-0.7117434584104956,1,0,0,0,0,0,1,1,0,0.7705228896620027,-0.3998578359264928,0,1,0,1,0,0,0,0,1,0
1,0,1,0,0.1023712383613841,1,0,1,1,1,0,0,0,0,-0.13040998174738822,-0.07502129355599267,1,0,0,1,0,0,0,0,0,1
0,0,1,1,0.7536629957788878,1,0,1,1,1,1,1,1,0,0.6825865320474579,0.9310785061899034,1,0,0,0,0,1,0,1,0,0
1,0,0,0,-0.4675090493789317,0,0,0,1,0,1,0,0,1,-0.9599982611298843,-0.6678803638579273,1,0,0,1,0,0,0,0,0,1
0,0,0,0,1.3642490183577978,1,1,1,1,1,1,1,1,1,0.8335715988950722,1.6089829752309959,1,0,0,0,0,1,0,1,0,0
0,0,1,1,1.5677776925507676,1,0,1,0,1,1,1,1,1,0.5664441729339085,1.6238670176535952,1,0,0,0,0,1,0,1,0,0
0,0,1,1,0.9978974048104517,1,1,0,1,0,0,1,1,1,1.1836578527944854,1.4534469272013282,0,1,0,1,0,0,0,0,1,0
1,1,0,0,-1.2409180113122174,1,0,1,0,0,0,0,0,1,-0.5203164730571613,-0.9704127954594589,1,0,0,1,0,0,0,0,1,0
1,1,1,0,-1.0780950719578415,1,1,0,0,1,0,0,0,1,0.5266239355235486,-0.8097178241712207,0,1,0,1,0,0,0,0,1,0
0,0,1,1,0.5501343215859179,1,0,0,0,0,0,0,0,0,-1.5108448786398618,-0.5854693089103801,0,0,1,0,0,1,0,0,0,1
1,0,1,1,-0.30468611002455576,1,0,0,1,0,0,0,0,1,0.3507512202944595,-0.17574103785523265,0,1,0,1,0,0,0,0,1,0
1,0,0,0,-1.2409180113122174,1,0,0,0,0,0,0,0,0,-1.4892755833759168,-0.9956146843991991,0,0,1,1,0,0,0,0,0,1
0,0,1,1,-0.30468611002455576,1,1,0,0,1,0,0,1,1,0.8020472442785371,0.029452390646292403,0,1,0,1,0,0,0,0,1,0
0,0,0,0,0.18378270803857208,0,0,0,0,0,1,0,0,0,-1.205556391827103,-0.58296668230835,1,0,0,1,0,0,0,1,0,0
0,0,1,0,0.020959768684196134,1,1,0,1,1,0,1,1,1,1.309755271260625,0.486598849950428,0,1,0,1,0,0,0,0,1,0
1,0,0,0,-0.6710377235719016,1,0,0,0,0,0,0,0,0,-1.4992306427285067,-0.8855649725046719,0,0,1,0,0,1,0,0,0,1
1,0,0,0,-0.9559778674420595,1,0,0,0,0,1,1,1,1,1.0276952562705766,-0.6471129536340648,0,1,0,1,0,0,1,0,0,0
1,0,0,0,-1.2816237461508113,1,0,0,0,0,0,0,0,0,-0.6513914211995958,-0.9905216197354186,1,0,0,1,0,0,0,0,1,0
0,0,0,1,-1.1595065416350294,1,0,0,0,0,0,0,0,0,-1.477661347464562,-0.9689200006442129,0,0,1,1,0,0,0,1,0,0
1,0,1,0,0.1023712383613841,1,1,0,0,0,1,1,0,1,0.881687719099257,0.4105321729676759,0,1,0,1,0,0,0,1,0,0
0,0,0,0,0.18378270803857208,1,0,0,0,0,0,0,0,1,-1.497571466169742,-0.7052441399689358,0,0,1,0,1,0,0,0,1,0
0,1,0,0,0.9571916699718578,1,1,1,1,1,0,1,1,0,1.512174811429954,1.6851813694033286,0,1,0,0,1,0,0,0,1,0
1,0,0,0,-0.22327464034736777,1,0,0,0,0,0,0,0,1,-1.5108448786398618,-0.8083347936806251,0,0,1,1,0,0,0,1,0,0
1,0,1,0,0.22448844287716607,1,0,0,0,0,0,0,0,0,-1.477661347464562,-0.6839718138516812,0,0,1,0,0,1,1,0,0,0
0,0,1,1,-0.6710377235719016,0,0,0,0,0,0,0,1,1,-0.9765900267175343,-0.767743946424894,1,0,0,1,0,0,0,1,0,0
0,0,1,1,1.3235432835192036,1,1,0,1,1,0,1,1,1,1.3462571555534548,2.056689702615194,0,1,0,1,0,0,0,0,1,0
0,0,0,0,-0.7524491932490895,1,0,0,0,0,1,0,1,0,-0.19345869098045787,-0.67108548213772,1,0,0,0,1,0,0,1,0,0
1,1,0,0,-1.1188008067964355,1,0,0,0,0,0,1,1,1,0.8153206567486573,-0.8006732438200247,0,1,0,1,0,0,0,0,1,0
1,0,1,0,1.6084834273893616,1,1,0,1,1,0,1,1,1,1.3728039804936945,2.311211218614625,0,1,0,0,0,1,1,0,0,0
0,0,0,0,-1.1595065416350294,1,1,0,0,0,0,0,0,0,-0.4722003528529765,-0.9162111719470736,1,0,0,1,0,0,0,0,1,0
1,1,0,0,-0.5082147842175256,1,0,1,0,0,1,0,0,0,-0.3626946999744871,-0.5468103137684964,1,0,0,0,1,0,0,0,0,1
0,0,1,1,0.9978974048104517,1,0,0,0,0,0,0,0,1,-1.4876164068171518,-0.532848291672961,0,0,1,0,0,1,1,0,0,0
1,0,1,1,1.3235432835192036,1,1,1,1,1,1,0,0,0,0.9828974891839214,1.6585086385132726,0,1,0,0,0,1,0,1,0,0
0,0,0,0,-1.1595065416350294,1,1,0,0,0,0,1,0,1,0.6875640617237531,-0.8691881352668268,0,1,0,1,0,0,0,0,1,0
0,0,0,0,-0.019745966154397852,1,0,0,0,0,0,0,0,0,-1.4992306427285067,-0.7363733024397993,0,0,1,0,1,0,1,0,0,0
1,0,1,1,0.5094285867473239,1,0,0,0,0,0,0,0,0,-1.5174815848749215,-0.6136348346156818,0,0,1,0,0,1,0,0,1,0
1,0,0,0,-0.4268033145403377,1,1,0,0,0,0,0,1,0,0.6012868806679732,-0.22041511798796007,0,1,0,1,0,0,0,0,1,0
1,0,1,0,0.06166550352279012,1,1,0,1,0,0,0,1,0,0.7937513614847123,0.3068707447678042,0,1,0,1,0,0,0,0,0,1
1,0,0,0,0.590840056424512,1,0,1,1,1,1,1,1,1,0.7307026522516428,0.8068033378206797,1,0,0,0,1,0,1,0,0,0
1,0,0,0,-0.5896262538947137,1,0,0,0,0,0,0,0,0,-1.4892755833759168,-0.8397932491254402,0,0,1,0,0,1,0,1,0,0
0,0,0,1,-1.2816237461508113,1,0,0,0,0,0,0,1,1,0.4868036981131887,-0.975461954393379,0,1,0,1,0,0,0,0,1,0
1,1,0,0,-1.0780950719578415,1,0,0,0,0,0,0,0,0,-0.6713015399047756,-0.8890115722986955,1,0,0,1,0,0,0,1,0,0
0,0,0,0,0.14307697319997809,0,0,0,1,0,1,0,0,1,-0.998159321981479,-0.4540375065739479,1,0,0,1,0,0,1,0,0,0
1,0,1,1,0.1023712383613841,1,1,0,0,0,1,1,1,1,0.2827249813850949,0.15796446194702274,1,0,0,0,1,0,1,0,0,0
1,1,0,0,-0.30468611002455576,1,1,0,1,0,0,1,0,1,0.7970697146022425,-0.004442832805762342,0,1,0,1,0,0,0,0,1,0
1,0,0,0,-1.1188008067964355,1,0,0,1,0,0,0,0,1,-0.45063105758903166,-0.8952461859388403,1,0,0,1,0,0,0,0,1,0
0,0,0,0,-1.1595065416350294,0,0,1,0,1,1,0,1,0,-0.5535000042324613,-0.921611576719875,1,0,0,1,0,0,0,0,0,1
0,0,0,0,0.590840056424512,1,0,1,1,0,1,0,0,1,-0.20009539721551794,0.22467921846955785,1,0,0,0,1,0,0,0,0,1
1,0,1,0,0.7943687306174818,0,0,1,0,0,0,0,1,1,-0.8305824895462149,-0.12312002061781359,1,0,0,1,0,0,0,0,1,0
0,0,1,1,-1.1595065416350294,1,0,0,0,0,0,0,0,0,-1.462728758435677,-0.982794211280028,0,0,1,1,0,0,0,0,0,1
0,1,1,1,1.4456604880349857,0,0,0,1,1,0,1,1,1,-0.395878231149787,0.5948923326505482,1,0,0,0,0,1,0,0,1,0
1,1,0,0,-0.4675090493789317,1,0,0,0,0,0,0,0,0,-1.4743429943470319,-0.8218138527476987,0,0,1,0,1,0,1,0,0,0
0,0,1,1,1.2828375486806096,1,1,1,0,0,1,1,1,1,1.309755271260625,1.9407566229194038,0,1,0,0,1,0,1,0,0,0
0,0,0,0,-1.2816237461508113,1,0,0,0,0,0,1,0,1,0.5083729933771337,-0.9751765671492878,0,1,0,1,0,0,0,0,1,0
1,1,0,0,-1.2409180113122174,1,0,1,0,1,0,1,0,0,0.04878108659923111,-0.9688980477792828,1,0,0,1,0,0,1,0,0,0
0,0,1,1,0.9164859351332638,1,1,1,1,0,0,0,0,1,0.6693131195773377,1.0096697626396156,0,1,0,1,0,0,0,0,1,0
1,0,1,1,1.6084834273893616,1,1,1,0,1,0,1,1,0,1.3379612727596297,2.3307053626725422,0,1,0,0,0,1,1,0,0,0
0,0,0,0,-1.2816237461508113,0,0,0,0,0,0,0,0,0,-1.3449272227633626,-0.9996979172761952,1,0,0,1,0,0,0,0,0,1
0,0,0,0,-0.8338606629262776,1,1,0,0,1,0,1,1,1,1.1687252637656007,-0.49921650260006745,0,1,0,1,0,0,1,0,0,0
0,0,1,0,1.0793088744876398,1,1,0,1,0,0,1,1,0,1.2002496183821352,1.6414512624625948,0,1,0,1,0,0,0,0,1,0
1,0,1,0,1.2421318138420157,1,1,0,1,1,0,1,1,1,1.2765717400853254,1.8886844273052368,0,1,0,1,0,0,0,0,1,0
1,0,1,1,-0.9152721326034655,1,1,0,0,0,0,0,0,1,-1.3449272227633626,-0.8989342672470949,0,0,1,1,0,0,0,0,0,1
0,0,1,1,-0.3453918448631497,1,1,0,0,0,0,0,0,0,-1.3349721634107725,-0.7593799048865307,0,0,1,0,0,1,0,0,0,1
1,0,1,1,1.3235432835192036,1,1,0,0,1,1,1,1,1,1.2998002119080347,1.9312949381345361,0,1,0,0,0,1,1,0,0,0
0,0,0,0,-0.5082147842175256,1,1,0,1,0,1,0,1,1,0.1317399145374807,-0.40874874622317814,1,0,0,1,0,0,0,1,0,0
0,0,1,0,0.631545791263106,1,1,1,0,0,1,0,0,1,-0.14368339421750811,0.30028488528877806,1,0,0,0,1,0,1,0,0,0
1,0,0,0,1.2014260790034217,1,0,0,1,1,1,1,1,1,0.5133505230534289,1.1765993475679983,1,0,0,1,0,0,1,0,0,0
0,1,0,0,-1.0780950719578415,1,0,0,0,0,0,0,0,0,-1.5075265255223318,-0.9635195958714114,0,0,1,1,0,0,1,0,0,0
1,1,0,0,-0.3453918448631497,1,1,0,1,0,0,0,0,0,-0.33614787503424737,-0.443456225677646,1,0,0,1,0,0,0,1,0,0
0,0,1,0,0.06166550352279012,1,1,1,0,0,1,0,0,1,-0.13538751142368316,-0.13071571188362383,1,0,0,1,0,0,1,0,0,0
1,0,0,0,0.5501343215859179,0,0,0,0,1,1,0,0,0,-1.0363203828330738,-0.33520664870738603,1,0,0,0,1,0,0,1,0,0
1,0,0,0,-0.2639803751859618,1,0,0,0,0,0,0,0,0,-0.6464138915233006,-0.4689874075913373,1,0,0,1,0,0,0,0,1,0
0,0,1,1,-0.5489205190561197,0,0,0,0,0,0,0,0,1,-1.3299946337344775,-0.8195088019300395,1,0,0,1,0,0,0,0,0,1
1,0,0,0,-0.3453918448631497,1,1,0,0,0,1,0,0,0,-0.34278458126930716,-0.46499198617406146,1,0,0,0,1,0,1,0,0,0
0,1,0,0,0.9978974048104517,1,1,1,0,1,1,0,1,0,1.2068863246171952,1.527164647636561,0,1,0,0,0,1,0,1,0,0
0,0,0,0,1.4456604880349857,1,0,0,0,0,0,0,0,0,-1.5042081724048018,-0.3774439608328737,0,0,1,0,0,1,0,1,0,0
1,0,1,0,-0.8338606629262776,1,0,0,0,1,1,1,1,1,0.30595345320780487,-0.6848938341787448,1,0,0,1,0,0,0,0,1,0
0,0,0,1,-0.8338606629262776,1,1,0,0,0,0,0,0,1,0.3872531045872891,-0.6183327477107206,0,1,0,1,0,0,0,0,1,0
0,0,1,1,0.30589991255435406,0,0,0,1,0,0,1,1,1,-0.46722282317668157,-0.11624877389469636,1,0,0,1,0,0,0,0,1,0
1,1,1,0,-0.38609757970174374,1,1,0,0,0,0,0,1,0,0.7257251225753476,-0.14289955191982223,0,1,0,1,0,0,0,0,1,0
0,0,0,0,-1.1595065416350294,1,0,0,0,0,0,0,0,0,0.1815152113004305,-0.8870358144549877,0,1,0,1,0,0,0,0,1,0
0,0,1,1,1.4049547531963917,1,0,0,1,0,0,0,0,0,-0.4771778825292717,0.4963239691144567,1,0,0,0,1,0,0,1,0,0
0,0,1,0,0.1023712383613841,1,0,1,0,0,0,1,0,1,-0.09224892089579345,-0.037701423174844435,1,0,0,0,1,0,1,0,0,0
1,1,1,0,-0.9152721326034655,1,1,0,0,0,0,0,1,1,0.7207475928990529,-0.6342924805148938,0,1,0,1,0,0,0,0,1,0
1,0,1,1,-1.0780950719578415,1,0,0,0,0,0,0,0,1,-1.477661347464562,-0.9631683500325302,0,0,1,0,0,1,0,1,0,0
1,0,1,0,-0.9152721326034655,1,1,0,0,0,0,0,1,1,0.6742906492536329,-0.6348852078680063,0,1,0,1,0,0,0,0,1,0
1,0,0,0,-0.6303319887333076,1,1,0,0,1,1,0,1,1,1.0193993734767515,-0.29035694565521786,0,1,0,1,0,0,1,0,0,0
1,0,0,0,1.3235432835192036,1,1,1,0,0,1,0,1,0,0.9497139580086216,1.6543375941765561,0,1,0,0,1,0,0,0,1,0
0,1,0,0,-1.2409180113122174,1,1,0,1,0,0,0,1,0,0.8153206567486573,-0.9395031616378962,0,1,0,1,0,0,0,0,1,0
1,1,0,0,0.6722515261016999,1,1,0,0,0,0,1,1,1,1.0376503156231662,1.0611711837656002,0,1,0,1,0,0,0,0,1,0
0,0,0,0,0.7536629957788878,1,1,1,1,1,0,1,1,0,1.4109650413452897,1.4838296922645686,0,1,0,0,1,0,1,0,0,0
1,0,1,1,1.6084834273893616,1,1,0,1,1,1,1,1,1,1.5702459909867288,2.5203342099386354,0,1,0,0,0,1,1,0,0,0
1,0,0,0,0.46872285190873,1,0,0,0,0,0,0,0,0,0.13008073797871536,0.2887376783355521,0,1,0,1,0,0,0,1,0,0
0,0,0,0,0.387311382231542,1,0,0,0,1,1,0,1,0,0.052099439716760905,0.20259463634989006,1,0,0,0,0,1,0,1,0,0
0,0,0,0,-1.2409180113122174,0,0,0,0,0,0,0,0,0,-1.3416088696458326,-0.9900386567069568,1,0,0,1,0,0,0,0,1,0
0,0,1,0,-0.1825689055087738,1,0,1,0,0,0,1,1,1,0.9098937205982617,0.13241132716840134,0,1,0,1,0,0,0,0,0,1
0,0,1,1,0.06166550352279012,0,0,1,0,1,1,1,1,0,-0.12211409895356326,-0.13528190778908192,1,0,0,0,1,0,0,0,0,1
1,0,1,0,-0.06045170099299184,1,1,0,0,1,1,1,1,1,0.4768486387605988,0.08020741436465395,1,0,0,0,1,0,0,0,0,1
0,0,0,0,-1.2816237461508113,1,0,0,0,0,0,0,0,0,-1.5075265255223318,-1.0018492980393439,0,0,1,1,0,0,0,0,0,1
0,0,1,0,-0.4268033145403377,1,0,0,0,0,0,0,0,1,0.14335415044883548,-0.32811587333496783,0,1,0,1,0,0,0,0,1,0
1,0,0,0,-1.2409180113122174,1,1,0,0,0,0,0,0,1,0.38393475146975936,-0.9390860572042246,0,1,0,1,0,0,0,0,1,0
1,0,1,0,1.6084834273893616,1,1,0,1,1,1,1,1,1,1.5154931645474838,2.485451107564727,0,1,0,0,0,1,0,1,0,0
1,0,1,1,-0.9966836022806536,1,0,0,0,1,0,0,0,1,-0.46058611694162177,-0.828180183577424,1,0,0,1,0,0,0,0,1,0
0,0,1,1,1.6084834273893616,0,0,1,1,1,1,1,1,0,-0.015926799192603674,0.9776405327066183,1,0,0,0,0,1,1,0,0,0
1,0,0,1,-0.6303319887333076,1,0,1,0,0,0,0,0,1,-0.48547376532309666,-0.6386171949061211,1,0,0,1,0,0,0,0,0,1
0,0,1,0,1.6084834273893616,1,1,1,1,1,1,0,0,1,1.064197140563406,2.1087399453644307,0,1,0,0,0,1,1,0,0,0
0,0,0,0,1.3642490183577978,0,0,1,1,1,1,0,0,1,-0.5817060057314661,0.38458388662031284,1,0,0,0,0,1,0,0,0,1
1,0,0,0,0.1023712383613841,1,1,0,0,0,0,0,0,0,0.3457736906181643,0.1469660766170492,0,1,0,1,0,0,0,1,0,0
1,0,0,0,-1.1595065416350294,1,0,1,0,1,0,0,0,0,-0.2714399892424126,-0.9027760186098602,1,0,0,1,0,0,0,0,1,0
0,0,1,1,1.6084834273893616,1,0,0,0,0,0,0,0,0,-1.5008898192872717,-0.40459965475139165,0,0,1,0,0,1,0,1,0,0
0,0,0,0,1.3235432835192036,1,0,1,1,1,1,1,1,1,0.6610172367835129,1.386490689164562,1,0,0,0,0,1,1,0,0,0
0,0,1,1,1.4863662228735797,1,0,0,0,0,0,0,0,0,-1.4842980536996218,-0.39017662249232427,0,0,1,0,0,1,1,0,0,0
0,0,1,0,1.3235432835192036,1,0,1,1,1,0,0,1,0,0.2014253300056102,0.915382207764891,1,0,0,0,0,1,1,0,0,0
0,0,1,1,0.22448844287716607,1,0,1,1,0,1,1,1,0,0.5100321699358986,0.3325116910061461,1,0,0,0,1,0,0,1,0,0
1,0,1,0,-0.3453918448631497,1,1,0,0,0,0,1,1,1,0.9314630158622067,-0.02338815524042743,0,1,0,1,0,0,0,0,1,0
1,0,0,0,-1.1188008067964355,1,1,0,1,1,0,1,1,0,1.3396204493183947,-0.7686659667519576,0,1,0,1,0,0,0,0,1,0
1,0,1,1,-0.3453918448631497,1,1,1,0,0,0,0,0,0,-0.3378070515930122,-0.4228863912381542,1,0,0,1,0,0,0,0,1,0
0,0,0,0,-1.2816237461508113,0,0,0,0,0,0,0,0,0,-1.3167212212643575,-0.9993247185723837,1,0,0,1,0,0,0,0,1,0
1,0,0,0,1.1607203441648277,1,1,1,1,1,0,1,1,1,1.4209201006978793,1.8530768803886353,0,1,0,0,1,0,0,0,1,0
1,0,1,1,1.5270719577121736,1,1,0,1,1,1,1,1,1,0.697519121076343,1.5939672156188163,1,0,0,0,0,1,0,1,0,0
0,0,0,0,-1.2816237461508113,0,0,0,0,0,0,0,0,1,-1.3216987509406526,-0.999390577167174,1,0,0,1,0,0,0,0,0,1
1,1,0,1,-1.0373893371192475,1,0,0,0,0,0,0,0,1,-0.6364588321707109,-0.8592873931833575,1,0,0,1,0,0,0,0,0,1
1,0,1,1,-1.2816237461508113,1,0,0,0,0,0,0,0,0,-1.4925939364934466,-1.001651722254973,0,0,1,1,0,0,1,0,0,0
0,0,1,1,0.5094285867473239,1,1,1,1,1,1,1,0,0,0.5432157011111984,0.5443348847165573,1,0,0,1,0,0,0,0,0,1
0,0,0,0,-0.9152721326034655,1,0,0,0,0,1,0,1,1,-0.13206915830615312,-0.7340023930273499,1,0,0,1,0,0,0,0,0,1
1,0,1,1,-0.1418631706701798,1,0,0,0,0,0,0,0,1,0.19312944721178524,-0.14336056208335404,0,1,0,1,0,0,0,0,1,0
0,0,0,0,1.0386031396490458,1,0,1,1,1,1,0,0,1,-0.0009942101637186523,0.6560091086159109,1,0,0,0,0,1,0,1,0,0
0,1,1,0,1.4049547531963917,1,0,0,0,0,0,0,0,1,-1.4892755833759168,-0.4558595943631452,0,0,1,0,0,1,1,0,0,0
0,0,0,1,-0.7524491932490895,1,1,1,0,0,1,0,0,1,0.6991782976351079,-0.4993262669247179,0,1,0,1,0,0,0,0,0,1
0,0,1,0,0.5094285867473239,1,1,0,0,0,0,0,0,0,-1.3084253384705327,-0.5182057307645929,0,0,1,0,0,1,0,0,0,1
1,1,1,0,1.4049547531963917,1,0,1,1,0,1,0,0,1,-0.13206915830615312,0.7982417204979456,1,0,0,0,1,0,1,0,0,0
0,1,1,1,-0.06045170099299184,1,0,0,0,1,1,1,1,1,1.127245849796476,0.26781659805717917,0,1,0,1,0,0,0,0,1,0
1,1,0,0,-1.2409180113122174,1,1,0,0,0,0,1,1,1,0.9646465470375066,-0.930634204206141,0,1,0,1,0,0,0,0,1,0
0,0,1,0,0.18378270803857208,1,0,0,0,0,0,0,0,1,-1.4959122896109767,-0.6953873036153265,0,0,1,0,1,0,1,0,0,0
1,0,0,0,1.3235432835192036,1,1,0,1,1,1,0,1,1,0.3076126297665698,1.0995447916633925,1,0,0,0,0,1,0,1,0,0
0,0,0,0,-1.2409180113122174,1,1,0,0,0,0,1,1,1,1.0028076078891015,-0.9239605332673944,0,1,0,1,0,0,0,0,1,0
0,0,0,1,-1.2002122764736234,0,0,0,1,0,0,0,0,0,-1.1707136840930383,-0.9708738056229906,1,0,0,1,0,0,0,0,0,1
1,0,1,1,1.6084834273893616,1,1,1,1,1,1,1,0,1,0.5282831120823135,1.50426780951448,1,0,0,0,0,1,1,0,0,0
1,0,1,0,0.14307697319997809,1,0,0,0,0,0,0,0,0,-1.462728758435677,-0.6942677075038921,0,0,1,0,1,0,1,0,0,0
0,0,1,0,1.6084834273893616,1,1,1,1,0,1,1,1,1,0.712451710105228,1.649815304000958,1,0,0,0,0,1,1,0,0,0
1,0,0,0,-0.5489205190561197,0,0,0,0,1,0,1,0,1,-0.8388783723400399,-0.6884282454324889,1,0,0,1,0,0,0,0,1,0
1,1,0,0,-0.30468611002455576,1,1,0,1,1,0,1,1,0,1.3611897445823398,0.15539597675020259,0,1,0,1,0,0,0,0,0,1
0,0,0,0,-1.0780950719578415,1,0,0,0,0,0,0,0,0,-1.4677062881119718,-0.9609072049447311,0,0,1,1,0,0,0,0,0,1
1,0,0,0,-1.2816237461508113,1,0,0,0,0,0,0,0,0,-1.5025489958460367,-1.0017834394445535,0,0,1,1,0,0,0,0,0,1
0,0,1,1,1.0793088744876398,1,1,0,0,1,1,1,0,1,0.23792721429843983,0.8313685936774475,1,0,0,0,0,1,1,0,0,0
0,1,0,0,-1.2002122764736234,1,1,0,1,0,0,0,0,1,0.48016699187812906,-0.9203822162837901,0,1,0,1,0,0,0,0,1,0
0,0,0,0,-0.9152721326034655,1,1,0,0,0,0,0,0,1,0.35904710308828447,-0.6691316771589423,0,1,0,1,0,0,0,0,0,1
1,1,0,0,-0.7931549280876836,1,0,0,0,0,0,1,1,1,0.8485041879239571,-0.4830372411465931,0,1,0,1,0,0,0,0,1,0
1,0,0,0,-0.4268033145403377,1,1,1,1,0,0,0,0,0,-0.1967770440979879,-0.45952572280646975,1,0,0,1,0,0,0,0,1,0
1,0,1,0,1.6084834273893616,1,1,1,1,0,1,1,1,1,1.4607403381082393,2.447165311126655,0,1,0,0,0,1,0,1,0,0
0,0,0,0,1.3642490183577978,0,0,1,1,1,1,1,1,1,-0.08063468498443846,0.8057056945741753,1,0,0,0,0,1,1,0,0,0
1,0,1,0,-1.1188008067964355,1,0,0,0,1,0,1,1,1,0.9795791360663916,-0.7917164749285492,0,1,0,1,0,0,0,0,1,0
1,0,1,1,1.6084834273893616,1,1,1,1,1,1,1,1,1,1.6299763471022684,2.6290228442074977,0,1,0,0,0,1,0,1,0,0
1,0,1,1,-1.0373893371192475,1,0,0,0,1,0,0,0,0,-0.5385674152035762,-0.8610216695128344,1,0,0,1,0,0,0,0,1,0
1,1,1,0,1.4049547531963917,1,1,0,1,0,1,1,1,0,1.2599799744976754,2.0584678846745312,0,1,0,0,0,1,1,0,0,0
0,0,0,0,-1.2816237461508113,1,0,0,0,0,0,0,0,0,0.1582867394777205,-0.9798086216495363,0,1,0,1,0,0,1,0,0,0
0,0,0,0,0.46872285190873,0,0,0,0,1,0,1,1,1,-0.5269531792922214,-0.01594613402912795,1,0,0,0,1,0,0,0,1,0
1,0,1,0,1.6084834273893616,1,0,0,0,0,0,0,0,0,-1.5008898192872717,-0.38611534248025814,0,0,1,0,0,1,0,1,0,0
0,1,1,1,0.9978974048104517,1,0,0,1,1,1,1,0,1,1.0077851375653963,1.4340186417382008,0,1,0,1,0,0,0,1,0,0
0,0,1,1,-1.1188008067964355,1,0,0,0,0,0,0,0,0,-0.6679831867872458,-0.9136207338853234,1,0,0,1,0,0,0,0,0,1
0,0,1,0,-1.1595065416350294,1,0,0,0,0,0,0,0,0,-1.4859572302583868,-0.9702810782698783,0,0,1,1,0,0,0,0,1,0
0,0,0,0,1.3235432835192036,1,1,0,1,0,1,1,1,1,1.3313245665245697,1.9507012707327331,0,1,0,0,1,0,1,0,0,0
1,1,0,0,-0.5489205190561197,1,0,0,0,1,0,1,1,1,1.0276952562705766,-0.22981094417803732,0,1,0,1,0,0,0,1,0,0
1,0,1,1,-1.0373893371192475,1,0,0,0,0,0,0,0,0,-0.6696423633460107,-0.8639194476836058,1,0,0,1,0,0,0,0,1,0
1,0,0,0,0.631545791263106,1,0,0,0,0,0,0,0,0,-1.4959122896109767,-0.6082344298428803,0,0,1,0,0,1,0,1,0,0
0,0,1,0,-0.5489205190561197,1,0,1,0,0,0,0,0,1,0.27442909859126996,-0.3776854423471047,0,1,0,1,0,0,0,0,1,0
1,1,0,1,-1.2816237461508113,1,0,0,0,1,0,0,0,1,-0.49045129499939155,-0.9883921918372003,1,0,0,1,0,0,0,0,0,1
1,0,1,1,-0.5489205190561197,1,1,0,0,0,0,0,0,0,-0.49211047155815646,-0.61067119785012,1,0,0,1,0,0,0,1,0,0
1,0,0,0,0.7536629957788878,1,0,0,1,1,0,1,1,1,1.1305642029140057,1.201625613588298,0,1,0,1,0,0,0,0,1,0
0,0,0,0,-0.8338606629262776,1,1,0,1,0,0,1,0,1,0.8236165395424823,-0.5483470143136024,0,1,0,1,0,0,1,0,0,0
1,0,0,0,0.346605647392948,1,0,0,0,0,0,0,0,0,-1.4859572302583868,-0.6581332918289686,0,0,1,0,0,1,0,0,0,1
0,0,1,0,0.8350744654560759,1,0,0,0,0,1,1,1,1,0.9463956048910918,1.1287640548853386,0,1,0,0,1,0,0,0,1,0
0,0,0,0,-1.2816237461508113,1,0,0,0,0,0,0,0,1,-0.6646648336697157,-0.9906972426548594,1,0,0,1,0,0,1,0,0,0
1,1,1,0,-0.7524491932490895,1,1,0,0,0,0,0,0,1,0.3374778078243394,-0.5654922018240006,0,1,0,1,0,0,0,0,1,0
1,1,1,0,1.5270719577121736,1,1,1,1,1,1,1,1,1,0.7837963021321224,1.7585039382698198,1,0,0,0,0,1,0,1,0,0
1,0,0,1,-0.06045170099299184,1,1,0,1,0,1,1,1,1,0.48182616843689396,0.12573765622965472,1,0,0,0,1,0,0,0,0,1
1,0,0,0,1.4456604880349857,1,1,1,1,1,1,1,1,1,1.734504470304463,2.5178315833366054,0,1,0,0,1,0,0,1,0,0
1,0,1,1,0.6722515261016999,1,1,0,0,0,0,1,0,0,0.6494030008721581,0.8577120315935522,0,1,0,1,0,0,0,0,1,0
0,0,1,1,0.5501343215859179,1,0,0,0,0,0,0,0,1,-1.4925939364934466,-0.6033608938284011,0,0,1,0,0,1,0,0,0,1
0,0,1,0,-0.4675090493789317,1,0,0,0,1,1,0,0,0,0.473530285643069,-0.2453755254134692,0,1,0,0,1,0,0,0,1,0
0,1,1,0,1.6084834273893616,1,1,1,1,1,1,0,1,0,0.44864263726159415,1.4844224196176812,1,0,0,0,0,1,1,0,0,0
1,1,0,0,0.5094285867473239,1,1,0,0,0,0,1,1,1,0.9613281939199768,0.8337395030898969,0,1,0,1,0,0,1,0,0,0
1,1,1,0,1.4456604880349857,1,1,0,1,1,0,1,1,1,1.3396204493183947,2.1945536943761415,0,1,0,1,0,0,0,0,1,0
0,0,1,0,1.5270719577121736,1,1,1,0,1,1,0,0,0,0.012279202306401001,1.0793920616575725,1,0,0,0,0,1,0,1,0,0
1,0,0,0,-0.38609757970174374,1,0,1,0,1,0,1,1,1,1.1620885575305409,-0.0037622939929295596,0,1,0,0,1,0,0,1,0,0
0,0,0,1,-1.1595065416350294,1,1,0,0,1,1,0,0,1,0.7356801819279375,-0.8604948007545123,0,1,0,1,0,0,0,0,0,1
0,1,0,0,-1.2816237461508113,1,0,0,0,0,0,0,0,1,0.17487850506537042,-0.9795890930002354,0,1,0,1,0,0,0,0,1,0
0,0,1,1,0.18378270803857208,1,1,0,0,0,0,1,1,1,1.0061259610066313,0.44469083079889166,0,1,0,1,0,0,0,0,1,0
0,0,0,0,0.18378270803857208,1,1,0,1,1,0,1,1,1,1.2267964433223755,0.5462008782356147,0,1,0,1,0,0,1,0,0,0
1,0,0,0,1.6084834273893616,1,1,1,1,1,1,1,1,0,0.7837963021321224,1.7830252883967272,1,0,0,0,0,1,0,1,0,0
1,0,0,0,0.46872285190873,0,0,1,0,1,0,1,1,1,-0.3626946999744871,0.06099865755082766,1,0,0,0,1,0,0,0,1,0
1,0,0,1,-0.10115743583158582,1,0,0,1,1,0,1,0,0,-0.014267622633838777,-0.1630522819256422,1,0,0,0,1,0,0,1,0,0
1,0,1,1,0.8757802002946699,1,1,0,1,0,1,1,1,1,1.336302096200865,1.464928275559764,0,1,0,0,1,0,0,0,1,0
1,0,0,0,-1.1595065416350294,1,0,0,0,0,0,0,0,1,0.17487850506537042,-0.9059372311597929,0,1,0,1,0,0,0,0,1,0
1,0,1,1,-1.1188008067964355,1,1,0,1,0,0,0,0,1,0.505054640259604,-0.8413738554004063,0,1,0,1,0,0,0,0,1,0
1,0,0,0,0.1023712383613841,1,0,0,0,0,0,0,0,1,-1.4842980536996218,-0.7099201001990443,0,0,1,0,0,1,0,0,0,1
1,0,1,0,0.7943687306174818,1,1,0,1,0,1,0,0,0,-0.11879574583603324,0.3812031454210795,1,0,0,1,0,0,1,0,0,0
0,0,0,0,1.6084834273893616,1,0,1,1,1,1,1,1,1,1.4922646927247742,2.3370497406373376,0,1,0,0,0,1,0,0,1,0
0,0,1,0,0.7129572609402939,1,1,1,1,0,1,1,1,1,1.4839688099309494,1.3630450294192291,0,1,0,1,0,0,1,0,0,0
0,0,0,0,-0.6710377235719016,1,0,0,0,0,0,0,0,0,-1.5125040551986266,-0.8806475307603324,0,0,1,0,1,0,0,1,0,0
1,1,0,0,0.1023712383613841,1,1,0,0,0,0,1,1,1,1.0127626672416914,0.5148960928453106,0,1,0,1,0,0,0,0,1,0
1,0,0,0,1.5677776925507676,1,1,0,0,1,1,0,0,1,0.712451710105228,1.6994507316078853,0,1,0,0,0,1,0,1,0,0
1,0,1,0,1.0793088744876398,1,1,1,1,1,0,1,1,1,1.5005605755185993,1.8206524988868966,0,1,0,0,1,0,0,0,1,0
0,1,1,0,1.5270719577121736,1,1,0,1,0,1,1,1,1,1.31141444781939,2.2163748421166485,0,1,0,0,0,1,1,0,0,0
1,0,0,0,-1.2816237461508113,1,0,0,0,0,1,0,0,1,0.3109309828840996,-0.9777889580759681,0,1,0,1,0,0,0,0,0,1
0,1,1,0,0.9164859351332638,1,1,0,0,0,0,0,0,0,-0.4406759982364418,0.2358751795839023,1,0,0,1,0,0,1,0,0,0
0,0,1,1,1.5270719577121736,1,1,1,1,1,1,1,1,1,1.6349538767785634,2.3808237533079315,0,1,0,0,0,1,1,0,0,0
1,0,0,0,-1.0373893371192475,1,0,0,0,0,0,0,0,0,0.14003579733130567,-0.7958655664003356,0,1,0,1,0,0,1,0,0,0
0,1,1,0,0.7129572609402939,1,1,0,0,0,1,1,1,1,1.1853170293532507,1.2681867000563223,0,1,0,0,1,0,0,0,1,0
0,0,1,1,1.2828375486806096,1,0,0,0,0,0,0,0,0,-1.4842980536996218,-0.4494054520736996,0,0,1,0,0,1,0,0,0,1
1,1,0,0,-0.9966836022806536,1,0,0,0,0,0,0,0,1,0.16658262227154547,-0.7633533734388764,0,1,0,1,0,0,0,1,0,0
1,1,1,0,1.1607203441648277,1,1,0,1,0,0,0,0,1,0.5714217026102036,1.1430992756846856,0,1,0,1,0,0,0,0,1,0
0,0,0,1,-1.2816237461508113,1,0,0,0,0,0,0,0,1,0.1566275629189556,-0.9798305745144662,0,1,0,1,0,0,0,0,1,0
0,0,0,1,-0.38609757970174374,1,0,0,0,0,1,0,0,1,-0.5136797668221014,-0.5189521281722158,1,0,0,0,1,0,0,0,1,0
0,0,1,1,-0.8745663977648716,1,1,0,0,0,1,0,1,1,0.047121910040465745,-0.6851572685579059,1,0,0,1,0,0,0,0,1,0
1,1,1,1,-0.3453918448631497,1,1,1,0,0,0,0,0,1,0.4950995809070136,-0.19475221888468813,0,1,0,1,0,0,0,0,1,0
1,0,1,1,0.020959768684196134,1,0,0,0,0,0,0,0,0,-1.4710246412295018,-0.7073516150022241,0,0,1,0,1,0,0,0,0,1
0,1,1,0,0.8350744654560759,1,1,0,0,0,0,0,0,0,-1.3216987509406526,-0.4503494252656933,0,0,1,0,0,1,0,1,0,0
1,0,1,1,-0.38609757970174374,1,0,0,0,0,0,0,0,0,-1.461069581876912,-0.811078901796886,0,0,1,0,0,1,0,0,0,1
0,0,0,0,-0.7524491932490895,1,0,0,1,0,0,0,1,1,0.7091333569876977,-0.49190619857834833,0,1,0,1,0,0,0,0,1,0
1,0,1,0,1.5270719577121736,1,0,1,1,0,1,0,0,0,0.6527213539896879,1.494937841919193,0,1,0,0,0,1,1,0,0,0
0,0,1,0,-0.4268033145403377,1,1,1,0,0,1,1,1,1,0.473530285643069,-0.24524380822388867,1,0,0,1,0,0,0,0,1,0
1,0,0,0,-0.7117434584104956,1,0,0,0,0,0,0,0,0,-1.4992306427285067,-0.8736006611177745,0,0,1,1,0,0,0,0,0,1
0,0,1,0,1.3235432835192036,1,1,0,1,1,1,1,1,1,1.4176017475803497,2.0993660720392837,0,1,0,0,0,1,1,0,0,0
1,0,1,0,1.6084834273893616,1,1,0,1,1,1,1,1,1,0.680927355488693,1.723818411680282,1,0,0,0,0,1,0,1,0,0
0,0,1,0,1.2421318138420157,1,1,0,1,1,0,1,1,1,1.4126242179040545,2.007559190901659,0,1,0,0,1,0,0,0,1,0
0,1,0,0,-1.1188008067964355,1,0,0,0,0,0,0,0,1,0.1367174442137754,-0.8705711657574223,0,1,0,1,0,0,0,0,0,1
0,0,0,0,0.1023712383613841,1,1,1,1,1,1,1,1,1,1.6017703456032637,0.7080813042300779,0,1,0,0,0,1,0,0,0,1
1,0,1,0,-0.8745663977648716,1,1,0,0,0,0,0,0,1,0.33250027814804467,-0.6478813039066178,0,1,0,1,0,0,0,0,1,0
0,1,0,0,-1.1188008067964355,0,0,0,0,0,0,1,1,0,-0.6381180087294758,-0.9234775702389325,1,0,0,1,0,0,0,0,1,0
0,0,0,0,-0.06045170099299184,1,0,0,1,1,1,1,1,0,0.473530285643069,0.08600297070619689,1,0,0,0,0,1,0,0,0,1
1,0,0,0,-1.2816237461508113,1,0,0,0,0,1,0,0,0,-0.4539494107065617,-0.9879092288087384,1,0,0,1,0,0,0,0,0,1
0,0,1,1,-0.019745966154397852,1,0,1,1,1,1,0,1,0,0.2877025110613896,0.006818986903372427,1,0,0,0,0,1,0,0,0,1
1,0,0,0,-0.8745663977648716,1,0,0,1,0,0,1,0,1,-0.12211409895356326,-0.6899210402477348,1,0,0,0,1,0,0,0,1,0
0,1,0,0,0.6722515261016999,1,1,0,0,1,0,0,1,1,0.8601184238353119,0.9723059865286073,0,1,0,1,0,0,0,1,0,0
1,0,1,0,1.4049547531963917,1,1,0,1,0,0,1,0,1,0.7788187724558276,1.5353750191204136,0,1,0,0,1,0,1,0,0,0
0,0,1,1,1.5270719577121736,1,1,1,1,1,1,0,0,0,0.9613281939199768,1.8781690050037252,0,1,0,0,0,1,1,0,0,0
0,0,0,0,-1.2816237461508113,1,0,0,0,0,0,0,0,1,-1.5042081724048018,-1.0018053923094836,0,0,1,1,0,0,0,0,0,1
1,1,1,0,-0.9559778674420595,1,0,0,0,0,0,0,0,1,-1.449455345965557,-0.920601744933091,0,0,1,1,0,0,0,0,0,1
1,0,0,0,-0.4675090493789317,1,0,0,0,0,0,0,0,0,-1.4743429943470319,-0.8335366826203653,0,0,1,1,0,0,0,1,0,0
0,0,0,1,-0.1825689055087738,1,0,0,0,0,0,0,0,0,-1.4826388771408567,-0.7753615905556343,0,0,1,1,0,0,0,0,0,1
1,0,1,1,1.4049547531963917,1,1,0,1,1,0,1,1,1,1.342938802435925,2.058358120349881,0,1,0,0,1,0,0,0,1,0
1,0,0,0,-0.7117434584104956,1,1,1,0,0,0,1,0,1,0.7572494771918825,-0.4650139390389915,0,1,0,1,0,0,1,0,0,0
0,0,1,1,-1.1188008067964355,1,0,0,1,0,0,0,1,1,0.6195378228143881,-0.8329439552672528,0,1,0,1,0,0,0,0,1,0
0,0,0,0,-0.30468611002455576,1,1,1,1,1,1,1,0,1,0.44532428414406383,-0.20346750626193272,1,0,0,1,0,0,1,0,0,0
0,0,0,0,-1.1595065416350294,1,0,0,0,0,0,0,0,0,-1.4760021709057967,-0.9740350181729234,0,0,1,1,0,0,0,1,0,0
0,0,0,0,-1.0373893371192475,1,0,0,0,0,1,1,1,1,0.19312944721178524,-0.8124838851524117,1,0,0,1,0,0,0,1,0,0
0,0,0,0,-1.2816237461508113,1,0,0,0,0,0,0,0,0,-0.634799655611946,-0.9903020910861178,1,0,0,1,0,0,0,0,1,0
0,0,1,1,1.0386031396490458,1,0,0,0,0,0,0,0,1,-1.4959122896109767,-0.5016093648774469,0,0,1,0,0,1,0,0,0,1
0,0,0,0,-0.5896262538947137,1,0,0,0,0,0,0,0,1,0.1616050925952503,-0.47403656652525733,0,1,0,1,0,0,0,0,1,0
0,1,1,0,1.1200146093262338,1,1,0,1,0,0,0,1,0,0.8136614801898924,1.3142218578147153,0,1,0,1,0,0,0,0,1,0
0,0,1,0,-0.7524491932490895,1,0,0,0,0,0,0,0,0,-1.477661347464562,-0.8820305612509278,0,0,1,0,0,1,0,0,0,1
0,0,0,0,0.387311382231542,1,0,0,1,0,0,0,0,1,-0.5103614137045716,-0.09807180173258422,1,0,0,1,0,0,0,0,1,0
1,0,0,0,-1.2816237461508113,0,0,0,0,0,0,0,1,0,-0.9633166142474143,-0.9946487583422751,1,0,0,1,0,0,0,0,1,0
0,0,1,1,1.2828375486806096,0,0,0,1,1,1,0,1,0,-0.5004063543519814,0.39911668320403054,1,0,0,0,0,1,0,0,1,0
0,0,0,0,0.8350744654560759,1,1,0,1,1,0,1,1,0,1.3479163321122196,1.4844224196176812,0,1,0,0,0,1,0,0,1,0
0,1,0,0,-1.2816237461508113,1,0,0,0,0,0,0,0,1,0.15496838636019022,-0.9798525273793964,0,1,0,1,0,0,0,0,1,0
0,0,1,1,0.5094285867473239,1,1,1,1,0,0,1,1,1,1.3346429196421,1.0667252585929121,0,1,0,1,0,0,0,0,1,0
1,1,1,0,-0.10115743583158582,1,1,1,1,1,1,1,0,1,1.352893861788515,0.38658159732895087,0,1,0,1,0,0,1,0,0,0
0,0,0,0,-0.6303319887333076,1,0,0,0,0,0,0,0,0,0.18483356441796028,-0.4986457281118852,0,1,0,1,0,0,1,0,0,0
0,1,0,0,-0.06045170099299184,1,1,0,0,0,0,0,0,1,0.29765757041397994,-0.03695502576722135,0,1,0,1,0,0,0,0,1,0
1,0,0,0,0.26519417771576004,1,1,0,0,0,0,0,0,1,0.27276992203250505,0.1885887085244944,0,1,0,1,0,0,0,1,0,0
0,0,1,1,1.0793088744876398,1,1,0,1,0,1,0,1,1,1.0525829046520514,1.4398800566745344,0,1,0,1,0,0,1,0,0,0
0,0,0,0,-0.9152721326034655,1,1,0,1,1,0,0,1,1,0.9928525485365113,-0.5917917340102451,0,1,0,1,0,0,0,0,1,0
1,0,0,0,-1.2002122764736234,1,0,0,0,0,0,0,1,1,0.5116913464946635,-0.8989781729769551,0,1,0,1,0,0,0,0,1,0
0,1,0,0,0.428017117070136,1,1,0,1,0,0,1,0,1,0.8402083051301322,0.6750202896453664,0,1,0,1,0,0,0,0,1,0
1,0,0,0,-1.2002122764736234,1,0,0,1,0,0,0,1,0,0.642766294637098,-0.9072104973257378,0,1,0,1,0,0,0,0,1,0
1,0,1,1,-0.4675090493789317,1,1,0,1,1,0,1,1,0,1.309755271260625,-0.06294721784444471,0,1,0,1,0,0,0,0,1,0
1,1,1,0,0.020959768684196134,0,0,0,1,1,1,1,0,1,-0.4954288246756865,-0.2416874441052146,1,0,0,1,0,0,0,0,1,0
1,0,1,0,-0.9559778674420595,0,0,0,0,0,0,0,0,0,-1.3548822821159523,-0.8963438291853447,1,0,0,0,1,0,1,0,0,0
0,0,0,0,-1.2409180113122174,1,0,0,0,1,0,0,1,0,-0.13538751142368316,-0.9614999322978435,1,0,0,1,0,0,0,0,1,0
1,0,0,0,-1.0373893371192475,0,0,0,0,1,1,0,0,1,-0.9765900267175343,-0.9008441664960125,1,0,0,0,1,0,0,1,0,0
0,0,1,1,-1.1188008067964355,0,0,0,0,0,0,0,0,0,-1.3233579274994176,-0.9553092243875589,1,0,0,1,0,0,0,0,0,1
1,0,1,1,-1.2409180113122174,1,0,0,0,0,0,0,0,0,0.16658262227154547,-0.9472305700932868,0,1,0,1,0,0,0,0,0,1
1,0,0,0,-0.6303319887333076,1,0,0,0,0,0,0,0,1,0.19478862377055015,-0.48046875594977295,0,1,0,1,0,0,0,0,1,0
0,1,0,0,1.1200146093262338,1,1,1,0,0,0,1,1,1,1.2102046777347255,1.7014703951814534,0,1,0,0,1,0,1,0,0,0
0,0,0,1,0.46872285190873,1,0,0,0,0,0,0,0,0,-1.4942531130522119,-0.629265274445904,0,0,1,0,0,1,0,0,0,1
1,0,0,0,1.6084834273893616,1,1,1,1,0,1,1,1,0,0.7008374741938728,1.759886968760415,1,0,0,0,0,1,0,1,0,0
1,0,1,0,1.4863662228735797,1,1,0,1,0,1,1,0,1,0.9132120737157919,1.8261407151194184,0,1,0,0,0,1,0,0,0,1
1,0,0,0,-1.2409180113122174,1,0,0,0,0,0,0,0,0,-0.6729607164635407,-0.9775255236968071,1,0,0,1,0,0,0,0,0,1
0,0,0,0,-1.2816237461508113,1,1,0,0,0,0,1,0,1,0.6527213539896879,-0.9732666679003703,0,1,0,1,0,0,0,0,1,0
1,0,1,0,0.9978974048104517,1,1,0,0,1,1,1,1,0,1.4275568069329394,1.610695298695543,0,1,0,0,0,1,0,0,1,0
0,0,0,0,-0.5489205190561197,1,0,0,1,0,0,1,0,0,-0.2233238690382277,-0.5514862739986051,1,0,0,0,1,0,0,0,1,0
0,0,1,1,0.346605647392948,1,1,1,1,0,0,1,0,1,0.9746016063900964,0.6991025824736721,0,1,0,1,0,0,1,0,0,0
1,0,1,1,1.4049547531963917,1,1,0,1,1,1,1,1,1,1.535403283252664,2.2960417889479348,0,1,0,0,0,1,1,0,0,0
0,0,1,0,-1.1188008067964355,1,0,1,0,1,0,0,1,1,0.7954105380434776,-0.8110130432020958,0,1,0,1,0,0,0,0,0,1
0,1,1,0,-0.7117434584104956,1,1,0,0,1,1,0,0,1,0.6012868806679732,-0.4579451165315035,0,1,0,1,0,0,0,0,1,0
0,0,0,0,1.5677776925507676,1,1,1,1,1,1,1,1,1,1.7826205905086479,2.711741239264066,0,1,0,0,0,1,0,0,1,0
1,0,1,0,-1.2002122764736234,1,0,0,0,0,0,0,0,1,-1.472683817788267,-0.9879531345385986,0,0,1,1,0,0,0,1,0,0
0,0,1,1,1.5677776925507676,1,1,0,0,0,0,0,0,0,-1.3349721634107725,-0.21547572337869045,0,0,1,0,0,1,1,0,0,0
0,1,1,0,1.5270719577121736,1,1,1,1,1,1,1,1,1,0.904916190921967,1.8322436115699825,1,0,0,0,0,1,1,0,0,0
1,0,0,0,-1.1595065416350294,0,0,1,1,0,1,0,0,0,-0.7476236616079653,-0.9461329268467824,1,0,0,1,0,0,0,0,0,1
1,1,0,0,-1.1188008067964355,1,0,0,1,0,0,0,1,1,0.6842457086062228,-0.8310560088832654,0,1,0,1,0,0,0,0,1,0
0,0,1,0,1.1607203441648277,1,0,0,0,0,0,0,0,0,-1.4826388771408567,-0.44894444191016775,0,0,1,0,0,1,0,1,0,0
1,0,0,1,-1.2002122764736234,1,1,0,0,0,0,0,0,1,-1.2785601604127628,-0.9571752179066163,0,0,1,0,0,1,0,0,0,1
0,0,1,1,-1.2002122764736234,1,0,0,0,0,0,0,0,0,-0.6845749523748957,-0.9513577087001432,1,0,0,1,0,0,0,0,0,1
0,0,1,1,0.06166550352279012,1,1,0,0,1,0,1,0,0,0.7472944178392927,0.25150561941412436,0,1,0,1,0,0,0,0,1,0
1,0,1,0,1.5677776925507676,1,1,0,1,1,0,1,1,1,1.352893861788515,2.2702910783849424,0,1,0,0,1,0,1,0,0,0
0,0,1,1,-0.38609757970174374,1,1,1,1,1,1,1,1,1,0.8684143066291369,-0.04523125584586418,1,0,0,0,0,1,0,1,0,0
0,0,0,0,0.14307697319997809,1,0,0,0,0,0,0,0,0,-1.5058673489635668,-0.7378660972550453,0,0,1,0,1,0,0,0,0,1
1,0,1,0,-0.7117434584104956,1,0,0,0,0,0,0,0,1,0.12178485518489039,-0.5236719941321846,0,1,0,1,0,0,1,0,0,0
1,0,1,0,-0.8745663977648716,1,0,0,0,0,0,1,0,1,-0.3278519922404224,-0.7433982192174272,1,0,0,1,0,0,1,0,0,0
0,1,0,0,-0.7117434584104956,1,0,0,1,0,0,0,0,1,0.3441145140593994,-0.5066146180815068,0,1,0,1,0,0,0,1,0,0
0,0,0,0,1.2014260790034217,0,0,0,1,1,0,0,1,1,-0.7078034241976054,0.19642588130453548,1,0,0,0,0,1,0,1,0,0
1,0,0,0,-1.0373893371192475,1,1,0,0,0,0,1,1,0,0.9978300782128064,-0.7226088561286347,0,1,0,1,0,0,0,0,0,1
0,0,1,1,-1.0780950719578415,1,1,0,0,0,1,0,0,1,0.5166688761709587,-0.7896309527601909,0,1,0,1,0,0,0,0,1,0
0,0,0,0,-0.1418631706701798,1,1,0,0,0,0,0,0,0,-1.3200395743818876,-0.7021926917436536,0,0,1,1,0,0,0,0,1,0
1,0,1,1,1.6084834273893616,1,1,0,1,0,0,1,0,1,0.8219573629837174,1.8825156722598824,0,1,0,0,1,0,0,0,1,0
0,0,0,0,1.4863662228735797,1,1,1,0,1,1,1,1,1,0.6776090023711627,1.5788855974118463,1,0,0,0,0,1,0,1,0,0
1,0,0,0,-0.7117434584104956,1,0,0,0,1,1,1,1,1,1.2085455011759603,-0.3281378261998979,0,1,0,1,0,0,0,0,1,0
0,0,1,1,-0.6710377235719016,1,0,0,0,0,0,0,0,0,-1.5008898192872717,-0.8780131869687219,0,0,1,0,0,1,0,0,0,1
0,1,1,1,0.590840056424512,1,0,0,0,0,0,0,0,0,0.18649274097672516,0.4425394500357431,0,1,0,1,0,0,1,0,0,0
0,0,1,1,0.631545791263106,1,0,1,0,1,1,1,0,0,0.1582867394777205,0.31714468555508507,1,0,0,0,1,0,1,0,0,0
0,0,1,1,1.6084834273893616,1,0,1,1,1,0,0,1,0,0.12676238486118555,1.1357889716629663,1,0,0,0,0,1,0,1,0,0
1,0,0,0,-0.4675090493789317,1,1,0,0,0,0,0,0,1,0.29102086417891987,-0.3260523040315396,0,1,0,1,0,0,0,0,1,0
0,0,1,0,1.6084834273893616,1,1,0,1,1,1,1,1,1,1.5005605755185993,2.501520604693551,0,1,0,0,0,1,0,0,1,0
1,0,1,1,-1.0373893371192475,1,0,1,0,0,0,1,1,0,0.1582867394777205,-0.7837914906887876,1,0,0,1,0,0,0,1,0,0
0,1,0,0,-0.22327464034736777,1,1,0,0,0,0,0,1,1,0.6742906492536329,-0.006177109135239151,0,1,0,1,0,0,0,0,1,0
1,0,1,0,-1.1595065416350294,1,1,0,0,0,0,0,0,1,0.32254521879545484,-0.8780790455635121,0,1,0,1,0,0,0,0,1,0
0,0,0,0,-1.1595065416350294,1,0,0,0,0,0,0,0,1,-0.6281629493768859,-0.9254094223527802,1,0,0,1,0,0,0,0,0,1
0,0,1,1,-0.2639803751859618,1,0,0,0,0,0,1,1,1,0.858459247276547,0.026554612475520933,0,1,0,1,0,0,0,0,1,0
1,0,0,0,0.387311382231542,1,1,0,0,1,0,0,0,0,0.49675875746577897,0.4443615378249403,0,1,0,1,0,0,0,0,1,0
1,0,1,1,1.4863662228735797,1,1,0,1,1,1,1,1,1,0.5647849963751436,1.44892463702573,1,0,0,0,0,1,1,0,0,0
0,0,0,1,0.6722515261016999,1,0,0,0,0,0,0,0,0,-1.4760021709057967,-0.5605308543498009,0,0,1,0,0,1,0,1,0,0
0,0,0,0,-1.2816237461508113,1,0,0,1,0,0,0,0,0,0.3607062796470494,-0.9771303721280655,0,1,0,1,0,0,0,0,1,0
0,0,0,0,0.22448844287716607,1,1,0,1,0,1,0,1,0,0.10685226615600583,0.1558569869137345,1,0,0,1,0,0,0,1,0,0
0,0,0,0,0.18378270803857208,1,1,0,0,1,0,1,1,1,1.1654069106480704,0.6626388738247974,0,1,0,1,0,0,0,0,1,0
1,0,1,0,-0.7524491932490895,1,0,0,1,1,1,1,1,0,0.5647849963751436,-0.491554952739467,1,0,0,0,0,1,0,0,0,1
1,1,0,0,-1.2816237461508113,1,0,0,0,0,0,1,0,1,0.4702119325255387,-0.9756814830426799,0,1,0,1,0,0,0,0,1,0
0,0,0,0,-0.9559778674420595,1,0,0,0,0,0,0,0,1,-1.5075265255223318,-0.9318855175071559,0,0,1,1,0,0,0,0,1,0
1,0,0,0,-0.3453918448631497,1,0,1,0,0,0,0,0,1,-0.45726776382409173,-0.4503055195358331,1,0,0,1,0,0,0,0,1,0
0,0,1,1,-0.9966836022806536,1,1,0,1,0,0,0,0,0,-0.3046235204177124,-0.8142401143468186,1,0,0,1,0,0,0,0,1,0
0,0,0,0,-1.2816237461508113,1,1,0,0,0,0,0,1,0,0.6925415914000478,-0.972739799142048,0,1,0,1,0,0,0,0,0,1
0,0,1,0,1.6084834273893616,1,1,1,1,1,1,1,0,0,0.473530285643069,1.3613327059546823,1,0,0,0,0,1,0,1,0,0
0,0,1,0,1.6084834273893616,1,1,1,0,1,0,1,1,1,1.3462571555534548,2.301837345289478,0,1,0,0,0,1,0,0,1,0
0,0,1,1,-0.6303319887333076,1,0,1,0,0,1,0,0,1,-0.3178969328878323,-0.6062586719991725,1,0,0,1,0,0,0,1,0,0
0,0,0,0,1.4456604880349857,0,0,1,1,1,1,1,1,0,-0.019245152310133944,0.9827335973703988,1,0,0,0,0,1,0,1,0,0
0,0,1,0,0.631545791263106,1,0,0,1,1,0,0,1,1,0.02389343821775623,0.34831775375580887,1,0,0,0,1,0,0,0,1,0
0,0,1,1,-1.0373893371192475,1,0,1,1,1,1,1,0,1,0.35738792652951956,-0.7671512190717816,1,0,0,1,0,0,0,0,1,0
1,0,0,0,0.5501343215859179,0,0,1,0,0,0,0,0,1,-1.1342117998002084,-0.35652288055450065,1,0,0,0,1,0,1,0,0,0
1,0,1,1,0.7129572609402939,1,1,0,1,0,1,1,1,0,1.2865267994379153,1.2160705987122955,0,1,0,1,0,0,0,0,1,0
0,0,1,0,-0.38609757970174374,1,0,0,0,1,1,0,0,0,-0.3543988171806622,-0.47408047225511757,1,0,0,1,0,0,0,0,1,0
0,0,1,1,-0.7931549280876836,1,0,0,0,0,0,0,0,1,-1.4760021709057967,-0.8986708328679339,0,0,1,1,0,0,0,0,0,1
0,0,0,1,-0.5896262538947137,1,1,0,0,0,0,0,0,0,-1.3150620447055927,-0.8107935145527949,0,0,1,0,0,1,0,1,0,0
0,0,0,0,1.2828375486806096,1,1,0,0,0,0,0,0,1,-1.3449272227633626,-0.3073923688409655,0,0,1,0,1,0,1,0,0,0
1,0,0,0,1.3642490183577978,1,1,0,1,0,0,0,1,0,0.8120023036311275,1.6137906526506849,0,1,0,1,0,0,0,1,0,0
0,0,1,1,-0.9559778674420595,1,0,1,0,0,0,0,0,0,-0.5418857683211062,-0.8249970181625613,1,0,0,0,1,0,0,0,0,1
0,1,0,0,-0.4675090493789317,1,1,0,0,0,0,1,1,1,0.9729424298313315,-0.14382157224688585,0,1,0,1,0,0,0,0,1,0
1,0,0,1,0.30589991255435406,1,0,0,0,0,0,0,0,1,-1.477661347464562,-0.6350608307874469,0,0,1,0,1,0,1,0,0,0
1,0,1,1,-1.0373893371192475,0,0,1,0,1,1,0,1,0,-0.5070430605870415,-0.8762569577743149,1,0,0,0,0,1,0,1,0,0
0,0,0,0,0.9571916699718578,1,1,1,1,0,0,1,1,1,1.3827590398462843,1.5773708497316703,0,1,0,1,0,0,0,1,0,0
0,0,1,1,-0.4268033145403377,1,0,0,0,0,0,0,0,0,-1.466047111553207,-0.811803346339579,0,0,1,0,1,0,1,0,0,0
0,0,0,0,-1.1595065416350294,1,0,0,0,0,0,0,0,1,0.1981069768880804,-0.8905482728438017,0,1,0,1,0,0,1,0,0,0
0,1,1,0,-1.2816237461508113,1,1,0,0,0,0,0,0,1,0.31590851256039476,-0.977723099481178,0,1,0,1,0,0,0,0,1,0
1,0,0,0,-0.019745966154397852,1,0,0,0,0,0,1,1,0,0.866755130070372,0.2503421175728297,0,1,0,1,0,0,0,0,1,0
1,0,0,1,-0.2639803751859618,0,0,0,1,0,0,1,0,1,-0.8289233129874498,-0.5609260059185425,1,0,0,0,1,0,1,0,0,0
1,0,1,1,-0.5896262538947137,0,0,0,1,1,0,1,0,0,-0.614889536906766,-0.653720765978021,1,0,0,0,1,0,0,1,0,0
1,0,1,1,0.1023712383613841,1,1,0,1,1,1,1,1,1,1.4939238692835393,0.6502794108691582,0,1,0,1,0,0,0,0,1,0
0,0,1,1,1.6084834273893616,1,1,1,1,1,1,1,0,0,0.5067138168183688,1.4984503003080067,1,0,0,0,0,1,1,0,0,0
0,0,1,1,0.7943687306174818,1,1,1,1,1,0,0,1,0,1.102358201415001,1.1819777994758698,0,1,0,1,0,0,1,0,0,0
0,1,1,0,-1.0373893371192475,1,1,0,0,0,0,0,1,1,0.651062177430923,-0.7264067017615398,0,1,0,1,0,0,0,0,1,0
0,0,0,0,0.14307697319997809,1,1,0,1,1,0,1,1,1,1.3230286837307448,0.6959633227886696,0,1,0,0,1,0,1,0,0,0
0,0,0,0,-1.2409180113122174,1,0,0,0,0,0,0,0,0,-1.5141632317573919,-0.9909167713041603,0,0,1,1,0,0,0,0,0,1
1,0,0,0,-1.0373893371192475,0,0,1,0,1,0,0,0,0,-0.9832267329525943,-0.894148542692336,1,0,0,0,1,0,0,0,0,1
1,0,1,0,-0.7117434584104956,1,0,0,0,0,0,0,0,1,-1.5091857020810966,-0.8607582351336734,0,0,1,1,0,0,0,1,0,0
1,0,0,0,-1.2409180113122174,1,1,0,1,0,0,0,0,1,0.48182616843689396,-0.9466817484700346,0,1,0,1,0,0,0,0,1,0
0,0,1,0,1.5677776925507676,0,0,1,1,1,1,0,0,1,-0.5750692994964061,0.4726368278548927,1,0,0,0,0,1,1,0,0,0
1,0,1,1,-0.22327464034736777,1,1,0,0,0,0,0,0,1,0.35904710308828447,-0.16346938635931388,0,1,0,1,0,0,1,0,0,0
1,0,1,1,0.46872285190873,1,0,0,1,0,1,0,0,1,-0.33282952191671733,0.10879004450362743,1,0,0,1,0,0,1,0,0,0
0,0,1,0,0.5501343215859179,1,0,1,1,0,1,0,1,0,0.18815191753549007,0.40820516928508677,1,0,0,0,1,0,0,0,0,1
0,0,0,1,-0.06045170099299184,1,0,0,0,0,0,0,0,0,-1.4876164068171518,-0.7516964021610002,0,0,1,0,1,0,0,1,0,0
1,0,0,0,1.4863662228735797,1,1,1,1,1,1,0,1,1,0.4536201669378888,1.341377551733233,1,0,0,0,1,0,0,1,0,0
1,0,1,1,-0.30468611002455576,1,1,0,0,0,0,1,0,0,-0.15197927701133307,-0.39368908088113824,1,0,0,1,0,0,0,0,1,0
1,0,1,1,-0.30468611002455576,1,0,0,0,0,0,0,0,1,-1.5191407614336867,-0.8007171495498849,0,0,1,1,0,0,0,0,0,1
0,0,1,1,1.5270719577121736,1,1,1,1,1,1,1,1,1,1.5967928159269684,2.4445529201999747,0,1,0,0,0,1,0,1,0,0
1,0,1,0,1.6084834273893616,1,0,0,0,0,0,0,0,0,-1.4677062881119718,-0.3552935201184158,0,0,1,0,0,1,1,0,0,0
1,0,0,0,-1.2409180113122174,1,0,0,0,0,0,0,0,0,-0.6829157758161306,-0.9747375098506861,1,0,0,1,0,0,0,0,1,0
0,0,0,0,-1.1595065416350294,0,0,1,1,0,0,0,0,1,-1.037979559391839,-0.9498868667498274,1,0,0,1,0,0,0,0,1,0
0,0,0,1,1.3642490183577978,1,1,1,0,1,1,0,0,1,0.8634367769528422,1.5932208182111933,0,1,0,0,0,1,0,1,0,0
1,0,0,0,-1.1188008067964355,1,0,0,1,0,1,0,1,1,0.02223426165899086,-0.8611753395673449,1,0,0,1,0,0,1,0,0,0
1,0,0,0,-1.2816237461508113,1,0,0,1,0,0,0,0,0,-0.4688819997354467,-0.9881068045931091,1,0,0,1,0,0,0,0,1,0
1,0,1,0,-1.2816237461508113,1,0,1,0,0,0,1,1,1,0.9978300782128064,-0.968700471994912,0,1,0,1,0,0,0,0,1,0
0,0,0,0,-1.2816237461508113,1,0,0,0,0,0,0,0,1,-1.4842980536996218,-1.0015419579303226,0,0,1,1,0,0,0,0,0,1
1,1,1,0,1.5270719577121736,1,1,0,1,1,0,1,1,1,1.3230286837307448,2.198636927253138,0,1,0,0,1,0,0,0,1,0
0,0,1,0,1.0793088744876398,1,0,0,1,0,1,1,1,1,1.1654069106480704,1.6392340231046563,0,1,0,0,0,1,0,0,0,1
0,0,0,0,-0.8338606629262776,1,0,0,0,0,0,0,0,1,-1.5125040551986266,-0.9141036969137852,0,0,1,0,1,0,1,0,0,0
1,0,0,0,-1.2409180113122174,1,0,0,0,0,0,0,0,0,-1.5108448786398618,-0.9881946160528295,0,0,1,1,0,0,0,0,0,1
1,0,1,1,0.346605647392948,1,0,0,0,0,0,0,0,1,-1.4909347599346818,-0.6241283040522635,0,0,1,0,0,1,0,0,0,1
0,0,0,0,0.22448844287716607,1,1,0,0,1,1,1,1,1,1.2848676228791502,0.7407691201109775,0,1,0,1,0,0,0,0,1,0
0,0,1,0,1.2828375486806096,1,1,1,1,1,1,1,1,1,1.6615007017188033,2.23692272369121,0,1,0,0,1,0,0,0,1,0
1,0,1,0,-1.2816237461508113,1,1,0,0,0,0,0,0,1,0.32088604223668943,-0.9776572408863877,0,1,0,1,0,0,1,0,0,0
1,0,0,0,-1.1188008067964355,1,0,0,0,1,0,1,1,0,1.0476053749757561,-0.7941532429357888,0,1,0,1,0,0,1,0,0,0
0,0,0,0,-1.2816237461508113,0,0,0,0,0,0,0,0,0,-1.3167212212643575,-0.9993247185723837,1,0,0,1,0,0,1,0,0,0
1,0,0,1,0.46872285190873,1,0,0,0,0,0,0,0,0,-1.5058673489635668,-0.6504058833735779,0,0,1,0,0,1,1,0,0,0
1,0,1,1,-1.2816237461508113,1,0,0,0,0,0,1,1,0,0.8037064208373025,-0.9712689571917322,0,1,0,1,0,0,0,0,0,1
1,0,1,1,-0.10115743583158582,1,1,1,1,0,0,1,0,1,0.9779199595076267,0.2359410381786924,0,1,0,1,0,0,0,0,1,0
1,0,0,0,0.346605647392948,1,0,0,1,0,1,1,1,1,1.152133498177951,0.842564554791792,0,1,0,0,0,1,0,1,0,0
1,0,1,0,0.8350744654560759,1,0,0,0,0,0,0,0,0,-1.4942531130522119,-0.523035361049212,0,0,1,0,0,1,0,1,0,0
1,1,1,0,1.6084834273893616,1,1,1,1,1,1,1,1,1,1.6449089361311533,2.6477925437227223,0,1,0,0,0,1,0,0,0,1
1,1,0,0,-1.0373893371192475,1,1,0,0,0,0,1,0,1,0.659358060224748,-0.7702685258918539,0,1,0,1,0,0,0,0,1,0
1,0,0,0,0.7129572609402939,1,1,0,0,1,1,0,1,0,0.15165003324266044,0.490374742718403,1,0,0,0,0,1,1,0,0,0
1,0,0,0,-1.2816237461508113,1,0,0,0,0,0,0,0,0,-0.6414363618470058,-0.9903899025458383,1,0,0,1,0,0,0,0,0,1
0,0,0,0,-0.06045170099299184,1,0,0,0,0,0,0,0,0,-1.461069581876912,-0.7077467665709657,0,0,1,0,0,1,0,1,0,0
1,0,0,0,0.30589991255435406,1,1,0,0,1,1,1,1,0,1.3230286837307448,0.8037518895953977,0,1,0,1,0,0,1,0,0,0
0,0,0,0,-1.2816237461508113,1,0,0,0,0,0,0,0,1,-1.4826388771408567,-1.0015200050653925,0,0,1,1,0,0,0,0,0,1
0,1,1,0,1.1200146093262338,0,0,0,1,0,0,1,1,1,-0.5136797668221014,0.2661701331874226,1,0,0,0,0,1,0,1,0,0
0,0,1,1,-0.6303319887333076,1,1,0,0,1,1,0,0,1,-0.09888562713085328,-0.5403122657491906,1,0,0,0,1,0,0,0,0,1
1,1,1,0,1.6084834273893616,1,1,1,1,1,0,1,1,0,0.6477438243133932,1.5799612877934208,1,0,0,0,0,1,0,1,0,0
0,1,0,0,-0.2639803751859618,1,1,0,1,0,0,1,0,1,0.8037064208373025,-0.01039205920181585,0,1,0,1,0,0,0,0,1,0
1,0,0,0,-1.2816237461508113,1,0,0,0,0,0,1,1,1,0.850163364482722,-0.9706542769736898,0,1,0,1,0,0,0,0,1,0
0,0,0,0,-1.0373893371192475,1,1,0,0,0,1,1,1,1,0.32254521879545484,-0.781618157060709,1,0,0,1,0,0,0,0,1,0
1,0,0,0,-1.2816237461508113,1,1,0,0,0,0,0,0,1,0.3490920437356946,-0.9772840421825763,0,1,0,1,0,0,0,0,1,0
1,0,1,1,1.2828375486806096,1,1,0,0,1,0,0,1,0,0.8402083051301322,1.4611084770619285,0,1,0,0,1,0,0,1,0,0
1,0,1,1,0.020959768684196134,1,0,0,1,1,1,1,1,0,0.5697625260514383,0.1324991386281216,1,0,0,0,0,1,0,1,0,0
0,0,0,0,1.4456604880349857,1,0,0,0,0,0,0,0,0,-1.4892755833759168,-0.4014823479313192,0,0,1,0,0,1,1,0,0,0
0,0,1,1,0.06166550352279012,1,0,0,0,0,0,0,0,0,-1.469365464670737,-0.6958702666437884,0,0,1,1,0,0,0,0,0,1
1,0,0,0,-1.2002122764736234,1,0,0,0,0,0,0,0,1,-1.5025489958460367,-0.9804013490026486,0,0,1,1,0,0,0,0,0,1
0,0,0,0,-1.0373893371192475,1,0,0,0,0,0,0,0,0,-1.4826388771408567,-0.9537066652476625,0,0,1,0,1,0,0,0,0,1
0,0,0,0,-1.0780950719578415,1,0,0,0,1,1,0,1,1,0.8070247739548323,-0.7965680580780984,0,1,0,1,0,0,0,0,1,0
1,0,0,1,-0.8338606629262776,1,0,1,0,0,0,1,1,1,0.16326426915401518,-0.6427004277831173,1,0,0,1,0,0,0,0,0,1
0,0,1,1,1.0793088744876398,1,0,0,1,0,1,1,1,1,0.36568380932334454,0.9839410049415536,1,0,0,0,0,1,0,1,0,0
1,0,1,0,-0.8338606629262776,1,0,1,0,0,1,0,0,0,0.5282831120823135,-0.6299897189885968,0,1,0,1,0,0,1,0,0,0
1,1,0,0,0.7943687306174818,0,0,1,0,0,0,1,1,1,-0.5352490620860464,0.11140243543030794,1,0,0,1,0,0,0,1,0,0
0,0,1,1,-0.019745966154397852,1,1,0,0,1,0,0,1,1,0.866755130070372,0.2867838733567744,0,1,0,1,0,0,1,0,0,0
0,1,1,0,1.4049547531963917,1,1,1,0,1,0,1,1,1,1.3976916288751695,2.1255558399008776,0,1,0,0,1,0,0,1,0,0
1,0,0,0,0.7536629957788878,1,0,0,0,0,0,0,0,0,-1.5207999379924515,-0.5679289698312403,0,0,1,0,1,0,0,0,1,0
0,0,0,0,-0.9966836022806536,1,0,0,0,0,1,0,0,0,-0.5153389433808665,-0.8311657732079158,1,0,0,1,0,0,0,0,1,0
0,1,1,1,-1.2002122764736234,1,0,1,0,0,1,1,0,1,0.7755004193382974,-0.8902189798698503,0,1,0,1,0,0,0,0,0,1
0,0,1,0,1.6084834273893616,1,1,1,1,1,0,1,0,0,1.1853170293532507,2.2096572654480418,0,1,0,0,0,1,1,0,0,0
1,1,1,0,0.18378270803857208,1,1,0,0,0,0,1,0,1,0.689223238282518,0.3819056370988423,0,1,0,1,0,0,0,0,1,0
1,0,1,1,1.2828375486806096,1,1,0,0,0,0,0,0,1,-1.3316538102932427,-0.34530496657522614,0,0,1,0,0,1,0,0,0,1
0,1,1,0,-0.2639803751859618,1,0,0,1,0,0,0,1,0,0.6643355899010431,-0.05776634172094405,0,1,0,1,0,0,0,0,1,0
1,0,0,0,-0.6710377235719016,1,0,1,0,0,0,1,1,1,0.9729424298313315,-0.3591791772110412,0,1,0,1,0,0,0,0,1,0
0,0,1,0,-1.2409180113122174,1,1,0,0,1,1,1,1,1,1.309755271260625,-0.9038078032615743,0,1,0,1,0,0,0,0,1,0
0,0,0,0,0.18378270803857208,1,1,1,1,1,1,1,0,1,0.46357522629047915,0.2966407097103835,1,0,0,1,0,0,0,1,0,0
1,0,0,0,1.3642490183577978,1,1,1,1,1,1,1,1,1,1.6382722298960932,2.231456460323618,0,1,0,0,1,0,1,0,0,0
0,0,0,0,1.6084834273893616,1,1,1,1,1,1,1,1,1,0.8767101894229619,1.930043624833521,1,0,0,0,0,1,1,0,0,0
0,1,0,0,-1.2816237461508113,1,0,0,0,0,0,0,0,0,-0.6580281274346557,-0.9906094311951391,1,0,0,1,0,0,0,0,0,1
1,1,1,1,0.5501343215859179,1,1,1,1,1,0,1,0,1,1.1869762059120157,0.9834360890481613,0,1,0,1,0,0,0,0,1,0
0,0,1,1,1.4863662228735797,1,0,0,0,0,0,0,0,0,-1.497571466169742,-0.3795075301363019,0,0,1,0,0,1,0,1,0,0
0,0,0,0,0.5501343215859179,1,0,1,1,1,0,1,0,1,1.0193993734767515,1.0374401367761759,0,1,0,0,1,0,0,1,0,0
1,0,1,0,-0.9966836022806536,1,1,0,0,0,0,0,1,1,0.6875640617237531,-0.7208745797991578,0,1,0,1,0,0,1,0,0,0
0,0,0,0,-0.9966836022806536,1,0,1,0,0,0,1,0,1,-0.16359351292268806,-0.7962607179690772,1,0,0,1,0,0,0,0,1,0
1,0,0,0,-1.2816237461508113,1,0,0,0,0,0,0,0,0,-1.4892755833759168,-1.0016078165251128,0,0,1,1,0,0,1,0,0,0
0,1,0,0,1.4049547531963917,1,0,1,1,0,1,1,0,1,0.9132120737157919,1.6857740967564412,0,1,0,0,0,1,1,0,0,0
0,0,0,0,1.4863662228735797,1,1,0,0,0,0,0,0,0,-1.3382905165283026,-0.2736508154434215,0,0,1,0,0,1,0,1,0,0
0,0,0,0,-0.7524491932490895,1,0,0,1,0,0,0,0,0,-0.4804962356468015,-0.6743345061473729,1,0,0,1,0,0,0,0,1,0
0,0,0,0,1.4456604880349857,1,1,1,0,0,0,0,0,0,-0.3477621109456021,0.6087226375565031,1,0,0,1,0,0,0,0,0,1
1,0,0,0,0.428017117070136,0,0,0,0,1,1,0,1,0,-0.6895524820511906,-0.1624595545725299,1,0,0,0,1,0,0,0,1,0
0,0,0,0,-1.2409180113122174,1,0,0,0,0,0,0,0,0,-1.4942531130522119,-0.9852090264223377,0,0,1,1,0,0,0,0,1,0
0,0,0,0,-1.0780950719578415,0,0,0,0,0,0,1,1,0,-0.6613464805521857,-0.8792645002697369,1,0,0,1,0,0,0,1,0,0
0,0,1,1,-0.7931549280876836,1,0,0,0,0,0,0,0,0,-1.462728758435677,-0.8908336600878929,0,0,1,0,0,1,0,0,0,1
1,0,0,0,0.8757802002946699,1,0,0,0,0,0,0,0,0,-1.5025489958460367,-0.5675338182624987,0,0,1,0,0,1,0,1,0,0
0,0,0,0,-1.2002122764736234,1,0,0,0,0,0,0,0,0,-0.6696423633460107,-0.9454084823040895,1,0,0,1,0,0,0,0,0,1
0,1,0,0,-0.2639803751859618,1,0,0,0,0,0,0,1,1,0.4602568731729489,-0.12961806863711947,0,1,0,1,0,0,0,0,1,0
0,0,0,0,0.22448844287716607,1,1,1,1,1,0,1,1,0,0.6361295884020379,0.38915008252577105,1,0,0,0,1,0,1,0,0,0
0,0,1,1,-0.38609757970174374,1,0,0,0,0,0,0,0,0,-1.477661347464562,-0.8002122336564929,0,0,1,0,0,1,1,0,0,0
0,0,1,1,-0.7524491932490895,1,0,0,0,0,0,0,0,1,-1.5008898192872717,-0.894653458585728,0,0,1,0,0,1,0,0,0,1
1,0,0,1,0.18378270803857208,1,0,1,1,0,1,0,0,0,-0.1154773927185032,0.0004526560736471414,1,0,0,0,0,1,0,1,0,0
0,1,0,0,-0.10115743583158582,0,0,0,0,1,0,1,0,1,-0.817309077076095,-0.4954186569671623,1,0,0,1,0,0,0,0,1,0
0,0,0,0,-1.0373893371192475,1,0,0,0,0,0,1,0,1,0.49012205123071895,-0.7531013855165258,0,1,0,1,0,0,0,0,1,0
0,0,0,0,-1.2409180113122174,1,1,0,0,1,0,1,0,1,0.8783693659817272,-0.9254094223527802,0,1,0,1,0,0,0,0,1,0
1,1,0,0,0.020959768684196134,1,1,0,0,0,0,0,0,1,-1.3283354571757127,-0.6381781376075193,0,0,1,0,1,0,1,0,0,0
1,1,1,1,0.7129572609402939,1,1,1,1,1,0,0,1,1,0.33913698438310474,0.6678636556781579,1,0,0,0,0,1,1,0,0,0
0,0,1,1,-0.38609757970174374,1,1,0,0,0,0,0,0,0,-1.3216987509406526,-0.7419493301320415,0,0,1,0,0,1,0,0,0,1
1,0,0,0,1.6084834273893616,1,1,0,1,1,0,1,1,1,1.2848676228791502,2.3417037480025162,0,1,0,0,0,1,0,0,1,0
1,0,1,0,1.3642490183577978,1,1,1,0,1,0,1,1,1,1.3645080976998696,2.054801756231207,0,1,0,0,0,1,0,1,0,0
1,0,0,0,-1.2816237461508113,0,0,1,0,0,0,0,0,0,-1.1690545075342733,-0.9973709135936061,1,0,0,1,0,0,0,0,0,1
1,0,1,1,-0.8338606629262776,1,0,0,0,0,0,0,0,1,-1.5174815848749215,-0.905476220996261,0,0,1,1,0,0,0,0,1,0
0,0,0,0,1.1607203441648277,0,0,1,1,1,1,0,0,0,-0.7044850710800754,0.17352904318245468,1,0,0,0,1,0,0,1,0,0
0,0,1,1,0.5501343215859179,1,0,0,0,0,0,0,0,0,-1.5108448786398618,-0.5897281647068169,0,0,1,0,0,1,0,1,0,0
0,0,1,1,-0.4675090493789317,1,0,0,1,0,0,1,0,1,-0.20175457377428285,-0.4767587217765882,1,0,0,0,1,0,0,1,0,0
1,0,1,1,-0.019745966154397852,0,0,0,0,1,1,0,0,1,-0.9517023783360593,-0.5050340118065405,1,0,0,0,1,0,0,0,0,1
0,0,1,1,-0.5082147842175256,1,0,0,0,0,0,0,0,0,-1.4892755833759168,-0.8321316992648397,0,0,1,1,0,0,0,0,0,1
0,0,0,0,-0.4675090493789317,0,0,1,0,0,1,0,0,0,-0.9898634391876541,-0.6721611725192943,1,0,0,0,0,1,0,0,0,1
0,0,0,0,-0.7117434584104956,1,0,0,0,0,0,0,0,0,-1.5108448786398618,-0.8833916388765933,0,0,1,1,0,0,1,0,0,0
0,0,0,0,-1.2002122764736234,1,0,0,0,0,0,0,0,0,-1.4992306427285067,-0.9845723933393652,0,0,1,1,0,0,0,0,1,0
1,1,0,0,-0.9152721326034655,1,0,0,1,0,0,0,0,1,0.2628148626799147,-0.7080541066799868,0,1,0,1,0,0,0,0,1,0
0,0,0,0,1.3642490183577978,1,1,0,1,0,0,1,0,1,0.7954105380434776,1.6239767819782456,0,1,0,0,1,0,1,0,0,0
0,0,0,0,-0.7117434584104956,1,0,0,0,0,0,0,0,0,-1.4992306427285067,-0.8798791804877794,0,0,1,1,0,0,1,0,0,0
0,0,1,1,-0.6303319887333076,1,0,0,0,0,0,0,0,0,-1.466047111553207,-0.8267752002218984,0,0,1,0,1,0,0,0,0,1
1,1,1,1,0.7536629957788878,1,1,0,1,1,0,0,0,1,0.6394479415195682,0.8099425975056824,0,1,0,1,0,0,0,0,1,0
1,0,0,0,-1.2409180113122174,1,0,0,0,0,0,1,0,1,0.5083729933771337,-0.9469451828491956,0,1,0,1,0,0,0,0,1,0
0,0,1,0,-1.2816237461508113,0,0,0,1,0,0,0,0,1,-1.1640769778579783,-0.9973050549988157,1,0,0,1,0,0,0,0,1,0
0,0,0,0,-1.2816237461508113,1,0,0,0,0,0,0,0,0,-1.4942531130522119,-1.001673675119903,0,0,1,1,0,0,0,0,0,1
0,0,1,1,0.631545791263106,0,0,1,0,1,0,0,1,0,-0.6613464805521857,-0.046109370443067677,1,0,0,0,1,0,0,1,0,0
1,0,0,1,-0.22327464034736777,1,1,0,0,0,1,0,0,1,0.48348534499565887,-0.05302452289604514,0,1,0,1,0,0,0,0,1,0
1,0,0,0,-0.5082147842175256,1,1,1,0,0,1,0,0,0,-0.19014033786292786,-0.4874058612676805,1,0,0,1,0,0,1,0,0,0
1,0,0,1,-1.2816237461508113,0,0,0,1,0,0,0,0,1,-1.1143016810950286,-0.9966464690509131,1,0,0,1,0,0,0,0,0,1
1,0,0,1,-1.1188008067964355,1,0,0,0,0,0,0,0,0,-1.4842980536996218,-0.9736398666041817,0,0,1,1,0,0,0,0,0,1
0,0,0,0,-0.8745663977648716,1,0,0,1,0,0,0,0,0,-0.45892694038285664,-0.7772056312097615,1,0,0,1,0,0,0,0,1,0
0,0,0,0,-1.2409180113122174,1,0,0,0,0,0,0,0,1,-1.472683817788267,-0.9956585901290592,0,0,1,1,0,0,0,0,0,1
1,0,1,1,-0.6303319887333076,1,1,0,0,0,0,0,0,1,-1.3200395743818876,-0.8292558739589982,0,0,1,0,0,1,0,0,0,1
0,0,0,1,-1.0373893371192475,0,0,1,0,0,0,0,0,0,-1.1657361544167435,-0.9217432939094556,1,0,0,1,0,0,0,0,0,1
0,0,1,0,-0.06045170099299184,1,0,0,0,0,1,0,0,1,-0.5219756496159262,-0.3524616005424345,1,0,0,1,0,0,0,0,0,1
0,1,0,0,1.3642490183577978,1,1,0,1,0,0,0,0,1,0.5150096996121938,1.2833780825879428,0,1,0,1,0,0,0,1,0,0
0,0,0,0,-1.2816237461508113,1,1,0,0,0,0,1,1,1,0.9845566657426863,-0.9688760949143528,0,1,0,1,0,0,0,0,1,0
1,0,0,0,-1.1188008067964355,1,1,0,1,1,0,0,0,1,0.6759498258123978,-0.824184762160148,0,1,0,1,0,0,0,0,1,0
1,0,1,1,0.387311382231542,1,1,1,0,0,0,1,1,0,1.067515493680936,0.7531724887964768,0,1,0,0,1,0,0,0,1,0
0,0,1,0,1.4456604880349857,1,0,1,1,0,1,1,1,1,0.4868036981131887,1.411341332265421,1,0,0,0,0,1,1,0,0,0
0,0,1,1,-0.8338606629262776,1,0,0,0,0,0,0,0,1,-1.4876164068171518,-0.9083739991670324,0,0,1,1,0,0,0,1,0,0
1,1,1,0,-1.2816237461508113,1,1,0,0,0,0,0,0,1,0.31424933600162985,-0.977745052346108,0,1,0,1,0,0,0,0,1,0
1,0,0,0,1.1200146093262338,1,0,1,1,1,0,0,0,0,-0.11713656927726834,0.5869893012757168,1,0,0,0,0,1,0,0,1,0
1,1,1,1,0.22448844287716607,1,1,0,1,0,0,1,1,0,1.2019087949409006,0.6324756374108574,0,1,0,1,0,0,0,0,1,0
0,0,0,0,-0.8338606629262776,1,0,0,0,1,0,1,1,1,1.0310136093881064,-0.5440881585171656,0,1,0,1,0,0,0,0,1,0
0,0,1,1,-0.7117434584104956,1,0,0,1,1,1,1,1,0,0.38393475146975936,-0.5030363010979026,1,0,0,1,0,0,1,0,0,0
0,1,1,0,1.5677776925507676,1,0,0,1,1,0,1,1,1,1.1372009091490658,2.156838672426252,0,1,0,0,0,1,0,0,1,0
1,1,1,0,1.6084834273893616,0,0,1,1,1,1,1,1,1,-0.06072456627925851,1.0468140101013232,1,0,0,0,0,1,1,0,0,0
1,0,0,0,-0.8745663977648716,1,0,0,0,1,0,0,0,0,0.26447403923868007,-0.6510644693214804,0,1,0,1,0,0,0,0,1,0
0,0,1,1,1.5270719577121736,1,1,1,0,0,0,0,1,0,0.008960849188871207,0.9842922507804346,1,0,0,0,1,0,1,0,0,0
0,0,0,0,-1.2816237461508113,1,0,0,0,0,0,1,0,1,-0.3295111687991873,-0.9862627639389818,1,0,0,1,0,0,0,1,0,0
1,0,1,1,-0.30468611002455576,1,1,0,0,0,0,0,0,0,-1.3084253384705327,-0.7335413828638181,0,0,1,0,0,1,0,1,0,0
0,1,0,0,1.6084834273893616,1,1,1,1,0,1,1,1,1,1.4989013989598339,2.3908342597160512,0,1,0,0,0,1,1,0,0,0
1,0,0,0,-0.9966836022806536,1,1,0,0,0,0,1,0,1,-0.18848116130416295,-0.8187184987925564,1,0,0,1,0,0,0,0,1,0
1,0,1,1,-0.1418631706701798,0,0,1,1,1,1,0,1,1,-0.3178969328878323,-0.29169607041595313,1,0,0,0,1,0,0,1,0,0
1,0,0,0,-1.1188008067964355,1,0,1,0,0,1,0,0,1,-0.3046235204177124,-0.8932045695003422,1,0,0,1,0,0,0,0,0,1
1,0,1,1,-0.019745966154397852,0,0,0,0,1,0,1,1,0,-0.47551870597050655,-0.2844516249890244,1,0,0,1,0,0,0,1,0,0
1,0,0,0,-1.2816237461508113,1,0,0,0,1,1,1,1,1,0.3507512202944595,-0.9772620893176461,1,0,0,1,0,0,0,0,1,0
1,0,1,0,1.5270719577121736,1,1,1,1,0,1,0,0,1,0.7655453599857075,1.6179836498523317,0,1,0,0,0,1,0,1,0,0
1,0,0,0,-1.2816237461508113,1,0,0,0,0,0,0,0,1,-1.4876164068171518,-1.0015858636601827,0,0,1,1,0,0,0,0,0,1
0,1,1,0,-0.22327464034736777,1,0,1,0,0,0,0,0,1,0.34079616094186965,-0.16331571630480332,0,1,0,1,0,0,1,0,0,0
1,0,0,0,-0.7524491932490895,1,1,0,0,0,0,0,0,1,-1.3316538102932427,-0.8691661824018967,0,0,1,0,1,0,0,1,0,0
1,0,1,0,-0.10115743583158582,1,1,0,0,0,0,1,1,1,0.9663057235962715,0.2481248782148908,0,1,0,1,0,0,0,1,0,0
1,0,1,1,1.2828375486806096,0,0,1,0,1,1,1,1,1,-0.16193433636392318,0.6779619735459981,1,0,0,0,0,1,1,0,0,0
1,0,1,0,0.387311382231542,0,0,0,0,0,0,0,0,1,-1.3216987509406526,-0.5286992002011744,1,0,0,1,0,0,0,1,0,0
0,1,0,0,-1.2816237461508113,1,0,0,0,0,0,0,0,1,0.16326426915401518,-0.979742763054746,0,1,0,1,0,0,0,0,1,0
1,0,1,1,0.30589991255435406,1,0,0,0,0,0,0,0,1,-1.477661347464562,-0.6831815107141981,0,0,1,1,0,0,1,0,0,0
0,1,1,0,1.3642490183577978,1,1,0,1,0,0,1,1,1,1.1902945590295455,1.92721170525754,0,1,0,1,0,0,0,0,1,0
0,0,0,0,-1.2816237461508113,1,0,0,0,0,1,0,0,1,-0.4688819997354467,-0.9881068045931091,1,0,0,1,0,0,0,0,1,0
1,0,0,0,-0.22327464034736777,1,0,1,0,1,1,1,1,0,0.5564891135813186,-0.038974689340789334,1,0,0,0,1,0,0,0,1,0
0,1,1,0,-0.1418631706701798,0,0,1,0,1,0,0,1,1,-0.6613464805521857,-0.47096316543504513,1,0,0,1,0,0,0,0,1,0
0,0,1,1,1.3235432835192036,1,1,1,1,0,1,1,0,1,1.1322233794727707,1.8068880525757318,0,1,0,0,0,1,0,1,0,0
0,1,1,0,-0.3453918448631497,1,1,0,0,0,0,1,1,1,0.9497139580086216,-0.016363238462799527,0,1,0,1,0,0,0,0,1,0
1,0,1,0,1.6084834273893616,1,1,1,1,1,0,0,1,1,1.135541732590301,2.248316260589925,0,1,0,0,0,1,0,0,1,0
1,0,1,0,1.5270719577121736,0,0,1,0,1,1,0,0,1,-0.8554701379276899,0.17186062544776798,1,0,0,0,0,1,0,1,0,0
0,0,1,0,-0.5489205190561197,1,0,0,0,1,0,1,1,1,1.057560434328346,-0.24511209103430817,0,1,0,1,0,0,0,0,1,0
1,0,0,0,-1.0373893371192475,1,1,0,0,1,0,1,0,1,0.8468450113651922,-0.7498523615068728,0,1,0,1,0,0,0,0,1,0
0,0,0,1,-0.9152721326034655,1,0,0,0,1,1,1,0,1,0.8684143066291369,-0.5870060094554861,0,1,0,1,0,0,0,0,1,0
0,0,1,0,1.6084834273893616,1,1,0,0,0,0,0,0,1,-1.3532231055571875,-0.2304475772610099,0,0,1,0,0,1,0,1,0,0
1,1,1,0,-1.2409180113122174,1,0,0,0,1,0,0,0,1,0.3076126297665698,-0.9488989878279734,0,1,0,1,0,0,0,0,1,0
0,0,1,0,1.6084834273893616,1,1,1,1,1,1,1,1,1,0.8634367769528422,1.8296751263731625,1,0,0,0,0,1,1,0,0,0
0,1,1,0,0.26519417771576004,1,1,0,0,0,1,1,1,1,1.2052271480584305,0.723492215410999,0,1,0,1,0,0,0,0,1,0
0,1,0,0,0.22448844287716607,1,0,0,0,0,0,0,0,0,-1.4842980536996218,-0.6873086493210544,0,0,1,0,0,1,0,0,0,1
0,1,0,0,-0.5082147842175256,1,0,0,0,0,0,0,1,1,0.5481932307874936,-0.2764827350194028,0,1,0,1,0,0,0,0,1,0
1,0,1,1,1.4863662228735797,1,0,0,0,0,1,1,1,1,1.0044667844478665,1.9188476637191765,0,1,0,0,0,1,0,1,0,0
0,0,1,1,-0.10115743583158582,1,0,0,0,1,0,0,1,0,0.7141108866639929,0.10393846135407829,0,1,0,0,1,0,0,0,1,0
1,0,1,0,0.9978974048104517,0,0,0,1,1,1,1,1,1,-0.2465523408609377,0.4235282690062875,1,0,0,0,0,1,1,0,0,0
1,0,0,0,-0.6303319887333076,0,0,0,0,0,0,0,0,1,-1.3034478087942378,-0.8171378925175901,1,0,0,1,0,0,0,0,0,1
0,0,1,1,0.8350744654560759,1,0,0,0,0,0,0,0,0,-1.461069581876912,-0.5072292982995492,0,0,1,0,0,1,0,0,0,1
0,1,0,0,-1.1188008067964355,1,0,0,1,0,0,1,0,1,0.6560397071072182,-0.8380809256608933,0,1,0,1,0,0,0,0,1,0
0,0,1,1,0.428017117070136,1,1,0,0,0,0,0,0,1,-1.3432680462045974,-0.5743611592557558,0,0,1,0,1,0,1,0,0,0
1,0,1,1,1.3235432835192036,1,1,0,1,1,1,1,1,1,0.6394479415195682,1.3273496710429074,1,0,0,0,0,1,1,0,0,0
0,0,1,1,0.18378270803857208,1,0,0,0,0,0,0,0,0,-1.5125040551986266,-0.7102054874431354,0,0,1,1,0,0,0,0,1,0
1,0,0,0,-0.8745663977648716,1,0,0,0,0,0,0,0,1,-1.4760021709057967,-0.9062226184038839,0,0,1,1,0,0,0,1,0,0
1,0,1,1,0.5094285867473239,1,1,0,1,1,0,1,1,0,0.458597696614184,0.5704807468482912,1,0,0,0,1,0,0,1,0,0
1,0,0,0,0.18378270803857208,1,0,0,1,0,0,1,1,1,1.034331962505636,0.5907432411787618,0,1,0,1,0,0,0,1,0,0
1,0,0,0,-0.5896262538947137,1,1,1,0,0,0,0,0,0,-0.2880317548300625,-0.5845911943131765,1,0,0,1,0,0,0,0,0,1
1,0,0,0,0.5094285867473239,0,0,1,0,1,1,0,0,0,-0.7509420147254954,-0.20221619296091778,1,0,0,0,1,0,1,0,0,0
1,0,0,0,-1.2002122764736234,0,0,1,1,0,0,0,0,1,-0.9782492032762992,-0.9634976430064814,1,0,0,1,0,0,0,0,0,1
1,0,1,1,-1.0373893371192475,1,0,0,0,0,0,0,0,1,-1.4826388771408567,-0.9337076052963532,0,0,1,1,0,0,1,0,0,0
1,1,1,0,-0.10115743583158582,1,0,0,1,1,0,0,0,1,0.48846287467195404,0.028025454425836736,0,1,0,1,0,0,0,0,0,1
0,0,0,0,-1.1188008067964355,1,0,1,0,0,1,0,0,0,-0.3560579937394271,-0.8750715030680902,1,0,0,1,0,0,0,0,1,0
0,1,1,0,-0.1825689055087738,1,1,0,0,0,1,1,1,1,1.2068863246171952,0.2243060197657462,0,1,0,1,0,0,0,1,0,0
0,1,0,0,-1.1595065416350294,1,1,0,0,0,0,0,0,1,0.31590851256039476,-0.8811304937887943,0,1,0,1,0,0,0,0,1,0
1,0,1,0,-0.22327464034736777,1,0,0,1,0,1,0,0,1,-0.3693314062095472,-0.4001871289004441,1,0,0,1,0,0,0,0,1,0
0,1,0,0,0.7129572609402939,1,1,0,1,0,1,1,1,1,1.3893957460813444,1.3376455646951182,0,1,0,0,1,0,0,0,1,0
1,0,0,0,0.7536629957788878,1,1,0,0,1,0,0,0,0,0.5000771105833088,0.8522238153610304,0,1,0,1,0,0,0,1,0,0
0,0,1,1,-0.10115743583158582,1,0,0,0,0,0,0,0,0,-1.5141632317573919,-0.7457032700350864,0,0,1,0,0,1,0,0,0,1
0,0,1,1,-0.7524491932490895,1,1,0,1,0,1,1,1,0,0.5150096996121938,-0.5111808139869649,1,0,0,1,0,0,0,1,0,0
1,1,1,0,1.5270719577121736,1,1,0,1,1,0,1,1,1,1.2616391510564402,2.107554490658206,0,1,0,1,0,0,0,0,1,0
1,0,1,0,1.5677776925507676,1,1,0,1,1,1,1,1,1,1.6001111690444987,2.4815215447422414,0,1,0,0,1,0,1,0,0,0
0,0,0,0,-0.1418631706701798,0,0,0,1,0,0,0,0,1,-1.1391893294765034,-0.6344241977044744,1,0,0,1,0,0,0,0,1,0
1,0,1,0,1.0386031396490458,1,1,0,0,1,0,1,1,0,1.1753619700006603,1.4839175037242893,0,1,0,0,1,0,0,1,0,0
1,0,0,0,-1.2816237461508113,1,0,0,0,0,0,0,0,1,-1.5290958207862766,-1.002134685283435,0,0,1,1,0,0,0,0,0,1
0,0,0,0,0.14307697319997809,0,0,1,0,0,0,0,0,0,-1.1242567404476187,-0.5158787270820037,1,0,0,0,0,1,1,0,0,0
0,0,1,0,1.6084834273893616,1,1,0,0,0,0,0,0,0,-1.3034478087942378,-0.18190979290058712,0,0,1,0,0,1,1,0,0,0
1,1,1,0,-0.6303319887333076,1,0,0,0,0,0,0,1,0,0.5498524073462585,-0.4268159540606398,0,1,0,1,0,0,1,0,0,0
0,1,1,0,-0.8338606629262776,1,1,0,1,1,0,1,0,1,1.1006990248562358,-0.5449223673845089,0,1,0,1,0,0,0,0,1,0
1,0,0,0,1.3642490183577978,0,0,0,0,0,1,0,0,0,-1.1773503903280982,-0.13969443364002943,1,0,0,0,1,0,0,1,0,0
1,0,0,0,-1.1188008067964355,1,0,1,0,1,0,0,0,1,-0.3029643438589475,-0.8899555454906893,1,0,0,1,0,0,0,0,0,1
1,0,0,0,-1.2816237461508113,1,0,0,0,0,0,0,0,1,-0.6696423633460107,-0.9907631012496497,1,0,0,1,0,0,0,0,1,0
1,0,1,0,-0.7524491932490895,1,0,0,0,0,0,0,0,0,-0.6746198930223056,-0.7288654226337096,1,0,0,0,1,0,0,0,1,0
0,0,1,1,-1.2409180113122174,1,0,0,1,0,0,0,0,1,0.2860433345026247,-0.9465719841453841,0,1,0,1,0,0,1,0,0,0
1,0,0,0,-1.2816237461508113,1,1,0,0,0,0,0,0,1,0.3441145140593994,-0.9773499007773664,0,1,0,1,0,0,0,0,1,0
0,0,0,0,-1.2816237461508113,0,0,0,0,0,1,0,0,0,-1.1408485060352684,-0.9969977148897944,1,0,0,1,0,0,0,0,0,1
0,0,0,0,-1.0373893371192475,1,0,0,0,0,0,0,0,0,-1.4793205240233267,-0.9442888861926552,0,0,1,1,0,0,0,0,0,1
1,0,0,0,-0.2639803751859618,1,0,0,0,0,0,0,0,1,-1.480979700582092,-0.7859428714519362,0,0,1,1,0,0,0,0,1,0
0,0,0,0,-1.2409180113122174,1,0,1,1,0,1,0,0,1,0.7074741804289328,-0.930656157071071,0,1,0,1,0,0,0,0,1,0
1,0,1,0,-0.6303319887333076,0,0,1,0,1,0,0,0,0,-1.013091911010364,-0.7501597016158941,1,0,0,1,0,0,0,0,0,1
1,0,0,0,-0.3453918448631497,1,0,0,0,1,0,0,0,1,-0.5053838840282764,-0.4976798020549613,1,0,0,1,0,0,0,0,0,1
0,0,0,0,-0.8338606629262776,1,0,0,0,0,0,0,0,0,-0.7011667179625456,-0.7729028696834644,1,0,0,1,0,0,1,0,0,0
1,0,0,0,-0.22327464034736777,1,0,0,0,0,0,0,0,0,-1.4959122896109767,-0.8040539850192582,0,0,1,0,0,1,0,1,0,0
0,0,1,1,1.5270719577121736,1,0,0,0,0,0,0,0,1,-1.5174815848749215,-0.3951160171015939,0,0,1,0,0,1,0,0,0,1
0,1,1,0,0.428017117070136,1,1,1,0,1,1,1,1,1,1.4806504568134191,1.1103456012089954,0,1,0,0,1,0,0,0,0,1
0,0,0,0,0.22448844287716607,1,0,0,0,0,0,1,1,1,0.8020472442785371,0.45691857656495016,0,1,0,0,1,0,0,0,0,1
0,0,0,0,-1.2409180113122174,1,0,0,0,0,0,0,1,0,0.5249647589647837,-0.9404032291000298,0,1,0,1,0,0,0,0,1,0
1,0,1,0,1.2421318138420157,1,1,0,1,1,0,1,1,1,1.2433882089100254,1.8188962696924897,0,1,0,1,0,0,0,0,1,0
0,1,1,0,1.6084834273893616,1,1,1,1,1,1,0,0,1,1.050923728093286,1.9872527908413284,0,1,0,0,0,1,1,0,0,0
0,0,0,0,-0.8338606629262776,0,0,1,0,1,1,0,1,0,-0.5004063543519814,-0.7680073808040551,1,0,0,0,0,1,0,0,0,1
0,0,1,0,0.1023712383613841,1,0,0,1,0,1,0,0,0,-0.26812163612488255,-0.19328137693437233,1,0,0,1,0,0,0,0,1,0
0,0,1,0,-0.6710377235719016,1,1,1,1,1,0,0,0,0,0.8551408941590172,-0.4067510355145401,0,1,0,1,0,0,0,0,1,0
0,0,1,1,-0.019745966154397852,1,1,0,1,0,0,1,1,1,1.1255866732377107,0.34610051439787,0,1,0,1,0,0,0,0,1,0
1,0,1,1,1.6084834273893616,1,1,0,0,1,0,0,1,1,0.858459247276547,1.8486424016727578,0,1,0,0,0,1,0,1,0,0
1,0,0,0,0.020959768684196134,0,0,0,1,0,0,1,0,1,-0.8571293144864547,-0.4356849114923951,1,0,0,0,1,0,0,0,1,0
1,0,1,1,0.7129572609402939,1,0,0,1,1,1,1,1,1,1.2765717400853254,1.2886687230360936,0,1,0,0,1,0,1,0,0,0
1,0,0,0,-0.10115743583158582,1,1,1,0,0,0,0,1,1,-0.014267622633838777,-0.18127315981761458,1,0,0,1,0,0,0,0,0,1
0,0,1,0,-1.2002122764736234,1,0,0,0,0,0,0,0,0,-1.462728758435677,-0.9787987898627521,0,0,1,1,0,0,0,0,0,1
1,0,0,0,1.6084834273893616,1,0,0,0,0,0,0,0,1,-1.464387934994442,-0.342516952729105,0,0,1,0,0,1,0,0,0,1
0,0,0,0,-1.2816237461508113,1,0,0,0,0,0,0,0,1,0.17156015194784016,-0.9796329987300956,0,1,0,1,0,0,0,0,1,0
1,1,0,0,1.5677776925507676,1,1,0,0,0,0,0,0,1,-1.3366313399695375,-0.23470643305744682,0,0,1,0,0,1,0,0,0,1
1,0,1,0,-1.2816237461508113,1,0,0,0,0,0,0,0,0,-0.6713015399047756,-0.9907850541145798,1,0,0,1,0,0,0,1,0,0
1,0,0,0,-1.2816237461508113,1,0,0,0,0,0,0,0,1,-0.6679831867872458,-0.9907411483847196,1,0,0,1,0,0,0,0,1,0
0,1,1,0,-0.7524491932490895,1,1,0,1,0,0,1,1,1,1.1703844403243657,-0.40899022773740906,0,1,0,1,0,0,0,0,1,0
0,0,0,1,-0.7117434584104956,1,0,0,1,0,0,0,1,1,0.695859944517578,-0.4530057219222339,0,1,0,1,0,0,1,0,0,0
1,1,0,0,-1.1595065416350294,0,0,0,1,0,0,1,1,1,-0.46390447005915153,-0.9193723844970062,1,0,0,1,0,0,0,1,0,0
0,0,0,0,-1.2409180113122174,1,0,0,0,0,0,1,0,1,0.48846287467195404,-0.9433668658655916,0,1,0,1,0,0,0,0,0,1
0,1,0,0,-1.1188008067964355,1,1,0,0,0,0,1,0,1,0.6046052337855035,-0.81456940732077,0,1,0,1,0,0,0,1,0,0
1,0,0,0,0.9571916699718578,1,0,0,1,0,1,1,1,1,0.35904710308828447,0.8707959390918838,1,0,0,0,1,0,1,0,0,0
1,0,1,1,1.5270719577121736,1,1,0,0,0,0,0,0,0,-1.3134028681468275,-0.25736178966529677,0,0,1,0,0,1,0,0,0,1
1,0,0,0,-1.0373893371192475,1,1,0,0,0,0,0,0,0,0.2877025110613896,-0.782101120089171,0,1,0,1,0,0,0,0,1,0
1,0,0,0,0.9164859351332638,1,1,0,0,0,0,1,1,1,1.057560434328346,1.3095458975846066,0,1,0,1,0,0,0,0,1,0
1,0,1,1,0.1023712383613841,1,1,0,0,0,0,0,0,0,-1.3100845150292975,-0.6551037964686166,0,0,1,0,0,1,1,0,0,0
1,0,0,0,-0.6710377235719016,1,0,0,0,0,0,0,0,0,-1.4909347599346818,-0.889362818137577,0,0,1,1,0,0,0,0,0,1
1,0,0,1,-1.2409180113122174,1,0,0,0,0,0,0,0,0,-1.5158224083161567,-0.9891824949746835,0,0,1,1,0,0,0,0,0,1
1,0,0,0,-0.9559778674420595,1,0,0,0,0,0,0,0,1,-1.4859572302583868,-0.9385372355809724,0,0,1,0,1,0,0,0,0,1
1,0,0,0,-0.3453918448631497,1,1,0,0,0,0,1,1,1,0.9679649001550363,0.00945333069498289,0,1,0,1,0,0,0,0,1,0
0,0,1,1,-1.2816237461508113,1,0,0,0,0,0,0,0,1,0.13837662077254032,-0.9800720560286973,0,1,0,1,0,0,0,0,0,1
1,0,0,0,1.2014260790034217,1,0,0,0,0,0,0,0,0,-1.4959122896109767,-0.45998673297000153,0,0,1,0,0,1,1,0,0,0
1,0,0,0,-1.1188008067964355,1,0,0,0,1,0,1,1,1,0.16990097538907525,-0.8583214671264336,1,0,0,1,0,0,0,0,1,0
1,1,0,0,-0.9152721326034655,1,0,0,0,0,0,0,1,1,0.4751894622018339,-0.661996996056664,0,1,0,1,0,0,0,0,1,0
1,0,1,0,1.5677776925507676,1,1,1,1,0,1,1,0,0,0.2843841579438598,1.3419483262214154,1,0,0,0,0,1,0,1,0,0
1,0,0,0,0.14307697319997809,1,0,0,0,0,0,0,0,1,-1.5390508801388667,-0.7079004366254762,0,0,1,0,0,1,0,1,0,0
0,0,1,0,0.06166550352279012,1,1,0,0,0,0,1,1,1,1.085766435827351,0.3978873227679458,0,1,0,1,0,0,0,0,1,0
1,0,1,1,-0.8338606629262776,1,1,0,0,0,0,0,0,0,-1.2785601604127628,-0.8721298191674585,0,0,1,0,1,0,0,0,0,1
1,0,1,1,0.8350744654560759,1,0,0,0,0,0,0,0,0,-1.4842980536996218,-0.541431861860625,0,0,1,0,1,0,0,1,0,0
0,0,0,0,-1.0373893371192475,1,0,0,0,0,0,0,0,0,-1.4942531130522119,-0.9343881441091858,0,0,1,0,1,0,0,0,0,1
0,1,1,0,1.6084834273893616,1,1,0,0,0,0,0,0,1,-1.3017886322354726,-0.1597813050510592,0,0,1,0,0,1,0,1,0,0
1,0,1,0,-0.5896262538947137,1,1,1,0,0,0,1,1,1,1.1438376153841259,-0.2451559967641683,0,1,0,1,0,0,0,0,1,0
1,0,1,0,-0.06045170099299184,1,0,1,1,1,1,0,1,1,0.3507512202944595,0.05406155223292002,1,0,0,0,1,0,0,1,0,0
1,0,1,1,0.7129572609402939,1,1,0,0,1,1,1,0,1,0.1566275629189556,0.5008901650199149,1,0,0,0,1,0,0,0,1,0
1,0,1,1,-0.4268033145403377,1,0,0,0,0,0,0,0,0,-1.4925939364934466,-0.8200795764182218,0,0,1,0,1,0,0,0,0,1
1,1,1,0,1.6084834273893616,1,1,0,1,1,1,1,1,0,1.4856279864897142,2.4574612047788658,0,1,0,0,0,1,0,1,0,0
1,0,1,1,-1.2816237461508113,1,0,0,0,0,0,0,0,1,0.16658262227154547,-0.9796988573248858,0,1,0,1,0,0,0,1,0,0
0,0,0,0,-1.2816237461508113,1,0,0,0,0,0,0,0,1,-1.4859572302583868,-1.0015639107952525,0,0,1,1,0,0,0,0,0,1
1,0,1,0,-0.9559778674420595,0,0,0,0,0,1,1,0,0,-0.8056948411647401,-0.8659830169870341,1,0,0,1,0,0,0,0,0,1
1,0,1,1,1.6084834273893616,1,1,1,0,1,0,1,1,1,1.3479163321122196,2.3010689950169247,0,1,0,0,0,1,1,0,0,0
1,0,0,0,1.0386031396490458,1,1,0,0,1,1,1,1,1,1.3180511540544502,1.7203498590213284,0,1,0,0,1,0,0,0,1,0
0,1,0,0,0.1023712383613841,1,1,1,1,1,0,1,1,1,1.440830219403059,0.6255824378228101,0,1,0,0,1,0,0,0,1,0
0,0,1,1,1.5677776925507676,1,0,0,0,0,0,0,0,0,-1.4942531130522119,-0.3969161520258611,0,0,1,0,0,1,0,1,0,0
1,0,1,0,1.6084834273893616,1,1,1,1,1,1,0,1,0,0.4851445215544238,1.5409071410827955,1,0,0,0,0,1,0,1,0,0
0,0,1,0,-0.6303319887333076,1,1,1,0,0,0,0,0,0,0.46357522629047915,-0.41814457241325537,0,1,0,1,0,0,0,0,1,0
0,0,1,0,1.6084834273893616,1,1,1,1,1,1,1,1,0,0.7672045365444724,1.8525939173601735,1,0,0,0,0,1,1,0,0,0
1,0,1,0,0.7129572609402939,1,1,0,0,0,1,1,1,0,1.1438376153841259,1.2111092512380957,0,1,0,0,1,0,0,0,1,0
1,0,1,1,-0.2639803751859618,1,0,0,0,0,0,0,0,1,-1.5191407614336867,-0.7839671136082283,0,0,1,0,0,1,0,1,0,0
1,0,1,0,-1.2816237461508113,0,0,0,0,1,0,1,1,1,-0.48381458876433153,-0.98830438037748,1,0,0,1,0,0,0,0,1,0
0,0,0,0,0.46872285190873,1,0,0,1,1,0,1,0,1,0.7705228896620027,0.7340515434423708,0,1,0,1,0,0,0,1,0,0
1,0,0,0,0.7943687306174818,1,0,0,0,1,0,0,1,1,0.6261745290494481,0.8913218678015153,0,1,0,1,0,0,0,1,0,0
1,1,1,0,0.1023712383613841,1,1,0,0,1,0,1,1,1,1.1902945590295455,0.4988485485814167,0,1,0,1,0,0,0,0,1,0
1,1,0,0,-1.2816237461508113,1,0,0,0,0,1,0,0,0,0.3242043953542197,-0.9776133351565276,0,1,0,1,0,0,0,0,1,0
1,0,0,0,-1.2409180113122174,1,0,1,1,0,0,0,0,1,-0.36767222965078206,-0.9629268685182991,1,0,0,1,0,0,0,0,0,1
0,1,0,0,0.1023712383613841,0,0,0,0,1,0,1,0,1,-0.8322416661049798,-0.38053931478801606,1,0,0,1,0,0,0,0,1,0
0,0,0,0,0.14307697319997809,1,0,1,1,1,1,1,1,0,0.6942007679588127,0.30831963385319006,1,0,0,0,1,0,1,0,0,0
0,1,1,1,1.6084834273893616,1,1,1,1,1,1,1,1,1,0.8368899520126024,1.9384954778316046,1,0,0,0,0,1,1,0,0,0
1,0,0,0,-0.3453918448631497,0,0,1,0,0,0,1,1,1,-0.47551870597050655,-0.4445758217890804,1,0,0,0,1,0,0,0,0,1
1,0,1,0,-0.4675090493789317,1,1,0,0,1,1,1,1,1,1.3661672742586346,-0.022553946373084277,0,1,0,1,0,0,0,0,1,0
0,0,0,0,0.5501343215859179,1,1,1,1,0,0,0,0,0,0.6411071180783331,0.6789059467379918,0,1,0,1,0,0,0,0,0,1
0,0,0,0,-0.6303319887333076,1,1,0,0,0,0,0,0,0,-1.3316538102932427,-0.801748934201599,0,0,1,1,0,0,0,0,0,1
0,1,1,0,-0.7117434584104956,1,0,0,1,0,0,1,1,1,0.9862158423014517,-0.44620033379390683,0,1,0,1,0,0,0,0,1,0
0,0,1,0,-0.6303319887333076,0,0,0,1,1,0,0,0,1,-0.9716124970412393,-0.7267579476004211,1,0,0,1,0,0,0,1,0,0
0,0,1,0,1.3235432835192036,1,0,1,0,1,1,0,0,0,-0.20009539721551794,0.6830769910747084,1,0,0,0,0,1,0,1,0,0
1,0,1,1,0.06166550352279012,1,0,0,0,0,0,0,1,1,0.46523440284924406,0.15186156549645846,0,1,0,0,1,0,1,0,0,0
1,0,0,0,0.7129572609402939,1,0,1,1,0,1,0,1,1,0.9480547814498567,1.074013609749701,0,1,0,1,0,0,0,1,0,0
1,0,1,1,-1.2816237461508113,1,0,0,0,0,0,0,0,1,0.16492344571278056,-0.9797208101898158,0,1,0,1,0,0,0,0,0,1
1,0,1,1,1.3642490183577978,1,1,1,0,1,1,1,1,1,0.6328112352845081,1.498472253172937,1,0,0,0,0,1,0,0,0,1
0,0,0,0,-1.2816237461508113,1,0,0,0,0,0,0,0,0,0.21303956591696496,-0.9790841771068434,0,1,0,1,0,0,0,0,1,0
1,0,0,1,1.6084834273893616,1,0,0,0,0,0,0,0,0,-1.4942531130522119,-0.33880691855592027,0,0,1,0,0,1,0,1,0,0
0,0,1,1,1.0793088744876398,1,1,0,0,0,0,0,0,0,-1.3100845150292975,-0.33687506644207266,0,0,1,0,0,1,0,0,0,1
1,0,1,1,-0.4675090493789317,1,1,1,1,0,1,1,0,0,0.4171182826450592,-0.29694280513424404,1,0,0,0,1,0,0,0,0,1
1,0,1,1,-0.9559778674420595,1,1,0,0,1,0,1,0,1,0.8435266582476619,-0.6732588157657986,0,1,0,0,1,0,0,0,1,0
0,0,0,0,0.1023712383613841,0,0,0,0,0,0,0,0,0,-1.3532231055571875,-0.6536768602481609,1,0,0,1,0,0,0,0,1,0
0,0,0,0,-0.9152721326034655,1,0,0,1,0,0,0,0,0,-0.4556085872653266,-0.7916506163337589,1,0,0,1,0,0,0,0,1,0
1,0,1,1,0.9571916699718578,1,1,0,0,0,0,0,0,0,-1.3532231055571875,-0.39474281839778247,0,0,1,0,0,1,1,0,0,0
0,1,0,0,1.3642490183577978,1,1,1,1,0,1,0,0,1,-0.03583691789778363,0.8223679190561118,1,0,0,0,1,0,0,1,0,0
1,0,1,0,-1.1188008067964355,1,1,0,1,0,1,0,0,1,0.6792681789299281,-0.8343050328929184,0,1,0,1,0,0,0,0,1,0
1,0,0,0,-0.9559778674420595,1,0,0,0,0,0,0,0,0,-1.4826388771408567,-0.9320391875616665,0,0,1,1,0,0,0,0,0,1
1,0,1,0,0.590840056424512,1,0,0,1,1,0,1,1,0,0.2877025110613896,0.5362342775573552,1,0,0,0,0,1,0,0,1,0
0,0,0,0,-0.8338606629262776,1,0,0,1,0,1,0,0,1,-0.3527396406218973,-0.7230479134272364,1,0,0,1,0,0,0,0,1,0
0,1,1,0,1.2014260790034217,1,0,1,0,1,1,1,1,1,0.4984179340245439,1.1057354995736772,1,0,0,0,0,1,0,1,0,0
1,1,1,0,0.06166550352279012,1,1,0,0,0,0,0,0,1,0.3524103968532244,0.0544786566665918,0,1,0,1,0,0,0,0,1,0
1,0,0,0,-0.6710377235719016,1,0,0,0,0,0,0,0,0,-1.4826388771408567,-0.8666416029349368,0,0,1,1,0,0,1,0,0,0
1,0,0,1,-1.2816237461508113,1,0,0,0,0,0,0,0,1,-1.4826388771408567,-1.0015200050653925,0,0,1,1,0,0,0,0,0,1
1,0,0,0,0.5501343215859179,1,0,0,0,0,0,0,0,1,-0.6547097743171256,-0.10369173515468642,1,0,0,1,0,0,0,1,0,0
0,0,0,0,-0.38609757970174374,1,0,0,0,0,0,0,0,1,-1.5025489958460367,-0.8004976209005841,0,0,1,0,1,0,0,1,0,0
0,0,0,0,-0.6303319887333076,1,0,1,1,0,1,1,1,0,0.4950995809070136,-0.40128477214694847,1,0,0,0,1,0,0,1,0,0
0,0,0,0,-0.22327464034736777,1,0,0,1,1,1,1,1,0,0.44034675446776916,-0.09763274443398247,1,0,0,0,1,0,0,0,0,1
1,0,0,1,-0.5896262538947137,1,0,0,0,0,0,0,0,1,-0.6397771852882409,-0.6823473018468548,1,0,0,1,0,0,0,1,0,0
1,1,1,0,-0.5489205190561197,0,0,0,1,1,0,0,0,1,-1.016410264127894,-0.7570089954740813,1,0,0,1,0,0,0,1,0,0
0,0,1,1,0.020959768684196134,1,1,0,0,1,1,1,1,1,0.47187110908430413,0.10101873031837665,1,0,0,0,1,0,0,0,1,0
0,0,1,1,1.6084834273893616,1,1,1,1,0,1,0,0,0,0.06039532251058587,1.0796335431718036,1,0,0,0,0,1,0,1,0,0
1,0,0,1,-1.2002122764736234,1,0,0,0,0,1,1,1,0,0.19147027065302033,-0.9113376359325942,1,0,0,1,0,0,0,0,0,1
1,1,1,0,1.5677776925507676,1,1,1,1,1,0,1,1,1,1.4126242179040545,2.3762795102674037,0,1,0,1,0,0,0,0,1,0
1,0,0,0,-1.0373893371192475,1,0,1,0,0,0,0,0,1,-0.4622452935003867,-0.8549626787921304,1,0,0,1,0,0,0,0,0,1
1,1,0,0,0.9164859351332638,1,1,1,1,1,1,1,1,1,1.7112759984817532,1.7918942458284826,0,1,0,1,0,0,0,0,1,0
0,0,1,1,-0.10115743583158582,1,0,0,1,1,1,1,1,0,0.5266239355235486,0.029847542215034013,1,0,0,0,0,1,1,0,0,0
0,0,1,1,1.6084834273893616,1,1,0,1,1,0,1,1,1,1.2699350338502653,2.2223240685127017,0,1,0,0,1,0,0,1,0,0
1,0,1,1,1.2421318138420157,1,1,1,0,1,1,0,1,0,0.35738792652951956,1.0429283530086977,1,0,0,0,0,1,0,0,0,1
0,0,0,0,-1.1595065416350294,1,1,0,1,0,0,0,0,1,0.5100321699358986,-0.8680685391553924,0,1,0,1,0,0,0,0,0,1
1,1,0,0,-0.8745663977648716,1,0,0,0,0,0,0,1,1,0.47187110908430413,-0.6470031893094144,0,1,0,1,0,0,0,1,0,0
1,0,0,0,-0.5082147842175256,1,0,0,0,0,1,0,0,0,-0.4954288246756865,-0.5700144919995986,1,0,0,1,0,0,0,0,0,1
0,0,0,0,-0.7931549280876836,0,0,1,0,0,0,0,0,1,-1.1308934466826785,-0.8373784339831305,1,0,0,1,0,0,1,0,0,0
0,0,1,1,-0.9152721326034655,1,0,0,1,1,0,0,0,1,-0.3112602266527725,-0.7683586266429364,1,0,0,1,0,0,0,0,0,1
1,1,1,1,0.428017117070136,1,1,0,1,1,1,1,1,1,1.520470694223779,1.047845794753037,0,1,0,1,0,0,1,0,0,0
0,0,1,0,-0.5896262538947137,1,1,0,0,0,1,1,0,1,0.7937513614847123,-0.31022428841694677,0,1,0,1,0,0,0,0,1,0
1,1,0,0,-1.2816237461508113,1,0,0,0,0,0,0,0,1,-0.6331404790531808,-0.9902801382211879,1,0,0,1,0,0,0,0,0,1
0,0,0,0,-0.6710377235719016,1,0,0,1,0,0,0,1,1,0.7074741804289328,-0.42203022950588087,0,1,0,1,0,0,0,0,1,0
0,0,0,1,-1.2816237461508113,0,0,0,0,0,0,0,0,0,-1.3349721634107725,-0.9995662000866148,1,0,0,1,0,0,0,0,0,1
1,0,0,0,-1.2816237461508113,1,1,0,0,0,0,0,1,1,0.7190884163402875,-0.9723885533031668,0,1,0,1,0,0,0,0,1,0
1,1,0,0,0.428017117070136,1,0,0,0,0,0,1,1,1,0.8169798333074222,0.6829233210201978,0,1,0,1,0,0,0,0,0,1
1,0,0,0,-1.2409180113122174,1,0,0,0,0,0,0,0,0,-1.4925939364934466,-0.9894678822187747,0,0,1,0,1,0,0,0,0,1
1,0,0,0,1.0386031396490458,1,1,0,0,0,0,0,0,1,-1.3432680462045974,-0.34585378819847834,0,0,1,0,0,1,0,1,0,0
1,1,0,0,0.8757802002946699,0,0,0,1,1,0,1,1,1,-0.31457857977030224,0.29225013672436606,1,0,0,0,1,0,0,0,1,0
1,0,0,1,-0.6303319887333076,1,0,0,0,0,0,0,0,0,-0.6746198930223056,-0.7112372720948494,1,0,0,0,1,0,0,0,0,1
1,1,1,0,1.3642490183577978,1,1,0,0,0,1,1,1,1,1.1654069106480704,2.0067469348992457,0,1,0,1,0,0,0,1,0,0
0,0,0,0,-1.1188008067964355,1,1,0,0,0,0,1,0,1,0.6726314726948681,-0.8019465099859698,0,1,0,1,0,0,0,0,1,0
0,1,0,0,0.9571916699718578,1,1,1,0,1,1,0,1,0,0.27608827515003487,0.769615184629112,1,0,0,0,0,1,1,0,0,0
1,0,1,1,-0.9152721326034655,1,0,0,0,0,0,0,0,1,-1.4892755833759168,-0.9144768956175967,0,0,1,1,0,0,0,1,0,0
0,0,0,0,-0.9152721326034655,1,0,1,0,0,0,1,0,1,0.6560397071072182,-0.6450932900604968,0,1,0,1,0,0,0,0,0,1
0,0,1,0,1.6084834273893616,1,1,1,1,1,1,1,1,0,1.5652684613104335,2.4870975724344837,0,1,0,0,0,1,0,1,0,0
0,0,1,1,-1.0373893371192475,1,0,0,0,0,0,0,0,0,-1.469365464670737,-0.9406227577493307,0,0,1,1,0,0,0,0,0,1
0,0,0,0,-1.1595065416350294,0,0,0,0,0,0,0,0,1,-1.3499047524396575,-0.9682394618313802,1,0,0,1,0,0,0,0,0,1
0,0,1,0,0.6722515261016999,1,1,1,1,1,0,0,1,0,0.22797215494585,0.514017978248107,1,0,0,0,1,0,0,0,1,0
0,0,1,1,1.3642490183577978,1,1,1,1,1,0,1,1,0,1.4706953974608292,2.099212401984773,0,1,0,0,0,1,1,0,0,0
1,0,1,0,0.7943687306174818,1,0,1,1,1,1,1,1,1,1.3728039804936945,1.3986964820656906,0,1,0,0,0,1,0,0,1,0
1,1,0,0,0.7943687306174818,1,1,0,1,1,1,1,1,1,1.520470694223779,1.5501712500832923,0,1,0,1,0,0,0,0,1,0
1,0,0,0,-1.2816237461508113,1,0,0,0,0,0,0,0,0,0.14833168012513065,-0.9799403388391167,0,1,0,1,0,0,0,0,0,1
0,0,1,1,-0.6303319887333076,1,1,0,0,0,0,0,0,0,-1.3548822821159523,-0.8304413286652229,0,0,1,1,0,0,0,0,0,1
1,0,1,0,1.4049547531963917,1,0,1,1,0,1,0,1,1,0.14169497389007057,1.0407111136507587,1,0,0,0,0,1,0,1,0,0
0,0,0,0,-0.3453918448631497,1,0,0,0,1,0,0,0,1,-0.5186572964983965,-0.46894350186147715,1,0,0,1,0,0,0,1,0,0
0,0,1,0,1.1200146093262338,0,0,0,1,1,1,1,1,0,-0.1370466879824483,0.571710107284376,1,0,0,0,0,1,0,1,0,0
1,0,0,0,-0.9966836022806536,1,0,0,0,0,0,0,0,1,0.17156015194784016,-0.7683366737780063,0,1,0,1,0,0,0,0,0,1
0,0,0,0,-0.019745966154397852,1,1,0,1,0,0,0,0,1,-0.3560579937394271,-0.2466268387144842,1,0,0,1,0,0,0,0,1,0
1,0,1,0,-0.7524491932490895,1,1,0,1,1,0,0,0,1,0.5880134681978536,-0.4901280165190113,0,1,0,1,0,0,0,0,1,0
0,1,1,0,-1.2816237461508113,1,1,0,1,0,0,1,0,1,0.8518225410414869,-0.9706323241087598,0,1,0,1,0,0,0,0,1,0
1,1,0,0,-1.2409180113122174,1,0,0,0,0,0,0,0,1,-0.6895524820511906,-0.9697322566466261,1,0,0,1,0,0,0,0,1,0
1,1,1,0,0.428017117070136,1,1,0,1,0,0,1,1,1,1.1969312652646056,0.9163481338218148,0,1,0,1,0,0,0,0,1,0
0,1,1,0,-0.30468611002455576,1,1,1,0,0,1,1,0,1,0.15165003324266044,-0.24089714096773138,1,0,0,1,0,0,0,1,0,0
1,0,1,1,0.428017117070136,1,0,0,0,0,0,0,0,1,-1.5174815848749215,-0.6695926873224741,0,0,1,0,1,0,0,0,0,1
0,0,1,1,0.590840056424512,1,0,0,0,0,0,0,0,0,-1.4826388771408567,-0.6269382707633147,0,0,1,0,0,1,0,1,0,0
0,1,0,0,1.2421318138420157,1,1,0,0,1,0,0,1,1,0.8186390098661871,1.4214396501332611,0,1,0,1,0,0,1,0,0,0
1,0,0,0,1.0386031396490458,1,0,0,0,0,0,0,0,1,-1.5191407614336867,-0.555767082659972,0,0,1,0,0,1,1,0,0,0
0,0,0,0,-0.9152721326034655,1,1,0,0,0,0,0,0,1,-1.3416088696458326,-0.8917995861448166,0,0,1,1,0,0,0,0,0,1
0,0,0,0,-0.30468611002455576,0,0,1,1,1,0,1,1,0,-0.12875080518862334,-0.33417486405567187,1,0,0,0,1,0,0,0,1,0
0,1,1,0,0.387311382231542,1,1,0,0,0,0,1,1,1,0.9994892547715714,0.7214505989725009,0,1,0,1,0,0,0,0,1,0
0,0,1,1,0.6722515261016999,1,1,0,0,0,0,1,1,1,1.0177401969179862,1.0898196724993638,0,1,0,1,0,0,0,0,1,0
1,0,1,0,1.5270719577121736,1,0,1,1,1,1,1,1,1,1.478991280254654,2.2977321595475515,0,1,0,0,1,0,1,0,0,0
0,0,0,0,-1.2409180113122174,1,0,0,0,0,0,0,0,0,-1.4793205240233267,-0.9950000041811566,0,0,1,1,0,0,0,1,0,0
1,0,1,1,1.6084834273893616,1,0,1,0,1,1,1,1,1,0.5266239355235486,1.504750772542942,1,0,0,0,0,1,0,0,1,0
1,0,1,1,1.6084834273893616,1,1,1,0,0,0,0,0,0,-0.3195561094465974,0.7386177393478289,1,0,0,0,0,1,1,0,0,0
0,0,0,1,-1.2816237461508113,1,0,1,1,0,1,0,0,1,-0.16359351292268806,-0.9840674774459731,1,0,0,1,0,0,0,0,1,0
1,1,1,0,1.4863662228735797,1,1,0,1,1,0,0,1,1,1.0094443141241611,1.7916527643142515,0,1,0,1,0,0,1,0,0,0
0,0,0,0,-0.9559778674420595,1,0,0,0,0,0,1,1,1,0.858459247276547,-0.6548842678193156,0,1,0,1,0,0,1,0,0,0
1,0,0,0,-0.9152721326034655,1,0,0,0,0,0,0,0,1,-1.4909347599346818,-0.9232141358597715,0,0,1,1,0,0,0,1,0,0
1,0,1,1,1.5270719577121736,1,1,1,1,0,0,1,0,1,1.0824480827098208,1.9176841618778822,0,1,0,1,0,0,0,1,0,0
1,0,0,1,-1.0780950719578415,1,0,0,0,1,0,1,1,0,0.9812383126251565,-0.7577553928817042,0,1,0,1,0,0,0,0,0,1
0,0,1,1,1.3235432835192036,1,0,1,1,1,0,0,0,0,-0.11879574583603324,0.690540965150938,1,0,0,0,1,0,1,0,0,0
1,0,0,1,0.8757802002946699,1,0,1,1,0,1,1,1,1,1.3578713914648095,1.5478222935357728,0,1,0,0,1,0,0,0,1,0
0,0,0,0,0.5501343215859179,1,0,0,0,0,0,0,1,0,-0.30794187353524244,0.17014830198322115,1,0,0,0,1,0,0,1,0,0
1,0,1,1,0.9164859351332638,1,1,0,0,1,0,1,0,1,0.8451858348064274,1.228408108803004,0,1,0,1,0,0,0,1,0,0
0,0,1,1,1.2828375486806096,1,1,0,0,0,0,0,0,1,-1.3565414586747175,-0.3258547282471688,0,0,1,0,0,1,0,0,0,1
1,0,0,0,1.2421318138420157,1,1,1,0,1,1,0,1,1,0.23129050806338025,0.9562145365348532,1,0,0,0,0,1,1,0,0,0
1,0,1,0,1.1200146093262338,1,1,0,0,0,0,0,0,0,-1.3532231055571875,-0.34923452939771166,0,0,1,0,1,0,1,0,0,0
0,0,0,0,0.8757802002946699,1,1,0,0,1,1,0,1,1,1.0011484313303363,1.2133484434609647,0,1,0,0,0,1,1,0,0,0
1,0,0,0,-1.0780950719578415,1,0,0,0,0,0,0,0,0,-0.6696423633460107,-0.8914483403059352,1,0,0,1,0,0,0,0,1,0
0,0,1,1,1.5677776925507676,1,1,1,1,1,0,1,0,1,1.1305642029140057,2.0900580573089265,0,1,0,0,0,1,0,1,0,0
0,0,1,1,0.346605647392948,1,0,0,0,1,0,1,1,1,0.9945117250952766,0.6790815696574326,0,1,0,1,0,0,1,0,0,0
1,0,1,0,0.590840056424512,1,1,0,1,1,0,0,0,1,0.6112419400205631,0.7743570034540109,0,1,0,1,0,0,1,0,0,0
1,0,0,0,-0.9152721326034655,1,0,0,0,0,0,0,0,0,-1.5075265255223318,-0.911249824472874,0,0,1,0,1,0,0,0,0,1
0,1,1,0,0.7129572609402939,1,1,0,1,0,0,1,0,1,0.7672045365444724,0.9071059776862483,0,1,0,1,0,0,0,0,1,0
1,0,0,1,-0.9559778674420595,1,0,0,0,0,0,1,0,0,-0.3178969328878323,-0.8129448953159435,1,0,0,1,0,0,0,0,1,0
1,0,1,1,0.7943687306174818,1,1,0,0,1,1,0,1,1,1.0393094921819312,1.1805947689852745,0,1,0,0,0,1,1,0,0,0
1,0,0,0,0.22448844287716607,1,0,0,0,0,0,0,0,0,-1.4876164068171518,-0.6898551816529446,0,0,1,0,1,0,0,0,0,1
1,0,0,0,-0.5082147842175256,1,0,0,0,0,0,1,0,0,0.4602568731729489,-0.2897861711670356,0,1,0,1,0,0,0,0,1,0
1,0,0,0,-1.2002122764736234,1,0,0,0,0,0,1,1,1,0.8982794846869069,-0.8932704280951325,0,1,0,1,0,0,0,0,1,0
1,0,1,0,0.590840056424512,1,1,0,1,1,0,1,1,1,1.2998002119080347,1.244214171552667,0,1,0,1,0,0,0,0,1,0
0,0,0,0,-0.4675090493789317,1,0,0,0,0,0,0,0,1,-1.462728758435677,-0.8193112261456688,0,0,1,0,0,1,0,1,0,0
0,0,0,0,-0.9559778674420595,1,0,0,0,0,0,0,0,0,-1.5075265255223318,-0.9443986505173056,0,0,1,1,0,0,1,0,0,0
1,0,1,0,1.6084834273893616,1,1,0,1,1,0,1,1,1,1.3230286837307448,2.269391010922809,0,1,0,0,0,1,1,0,0,0
0,0,1,1,-1.2002122764736234,1,0,0,0,0,0,0,0,1,0.15330920980142534,-0.9225116441820087,0,1,0,1,0,0,0,0,1,0
0,0,0,1,-0.5896262538947137,1,1,1,0,0,0,0,0,0,-0.24157481118464275,-0.5745587350401267,1,0,0,1,0,0,0,0,0,1
0,0,1,0,1.4456604880349857,1,1,0,0,0,0,0,0,1,-1.3266762806169474,-0.3013772838501216,0,0,1,0,0,1,0,1,0,0
1,0,1,0,1.1607203441648277,1,1,0,1,1,0,1,1,0,0.5299422886410788,1.1552392099910238,1,0,0,0,0,1,1,0,0,0
1,0,1,0,-0.38609757970174374,1,0,1,0,0,0,0,1,1,-0.16525268948145297,-0.3930963535280259,1,0,0,1,0,0,1,0,0,0
1,0,0,0,0.590840056424512,1,1,1,1,0,0,1,0,0,0.9911933719777464,0.9810871325006422,0,1,0,0,1,0,1,0,0,0
1,1,0,0,-0.7117434584104956,1,1,0,0,0,0,0,0,1,0.3076126297665698,-0.5125638444775604,0,1,0,1,0,0,0,1,0,0
0,0,1,1,0.1023712383613841,1,0,0,0,0,0,0,0,0,-1.5025489958460367,-0.6992071021131617,0,0,1,0,1,0,0,0,0,1
0,0,1,0,-0.019745966154397852,1,0,0,0,0,0,0,0,0,-1.5141632317573919,-0.7499621258315233,0,0,1,0,1,0,0,0,0,1
1,0,0,0,1.5677776925507676,1,1,1,0,0,1,0,1,0,1.085766435827351,1.925938439091595,0,1,0,0,1,0,0,1,0,0
0,0,1,0,0.7943687306174818,1,1,0,1,1,0,1,1,1,1.3313245665245697,1.4592205306779413,0,1,0,1,0,0,0,0,1,0
1,0,0,0,1.6084834273893616,0,0,1,1,1,1,1,1,1,-0.04081444757407856,0.9498921114349882,1,0,0,0,0,1,1,0,0,0
1,0,0,0,-0.8338606629262776,1,1,0,0,0,0,0,0,0,-1.3250171040581826,-0.8715809975442064,0,0,1,1,0,0,0,0,1,0
1,1,1,0,0.46872285190873,1,0,0,0,0,0,0,0,1,-1.5125040551986266,-0.6384196191217503,0,0,1,0,0,1,0,1,0,0
1,0,1,0,1.6084834273893616,1,1,1,1,1,0,1,1,1,1.4839688099309494,2.4494703619443143,0,1,0,0,0,1,0,0,1,0
0,1,0,0,-0.5896262538947137,1,1,0,1,0,1,0,0,1,0.680927355488693,-0.34925648226264183,0,1,0,1,0,0,0,0,1,0
0,0,0,0,-1.0373893371192475,1,1,0,0,0,0,0,0,1,0.29599839385521454,-0.7859428714519362,0,1,0,1,0,0,0,0,1,0
1,0,0,0,-0.9152721326034655,1,1,0,0,0,0,0,0,1,0.30595345320780487,-0.6539842003571821,0,1,0,1,0,0,0,0,0,1
1,0,1,1,0.387311382231542,1,0,0,0,0,0,0,0,0,-1.4826388771408567,-0.6350608307874469,0,0,1,0,1,0,0,0,0,1
1,0,1,0,1.6084834273893616,1,1,0,1,1,0,1,1,1,1.28818597599668,2.214991811626053,0,1,0,0,0,1,1,0,0,0
1,0,1,1,-0.1418631706701798,1,1,0,0,1,0,0,1,1,0.8053655973960674,0.1743193463199377,0,1,0,1,0,0,0,0,1,0
1,0,1,0,1.2421318138420157,1,1,1,0,0,1,0,0,1,0.6543805305484532,1.3507514250583803,0,1,0,0,0,1,0,1,0,0
0,0,0,0,-1.2816237461508113,1,0,0,0,0,0,0,0,1,-1.4942531130522119,-1.001673675119903,0,0,1,1,0,0,0,0,0,1
0,0,1,0,-0.2639803751859618,1,1,1,1,1,1,1,1,1,0.8352307754538371,0.004931040519385048,1,0,0,0,1,0,0,1,0,0
0,0,0,0,1.3235432835192036,1,1,1,1,0,1,0,0,1,0.8269348926600121,1.5557253249106042,0,1,0,0,1,0,0,0,1,0
1,0,1,1,1.5677776925507676,1,1,1,0,0,0,1,0,1,0.04214438036417105,1.0498874111915355,1,0,0,0,1,0,0,0,1,0
0,0,1,0,1.1607203441648277,1,1,0,1,0,0,1,1,1,1.1985904418233704,1.6113099789135852,0,1,0,0,0,1,1,0,0,0
0,0,0,0,0.7943687306174818,1,1,0,1,0,0,0,0,1,0.5067138168183688,0.8764817311087767,0,1,0,0,1,0,0,0,0,1
0,0,1,0,-1.2409180113122174,0,0,0,0,0,0,1,1,0,-0.6746198930223056,-0.9677784516678485,1,0,0,1,0,0,0,0,1,0
1,1,1,0,-0.1418631706701798,1,1,0,1,1,0,0,1,1,1.0276952562705766,0.19488918075942938,0,1,0,1,0,0,0,0,1,0
1,0,0,0,-0.6303319887333076,1,0,0,0,0,0,0,0,1,-1.4876164068171518,-0.8876944004028904,0,0,1,0,1,0,0,0,0,1
0,0,1,1,1.0386031396490458,1,0,0,0,0,0,0,0,0,-1.5058673489635668,-0.536382702926705,0,0,1,0,0,1,0,1,0,0
0,0,0,0,-1.1595065416350294,1,0,0,0,1,0,0,1,1,0.5946501744329131,-0.8700882027289605,0,1,0,1,0,0,0,1,0,0
1,0,1,0,-0.38609757970174374,1,1,1,1,1,0,1,0,1,1.1388600857078308,-0.05045603769922498,0,1,0,1,0,0,0,0,1,0
0,0,0,0,-0.06045170099299184,1,1,0,0,0,1,0,0,1,0.4950995809070136,0.045148689071304746,0,1,0,1,0,0,0,1,0,0
0,0,0,0,1.1607203441648277,1,1,0,1,1,0,1,1,1,1.2948226822317401,1.8096541135569228,0,1,0,0,1,0,0,0,1,0
1,1,0,0,-1.0780950719578415,1,0,0,0,0,0,1,0,1,0.49012205123071895,-0.7919360035778501,0,1,0,1,0,0,0,0,1,0
0,0,0,0,1.1607203441648277,1,1,1,0,1,1,1,1,0,0.7141108866639929,1.2618423220915271,1,0,0,0,0,1,0,1,0,0
1,0,1,1,1.0386031396490458,1,1,0,0,1,1,1,1,1,1.3313245665245697,1.626062304146604,0,1,0,0,1,0,1,0,0,0
0,0,0,0,-0.9152721326034655,1,0,0,0,0,0,0,0,1,-1.497571466169742,-0.923367805914282,0,0,1,0,1,0,0,0,0,1
0,1,1,0,0.9164859351332638,1,1,0,1,1,1,0,0,0,0.8468450113651922,1.2045453446239998,0,1,0,1,0,0,0,0,1,0
1,0,1,1,1.6084834273893616,1,1,1,1,1,1,1,1,1,1.7145943515992828,2.650207358865032,0,1,0,0,0,1,1,0,0,0
1,0,1,0,1.6084834273893616,1,1,1,1,1,1,0,1,0,1.3495755086709846,2.3183019939870433,0,1,0,0,0,1,1,0,0,0
1,0,1,0,0.30589991255435406,1,1,0,0,0,0,1,1,1,1.067515493680936,0.6171525376896565,0,1,0,1,0,0,1,0,0,0
0,0,1,0,-1.0780950719578415,1,0,0,0,0,0,0,0,0,-0.6397771852882409,-0.8683978321293437,1,0,0,1,0,0,0,0,0,1
0,0,1,1,1.5270719577121736,1,1,0,1,1,0,1,1,1,1.3794406867287545,2.2372959223950213,0,1,0,0,1,0,0,0,1,0
1,0,0,0,-0.10115743583158582,1,0,0,0,0,0,1,1,1,0.8402083051301322,0.1993456123402371,0,1,0,1,0,0,0,0,1,0
0,0,0,0,-1.2816237461508113,1,0,0,0,0,0,1,1,0,0.850163364482722,-0.9706542769736898,0,1,0,1,0,0,0,0,1,0
1,0,0,0,1.4049547531963917,1,1,1,1,1,1,1,1,0,1.7013209391291633,2.393292980588221,0,1,0,0,0,1,0,1,0,0
1,0,1,1,0.06166550352279012,1,0,0,0,0,0,0,0,0,-1.5042081724048018,-0.7123788210712141,0,0,1,0,1,0,0,1,0,0
0,1,0,0,-1.2409180113122174,1,1,0,0,0,0,1,1,1,0.9596690173612115,-0.9353979758959698,0,1,0,1,0,0,0,0,1,0
1,1,1,0,-1.0373893371192475,1,0,0,0,0,0,0,0,1,0.17156015194784016,-0.8051296754008325,0,1,0,1,0,0,0,0,0,1
1,1,0,0,-0.9966836022806536,1,0,0,0,0,0,0,0,1,0.1582867394777205,-0.7641656294412897,0,1,0,1,0,0,0,0,1,0
1,0,1,0,0.1023712383613841,1,1,0,0,0,1,0,1,1,0.8269348926600121,0.3775370169777548,0,1,0,1,0,0,1,0,0,0
1,0,1,0,-0.9559778674420595,1,1,1,0,0,0,0,1,1,0.7672045365444724,-0.6585943019925005,0,1,0,1,0,0,0,0,1,0
1,0,0,1,-1.0780950719578415,1,0,0,0,0,0,0,0,1,-1.4842980536996218,-0.9672296300445963,0,0,1,1,0,0,0,0,0,1
1,0,0,0,-1.1188008067964355,1,0,0,0,0,1,0,0,1,-0.5219756496159262,-0.9151793872953595,1,0,0,1,0,0,0,0,1,0
0,0,1,0,-1.2002122764736234,1,1,0,0,0,0,0,0,1,0.3258635719129846,-0.9096472653329776,0,1,0,1,0,0,0,1,0,0
1,0,0,0,0.1023712383613841,1,0,0,0,0,0,0,0,1,-1.5191407614336867,-0.7302923588541652,0,0,1,0,1,0,0,0,0,1
0,0,1,0,-0.7117434584104956,1,1,0,0,0,0,0,0,1,-0.45892694038285664,-0.6981753174614476,1,0,0,1,0,0,0,0,1,0
1,1,1,0,-0.6303319887333076,1,0,0,1,0,0,0,0,1,0.38227557491099445,-0.46887764326668685,0,1,0,1,0,0,0,0,1,0
0,0,1,1,0.020959768684196134,1,1,0,0,0,0,0,0,0,-1.3532231055571875,-0.6590333592911022,0,0,1,0,1,0,0,1,0,0
0,0,0,0,-1.2002122764736234,0,0,0,1,0,0,1,1,1,-0.47551870597050655,-0.9422033640242969,1,0,0,1,0,0,0,0,1,0
1,0,1,0,1.4456604880349857,1,0,1,1,1,0,0,1,0,0.1997661534468453,1.0713573130931604,1,0,0,0,0,1,1,0,0,0
0,0,1,1,1.1200146093262338,1,1,1,1,1,1,1,1,0,1.6697965845126284,1.956935884372878,0,1,0,0,0,1,0,1,0,0
0,0,1,1,-0.38609757970174374,1,1,1,0,0,0,0,0,0,0.5614666432576133,-0.21534400618910995,0,1,0,0,1,0,0,1,0,0
0,0,1,1,0.1023712383613841,1,1,0,0,0,0,0,0,0,-1.3482455758808924,-0.649681438830885,0,0,1,0,0,1,1,0,0,0
0,0,1,1,1.2421318138420157,1,0,0,0,0,0,0,0,0,-1.4909347599346818,-0.47948087702791903,0,0,1,0,0,1,0,1,0,0
0,0,0,0,-1.2409180113122174,1,0,0,0,0,0,0,0,0,-0.6795974226986006,-0.9741008767677136,1,0,0,1,0,0,0,0,1,0
1,0,1,1,-1.2002122764736234,1,0,1,1,0,0,1,0,0,0.8269348926600121,-0.9013490823894046,0,1,0,1,0,0,0,0,1,0
0,1,1,0,1.1200146093262338,1,1,0,1,1,0,1,1,1,1.359530568023575,1.800104617312335,0,1,0,1,0,0,0,0,1,0
1,1,0,0,-1.2816237461508113,0,0,0,0,1,0,0,1,1,-0.8388783723400399,-0.9930022934725186,1,0,0,1,0,0,0,0,1,0
1,1,1,0,0.9164859351332638,1,1,0,1,1,1,1,1,1,1.6150437580733834,1.7524449475491157,0,1,0,0,0,1,0,0,1,0
1,1,0,0,-1.2002122764736234,1,1,0,1,1,0,1,1,1,1.3296653899658049,-0.8811304937887943,0,1,0,1,0,0,0,0,1,0
1,0,0,0,-1.2816237461508113,1,0,0,0,0,1,0,0,1,0.36402463276457964,-0.9770864663982054,0,1,0,1,0,0,0,0,1,0
1,0,1,0,-0.7524491932490895,0,0,0,0,0,0,1,1,0,-0.6165487134655309,-0.7172523570856933,1,0,0,1,0,0,0,0,1,0
1,0,1,1,-0.019745966154397852,1,1,1,0,0,0,1,1,1,1.1488151450604207,0.39661405660200066,0,1,0,1,0,0,0,1,0,0
1,0,0,0,0.1023712383613841,1,0,0,0,0,0,0,0,0,-1.466047111553207,-0.6855524201266474,0,0,1,1,0,0,1,0,0,0
0,0,1,1,1.0386031396490458,0,0,0,0,1,1,1,1,1,-0.3129194032115374,0.38003964357978487,1,0,0,0,0,1,0,1,0,0
0,0,1,1,0.1023712383613841,0,0,1,0,0,1,1,0,1,-0.6165487134655309,-0.2806757322210494,1,0,0,0,0,1,0,1,0,0
0,0,1,0,1.0793088744876398,1,0,1,0,1,0,0,0,1,0.5415565245524336,1.0265734686357826,0,1,0,0,1,0,0,1,0,0
0,0,1,0,-1.2409180113122174,1,0,0,0,0,0,0,0,1,0.1815152113004305,-0.9424448455385277,0,1,0,1,0,0,0,1,0,0
1,1,0,0,-0.3453918448631497,1,1,0,1,1,0,1,1,1,1.2616391510564402,0.08578344205689602,0,1,0,1,0,0,0,1,0,0
0,0,1,1,0.8350744654560759,1,0,0,0,0,0,0,0,1,-1.4959122896109767,-0.5540328063304951,0,0,1,0,1,0,1,0,0,0
0,0,0,1,-0.5896262538947137,1,0,0,0,0,0,0,0,0,-1.4859572302583868,-0.8388053702035863,0,0,1,0,1,0,1,0,0,0
1,0,0,0,-1.2816237461508113,1,0,0,0,0,1,0,0,0,-0.5269531792922214,-0.9888751548656621,1,0,0,1,0,0,0,0,0,1
1,0,1,1,1.5270719577121736,1,1,1,1,1,1,0,1,0,0.44532428414406383,1.3806731799580891,1,0,0,0,1,0,1,0,0,0
0,1,0,0,0.7129572609402939,1,1,0,0,1,1,1,1,1,1.32800621340704,1.2824999679907394,0,1,0,1,0,0,0,0,1,0
1,0,1,0,1.2828375486806096,1,1,0,1,1,1,1,0,1,0.3706613389996392,1.1053183951400056,1,0,0,0,0,1,1,0,0,0
1,0,1,0,1.6084834273893616,0,0,1,1,1,0,0,0,0,-0.7575787209605552,0.2900768030962875,1,0,0,0,0,1,1,0,0,0
1,1,1,0,1.6084834273893616,1,0,1,1,0,1,0,0,1,0.659358060224748,1.6861253425953222,0,1,0,0,0,1,0,1,0,0
1,1,1,0,-0.7117434584104956,1,1,0,0,0,0,0,1,1,0.6859048851649877,-0.41963736722850137,0,1,0,1,0,0,1,0,0,0
0,1,1,0,1.3235432835192036,1,1,1,0,1,0,1,1,0,1.3379612727596297,1.9692075358687966,0,1,0,1,0,0,1,0,0,0
1,0,1,0,-0.1825689055087738,1,0,0,0,0,1,0,0,0,0.3855939280285242,-0.10358197083003598,0,1,0,1,0,0,1,0,0,0
1,0,0,0,-1.2002122764736234,1,0,0,0,1,0,0,1,0,0.689223238282518,-0.89768295394608,0,1,0,1,0,0,0,1,0,0
0,1,0,0,0.428017117070136,1,0,1,1,0,1,1,1,1,1.4341935131679995,1.009559998314965,0,1,0,1,0,0,0,1,0,0
1,0,1,1,-0.22327464034736777,1,1,0,0,0,1,1,1,0,0.22133544871078992,-0.15113187626860491,1,0,0,1,0,0,1,0,0,0
1,1,1,0,1.6084834273893616,1,1,0,1,1,0,1,1,1,1.3014593884668002,2.365917758020402,0,1,0,0,0,1,1,0,0,0
0,0,0,0,-1.2816237461508113,0,0,1,0,0,0,0,0,0,-1.1624178012992135,-0.9972831021338856,1,0,0,1,0,0,0,0,0,1
0,0,0,0,0.7943687306174818,1,0,0,0,1,0,0,1,1,-0.18184445506910288,0.3259477843920499,1,0,0,1,0,0,0,0,1,0
1,0,0,0,-1.2409180113122174,1,1,0,0,0,0,1,0,1,0.6875640617237531,-0.9307220156658612,0,1,0,1,0,0,0,0,1,0
1,0,0,0,-1.2002122764736234,0,0,0,0,0,0,0,0,0,-1.3216987509406526,-0.9753741429336585,1,0,0,1,0,0,0,0,1,0
1,1,1,0,-0.1418631706701798,1,1,0,0,0,0,0,1,1,0.642766294637098,0.02477643041618379,0,1,0,1,0,0,0,0,1,0
0,0,1,1,1.3235432835192036,1,1,0,0,0,0,0,0,0,-1.2918335728828827,-0.283836944770982,0,0,1,0,0,1,0,1,0,0
0,0,1,0,0.9164859351332638,1,1,1,1,0,1,0,0,1,0.03716685068787588,0.5096493581270196,1,0,0,0,1,0,0,1,0,0
1,0,1,1,1.6084834273893616,1,1,1,1,1,0,0,0,0,-0.015926799192603674,1.0619395340381532,1,0,0,0,0,1,0,1,0,0
0,0,0,0,1.2421318138420157,1,0,0,0,0,0,0,0,1,-1.4710246412295018,-0.440207201667993,0,0,1,0,0,1,0,0,0,1
1,0,1,1,-1.1188008067964355,1,1,0,0,0,1,0,0,1,-0.3062826969764773,-0.8965194521047853,1,0,0,1,0,0,0,0,0,1
1,0,0,0,1.0793088744876398,1,0,0,0,0,0,0,0,0,-1.5125040551986266,-0.5276235098196003,0,0,1,0,0,1,0,0,0,1
0,0,1,1,1.4863662228735797,0,0,1,0,1,0,0,1,1,-0.6961891882862504,0.28924259422894416,1,0,0,0,0,1,0,1,0,0
1,0,0,0,-0.22327464034736777,1,0,1,0,1,1,1,0,0,0.14667250356636527,-0.16421578376693688,1,0,0,0,1,0,0,1,0,0
1,0,0,0,-0.7117434584104956,0,0,0,0,1,0,1,1,0,-0.4705411762942116,-0.7082516824643577,1,0,0,0,1,0,0,0,1,0
1,0,0,1,-1.2816237461508113,1,0,0,0,0,0,0,0,1,-1.5141632317573919,-1.0019371094990641,0,0,1,1,0,0,0,0,0,1
0,0,0,0,0.30589991255435406,1,0,0,0,1,0,0,0,1,-0.4871329418818615,-0.12195651877651902,1,0,0,0,1,0,0,0,0,1
0,0,0,0,-1.2002122764736234,1,0,0,1,0,1,1,1,1,0.3441145140593994,-0.9032370287733921,1,0,0,1,0,0,0,0,1,0
1,0,0,0,-1.0373893371192475,1,0,0,0,0,0,0,0,0,-0.6978483648450156,-0.8881773634313522,1,0,0,1,0,0,0,0,0,1
1,0,1,0,-0.1825689055087738,1,1,0,1,1,0,1,0,0,1.050923728093286,0.1681725441395133,0,1,0,1,0,0,0,1,0,0
0,0,0,0,0.5094285867473239,1,0,1,1,0,1,0,0,1,-0.07897550842567357,0.21739086731276874,1,0,0,0,1,0,0,1,0,0
0,0,0,0,-1.1188008067964355,0,0,0,0,1,0,0,1,0,-0.8438559020163349,-0.9178795896817602,1,0,0,1,0,0,0,0,1,0
1,0,0,0,-0.8338606629262776,1,0,1,0,0,1,0,0,0,-0.27475834235994256,-0.7228942433727258,1,0,0,1,0,0,0,0,0,1
0,0,1,0,-0.4675090493789317,1,1,0,0,0,0,1,1,1,0.9746016063900964,-0.15497362763137018,0,1,0,1,0,0,0,0,1,0
1,0,1,1,1.5270719577121736,1,1,0,0,0,0,0,0,0,-1.3117436915880627,-0.22798885638884017,0,0,1,0,0,1,0,0,0,1
0,0,1,0,1.5270719577121736,1,1,0,0,1,0,1,1,1,1.085766435827351,2.0553066721245985,0,1,0,0,1,0,0,0,1,0
1,0,0,0,1.2828375486806096,1,1,1,0,1,1,0,1,0,1.1388600857078308,1.8651729089651135,0,1,0,0,0,1,0,1,0,0
0,0,1,0,1.5270719577121736,1,0,1,1,1,1,1,1,0,0.7141108866639929,1.6020678227780183,1,0,0,0,0,1,0,1,0,0
1,0,1,0,1.6084834273893616,1,1,1,1,1,1,1,1,1,1.679751643865218,2.6887785425471944,0,1,0,0,0,1,0,0,1,0
0,0,0,0,-0.6303319887333076,1,0,0,0,0,0,0,0,0,-1.5008898192872717,-0.8609777637829743,0,0,1,1,0,0,0,1,0,0
1,0,0,1,-1.2816237461508113,1,0,0,0,0,0,0,0,0,-1.466047111553207,-1.0013004764160915,0,0,1,1,0,0,0,0,0,1
1,0,1,1,0.18378270803857208,1,0,0,0,0,0,0,0,0,-1.497571466169742,-0.7131471713437672,0,0,1,0,1,0,0,1,0,0
1,0,0,0,-0.9966836022806536,1,0,0,0,0,0,0,0,1,-1.4760021709057967,-0.9391519157990147,0,0,1,1,0,0,0,1,0,0
1,0,1,0,0.22448844287716607,1,1,1,0,0,0,1,0,0,0.888324425334317,0.5170913793383193,0,1,0,1,0,0,1,0,0,0
1,0,1,0,-0.3453918448631497,1,0,1,0,0,1,0,1,1,0.8070247739548323,-0.040006473992503594,0,1,0,1,0,0,0,0,1,0
0,0,0,0,-1.1188008067964355,1,1,0,0,1,0,1,1,1,1.1803394996769556,-0.7847354638807814,0,1,0,1,0,0,0,0,1,0
1,0,0,1,0.8350744654560759,1,0,0,0,0,0,0,0,0,-1.4992306427285067,-0.5483689671785327,0,0,1,0,0,1,1,0,0,0
0,0,1,1,-0.8338606629262776,0,0,0,1,0,0,0,0,0,-1.185646273121923,-0.8746983043642788,1,0,0,1,0,0,0,0,0,1
1,0,1,0,0.06166550352279012,1,0,0,0,0,0,0,0,0,-1.4892755833759168,-0.7122910096114937,0,0,1,0,0,1,0,1,0,0
1,0,0,1,1.5270719577121736,1,1,1,1,1,1,1,1,1,1.6482272892486831,2.450458240866168,0,1,0,0,0,1,0,0,1,0
1,0,0,0,-1.2002122764736234,1,0,0,0,0,0,0,0,0,-1.4677062881119718,-0.9851651206924775,0,0,1,1,0,0,0,0,0,1
0,0,1,1,0.9164859351332638,1,1,1,0,1,1,1,1,1,0.6693131195773377,1.034696028659915,1,0,0,0,0,1,1,0,0,0
0,1,1,0,0.631545791263106,1,1,1,1,1,1,1,1,0,1.742800353098288,1.3775778260029468,0,1,0,1,0,0,0,0,1,0
0,0,1,1,1.4456604880349857,1,1,0,0,0,0,1,0,1,0.5996277041092083,1.4859810730277174,0,1,0,0,1,0,0,0,1,0
0,0,1,0,0.9571916699718578,1,1,0,0,0,0,0,0,0,-1.3482455758808924,-0.45645232171625755,0,0,1,0,1,0,0,0,1,0
0,0,1,0,-1.0373893371192475,1,1,0,0,0,0,1,0,1,0.7157700632227577,-0.754660038926562,0,1,0,1,0,0,0,0,1,0
1,0,0,0,0.1023712383613841,1,0,0,1,1,0,1,1,1,1.24172903235126,0.5816547550977056,0,1,0,0,1,0,1,0,0,0
0,1,0,0,-1.2409180113122174,1,1,0,0,1,0,0,1,1,0.7837963021321224,-0.9317098945877151,0,1,0,1,0,0,0,0,1,0
0,0,0,0,-0.4675090493789317,1,0,0,1,1,0,0,1,1,0.8335715988950722,-0.19249107379688912,0,1,0,1,0,0,0,0,1,0
1,0,1,1,0.6722515261016999,0,0,1,0,0,0,0,1,1,-0.8538109613689248,-0.20335774193728226,1,0,0,1,0,0,0,0,1,0
1,0,1,1,1.1200146093262338,1,0,0,0,0,0,0,0,0,-1.5025489958460367,-0.5003360987115019,0,0,1,0,0,1,0,1,0,0
1,1,0,0,-0.019745966154397852,1,1,0,0,1,0,0,0,1,0.5365789948761385,0.1395899140005398,0,1,0,1,0,0,0,1,0,0
1,0,1,0,0.8757802002946699,1,1,0,1,1,0,1,1,1,1.3064369181430948,1.3069993652527163,0,1,0,1,0,0,0,0,1,0
0,0,1,1,0.590840056424512,0,0,1,1,1,0,1,1,1,-0.16359351292268806,0.20518507441164038,1,0,0,0,0,1,0,1,0,0
0,0,0,1,-0.30468611002455576,1,0,0,1,0,1,0,0,1,-0.3378070515930122,-0.45441070527775945,1,0,0,0,1,0,0,1,0,0
1,0,0,0,-1.1595065416350294,1,0,0,0,0,0,0,0,1,-0.6679831867872458,-0.9330490193484505,1,0,0,1,0,0,0,1,0,0
1,0,0,0,1.6084834273893616,1,0,0,0,0,0,0,0,0,-1.4959122896109767,-0.380758843437317,0,0,1,0,0,1,1,0,0,0
0,0,0,0,-1.2816237461508113,1,0,0,0,0,0,0,0,1,0.19478862377055015,-0.9793256586210742,0,1,0,1,0,0,0,0,0,1
1,0,0,0,-0.5896262538947137,1,1,0,0,0,0,1,0,0,0.642766294637098,-0.33518469584245586,0,1,0,1,0,0,1,0,0,0
0,0,0,0,-1.2816237461508113,0,0,0,0,0,0,0,0,1,-1.3200395743818876,-0.9993686243022438,1,0,0,1,0,0,0,0,0,1
1,0,1,1,-1.0373893371192475,0,0,1,1,1,0,1,1,0,-0.20175457377428285,-0.8059419314032457,1,0,0,1,0,0,0,0,0,1
1,0,1,1,1.1200146093262338,1,0,0,0,0,0,0,0,1,-1.459410405318147,-0.45256666462363215,0,0,1,0,0,1,1,0,0,0
1,0,0,0,-0.9559778674420595,1,1,0,0,0,0,1,0,1,0.6776090023711627,-0.6773420486427949,0,1,0,1,0,0,0,0,1,0
1,1,1,0,-0.1418631706701798,1,1,0,0,0,0,0,0,1,-0.4423351747952067,-0.3772902907783631,1,0,0,1,0,0,0,0,1,0
0,0,1,1,0.7536629957788878,1,1,0,0,1,0,0,1,1,0.8368899520126024,0.9894292211740754,0,1,0,0,1,0,0,0,1,0
1,1,0,0,-1.1595065416350294,0,0,0,0,0,0,0,0,1,-1.3183803978231226,-0.965407542255399,1,0,0,1,0,0,1,0,0,0
0,0,0,0,0.18378270803857208,1,0,0,0,0,0,0,0,0,-1.4959122896109767,-0.6660802289336601,0,0,1,0,0,1,0,0,0,1
0,0,0,0,0.7129572609402939,1,0,0,0,0,0,0,0,0,-1.4992306427285067,-0.576161294180023,0,0,1,0,1,0,1,0,0,0
1,0,1,1,0.9571916699718578,0,0,0,1,1,0,0,0,1,-0.9566799080123543,-0.14480945116873978,1,0,0,0,1,0,0,1,0,0
1,0,1,1,-0.8745663977648716,1,0,0,0,0,0,0,0,0,-1.459410405318147,-0.8930289465809016,0,0,1,1,0,0,1,0,0,0
1,0,1,1,0.1023712383613841,1,1,0,1,0,0,1,0,1,0.8202981864249524,0.37771263989719556,0,1,0,1,0,0,1,0,0,0
1,0,1,1,0.7129572609402939,1,1,0,1,1,0,1,1,1,1.2915043291142099,1.1927347032916125,0,1,0,1,0,0,1,0,0,0
1,0,0,1,-1.2816237461508113,1,1,0,0,0,0,0,0,1,0.3125901594428645,-0.9777670052110381,0,1,0,1,0,0,0,0,1,0
1,0,1,1,0.7536629957788878,0,0,1,1,1,0,1,1,0,-0.18682198474539805,0.3131931698676694,1,0,0,0,1,0,0,0,1,0
0,0,0,0,0.590840056424512,1,1,1,1,0,1,0,1,0,0.3026351000902746,0.5246651177391993,1,0,0,0,0,1,0,0,0,1
0,1,0,0,-0.019745966154397852,1,0,0,1,0,1,0,0,0,-0.34112540471054226,-0.20689215319102638,1,0,0,1,0,0,1,0,0,0
0,0,1,1,1.4049547531963917,0,0,0,1,1,1,1,1,1,-0.1785261019515731,0.7914363323696186,1,0,0,0,0,1,0,0,1,0
0,0,1,1,0.7129572609402939,1,1,1,1,1,1,0,1,1,0.5017362871420736,0.7643464970458911,1,0,0,0,1,0,1,0,0,0
1,0,0,0,-1.2002122764736234,1,1,0,0,1,0,1,1,1,1.2151822074110203,-0.8794181703242475,0,1,0,1,0,0,1,0,0,0
0,0,0,1,-1.1595065416350294,1,1,0,1,1,0,0,0,0,0.634470411843273,-0.8639633534134661,0,1,0,1,0,0,1,0,0,0
0,1,1,1,-0.7524491932490895,1,1,0,0,0,0,1,1,1,1.0243769031530463,-0.41930807425455,0,1,0,1,0,0,0,0,1,0
1,1,0,0,0.26519417771576004,1,1,0,1,0,0,0,1,0,0.8551408941590172,0.4882014090903244,0,1,0,1,0,0,0,0,1,0
0,0,1,0,-1.2816237461508113,1,0,1,1,0,0,0,0,1,-0.37762728900337217,-0.9868993970219543,1,0,0,1,0,0,0,0,0,1
1,0,1,0,-0.3453918448631497,1,1,0,0,1,0,1,1,1,1.1985904418233704,0.03972633143357325,0,1,0,1,0,0,0,0,1,0
1,0,1,1,-0.30468611002455576,1,0,0,0,0,1,1,0,0,0.695859944517578,-0.04490196287191288,0,1,0,1,0,0,0,0,1,0
1,0,1,0,1.2421318138420157,1,1,1,1,1,1,0,1,0,0.5000771105833088,1.2025256810504314,1,0,0,0,1,0,0,1,0,0
1,0,1,0,-1.1188008067964355,1,1,0,1,0,0,0,0,1,0.5432157011111984,-0.8276313619541719,0,1,0,1,0,0,0,0,1,0
0,0,0,0,-0.7117434584104956,1,1,0,0,0,0,0,0,1,-0.5252940027334563,-0.7120495280972627,1,0,0,1,0,0,0,0,1,0
1,0,1,1,-1.0373893371192475,1,0,1,0,0,0,0,0,1,-0.5037247074695115,-0.86495123233532,1,0,0,0,1,0,0,0,1,0
0,0,1,1,1.4049547531963917,1,1,1,0,0,1,1,1,0,1.3860773929638146,2.0671612191868456,0,1,0,0,0,1,0,1,0,0
0,0,0,0,-1.2816237461508113,1,0,0,0,0,0,0,0,1,0.14169497389007057,-0.9800281502988372,0,1,0,1,0,0,0,0,1,0
0,0,1,1,-1.2816237461508113,1,0,0,0,0,0,0,0,1,-1.4743429943470319,-1.001410240740742,0,0,1,1,0,0,0,0,0,1
1,0,0,0,-0.9152721326034655,1,0,0,0,0,0,0,1,1,-0.2714399892424126,-0.7894553298407502,1,0,0,1,0,0,1,0,0,0
1,0,1,0,0.346605647392948,1,0,0,0,0,0,0,0,1,-1.4992306427285067,-0.6155008281347393,0,0,1,0,0,1,0,0,1,0
1,0,1,1,1.1200146093262338,1,0,0,1,0,1,1,1,0,0.39886734049864436,0.984643496619316,1,0,0,0,0,1,1,0,0,0
1,0,1,0,-0.4268033145403377,1,1,0,0,0,0,0,1,1,0.6693131195773377,-0.1877492549719903,0,1,0,1,0,0,0,0,1,0
0,1,0,0,-0.9966836022806536,1,0,0,0,1,0,0,0,1,0.3026351000902746,-0.7469106776062412,0,1,0,1,0,0,1,0,0,0
0,0,0,0,-0.9152721326034655,1,1,0,1,0,0,0,0,1,0.5017362871420736,-0.6456860174136091,0,1,0,1,0,0,1,0,0,0
0,1,1,0,1.2828375486806096,1,0,1,1,1,0,0,1,0,1.064197140563406,1.8131226662158766,0,1,0,0,1,0,1,0,0,0
1,1,1,0,-0.8338606629262776,1,1,0,1,0,0,1,1,1,1.2085455011759603,-0.47539764415092284,0,1,0,1,0,0,0,0,1,0
0,0,1,1,0.590840056424512,1,1,1,1,0,1,1,1,1,0.6759498258123978,0.7929071743199346,1,0,0,0,0,1,0,1,0,0
0,0,1,0,-0.3453918448631497,1,0,0,1,0,0,1,1,1,0.14999085668389553,-0.3017504825539331,1,0,0,1,0,0,1,0,0,0
0,0,1,1,-1.2409180113122174,1,0,0,0,0,0,0,0,1,0.2229946252695553,-0.950808887076891,0,1,0,1,0,0,0,0,1,0
0,0,0,0,-0.22327464034736777,1,1,0,0,0,0,1,1,1,1.0177401969179862,0.12905253883409795,0,1,0,1,0,0,1,0,0,0
1,0,0,0,-0.4268033145403377,0,0,0,1,1,0,0,1,1,-0.7028258945213105,-0.613678740345542,1,0,0,0,1,0,1,0,0,0
0,0,1,0,1.6084834273893616,1,1,1,1,1,0,1,1,1,1.517152341106249,2.530871585105077,0,1,0,0,0,1,0,1,0,0
1,0,1,0,-1.2409180113122174,1,0,0,1,0,1,0,1,1,-0.024222681986428636,-0.9473403344179372,1,0,0,1,0,0,0,0,0,1
1,0,0,0,-0.2639803751859618,1,1,0,0,0,0,0,1,1,0.6311520587257433,-0.020687952854026866,0,1,0,1,0,0,0,0,1,0
1,0,0,0,-1.2409180113122174,1,1,1,0,0,0,0,1,0,0.8568000707177821,-0.933685652431423,0,1,0,1,0,0,0,0,0,1
0,1,0,0,-1.2816237461508113,1,0,0,0,0,0,0,0,1,-1.5091857020810966,-1.001871250904274,0,0,1,1,0,0,0,0,1,0
1,0,0,0,-0.22327464034736777,1,1,0,0,1,1,0,0,0,-0.18184445506910288,-0.3028042200705772,1,0,0,1,0,0,0,0,1,0
1,1,0,0,-1.2816237461508113,1,1,0,0,0,0,1,1,1,0.9646465470375066,-0.9691395292935139,0,1,0,1,0,0,0,0,1,0
1,0,0,0,0.7943687306174818,1,0,0,0,0,0,0,0,0,-1.457751228759382,-0.5242866743502269,0,0,1,0,0,1,1,0,0,0
0,0,1,0,-0.6710377235719016,1,0,0,1,0,0,1,1,1,0.9862158423014517,-0.3688823435101397,0,1,0,1,0,0,1,0,0,0
0,0,0,0,-1.0780950719578415,1,0,0,0,0,0,0,0,0,-1.5025489958460367,-0.959107070020464,0,0,1,0,0,1,0,1,0,0
1,1,0,0,-0.22327464034736777,1,1,0,1,0,0,0,0,1,0.5481932307874936,-0.07870937486424716,0,1,0,1,0,0,0,0,1,0
0,0,1,1,-0.38609757970174374,1,0,0,0,0,0,0,0,0,-1.4892755833759168,-0.828158230712494,0,0,1,0,1,0,0,0,0,1
1,0,0,1,-1.2816237461508113,1,0,0,0,0,0,0,0,0,-1.5058673489635668,-1.0018273451744135,0,0,1,1,0,0,0,0,0,1
1,0,0,1,-0.019745966154397852,1,0,0,0,0,0,0,0,0,-1.4743429943470319,-0.7044757896963827,0,0,1,0,0,1,0,0,0,1
0,0,1,0,1.5677776925507676,1,1,0,0,0,0,0,0,1,-1.2934927494416477,-0.21927356901159548,0,0,1,0,0,1,0,1,0,0
0,0,0,0,-0.6303319887333076,1,0,0,0,0,0,0,0,0,-1.5108448786398618,-0.8532064495977234,0,0,1,0,0,1,0,0,0,1
0,1,0,0,0.590840056424512,1,1,0,1,1,0,0,0,1,0.6726314726948681,0.7323611728427541,0,1,0,1,0,0,1,0,0,0
1,0,0,0,-0.10115743583158582,1,1,1,1,1,0,0,0,0,0.8451858348064274,0.22801605393893107,0,1,0,0,1,0,1,0,0,0
1,0,1,0,-0.9966836022806536,1,0,1,0,0,0,0,0,0,0.3341594547068096,-0.7325095982121039,0,1,0,1,0,0,0,0,1,0
0,0,1,1,0.020959768684196134,1,0,0,0,0,0,0,0,0,-1.497571466169742,-0.7288215169038493,0,0,1,0,0,1,0,1,0,0
0,0,1,1,-0.7931549280876836,1,0,0,0,0,0,1,1,0,0.7771595958970623,-0.4735316506318654,0,1,0,1,0,0,0,0,1,0
1,0,0,0,-1.1188008067964355,1,0,0,1,0,0,0,0,1,0.32254521879545484,-0.8419665827535187,0,1,0,1,0,0,0,0,1,0
1,0,0,0,-1.2816237461508113,1,0,0,0,0,0,0,0,0,-1.4909347599346818,-1.001629769390043,0,0,1,1,0,0,0,0,0,1
0,0,1,1,1.6084834273893616,0,0,1,1,1,1,1,1,1,0.008960849188871207,1.0902367769330354,1,0,0,0,0,1,0,1,0,0
0,1,0,0,-0.7117434584104956,1,1,0,0,0,1,0,0,0,-0.3295111687991873,-0.6780006345906975,1,0,0,1,0,0,0,1,0,0
1,0,0,0,-1.2816237461508113,1,0,0,0,0,0,0,0,1,0.14667250356636527,-0.9799622917040468,0,1,0,1,0,0,0,0,1,0
1,0,0,0,0.346605647392948,1,0,0,1,0,1,1,0,1,0.8169798333074222,0.6271630440977763,0,1,0,0,1,0,0,0,1,0
0,1,0,0,1.5677776925507676,1,1,1,1,0,1,1,0,1,1.152133498177951,2.1425693102216954,0,1,0,0,1,0,0,1,0,0
0,0,0,0,-1.2409180113122174,1,0,0,0,0,0,0,0,1,-0.6530505977583607,-0.9778328638058285,1,0,0,1,0,0,0,0,0,1
1,0,0,0,-0.9152721326034655,1,0,0,0,0,0,0,0,1,-0.6430955384057709,-0.8336464469450158,1,0,0,1,0,0,0,0,1,0
1,0,1,0,0.9571916699718578,1,1,1,1,1,0,0,0,1,0.9364405455385019,1.2963741786265541,0,1,0,0,1,0,0,0,1,0
0,1,0,0,-1.2816237461508113,1,0,0,0,0,0,0,0,1,0.16658262227154547,-0.9796988573248858,0,1,0,1,0,0,0,0,1,0
0,0,1,1,1.2828375486806096,1,1,1,1,1,1,1,1,1,0.8518225410414869,1.5437829663886369,1,0,0,0,0,1,0,0,0,1
1,1,1,0,1.2421318138420157,1,1,1,1,1,0,1,1,0,1.4458077490793544,2.0594338107314547,0,1,0,0,0,1,0,1,0,0
1,0,0,0,-1.2816237461508113,1,0,0,0,0,0,0,0,0,-1.5141632317573919,-1.0019371094990641,0,0,1,1,0,0,0,1,0,0
0,1,0,0,-0.6710377235719016,1,1,1,0,0,0,0,0,1,-0.3593763468569571,-0.6200889769051274,1,0,0,1,0,0,0,0,1,0
0,0,1,1,-0.2639803751859618,1,0,1,1,0,0,0,0,0,0.5647849963751436,-0.10154035439153783,0,1,0,1,0,0,0,0,1,0
1,0,1,0,1.5677776925507676,1,1,1,1,0,1,0,0,0,0.007301672630106309,1.0451455923666364,1,0,0,0,0,1,1,0,0,0
1,0,1,1,1.4456604880349857,1,1,1,1,1,1,1,1,1,0.7937513614847123,1.6821957797728366,1,0,0,0,0,1,0,1,0,0
1,0,0,0,-0.5489205190561197,1,1,0,0,1,1,0,0,0,-0.1785261019515731,-0.5078659313825218,1,0,0,1,0,0,0,0,1,0
0,0,0,0,0.631545791263106,1,1,0,0,0,0,0,0,0,-1.3399496930870676,-0.48180788071050823,0,0,1,0,1,0,1,0,0,0
1,0,1,0,1.5677776925507676,1,1,1,1,1,1,1,1,0,0.850163364482722,1.8013120248834897,1,0,0,0,0,1,1,0,0,0
1,1,1,1,1.6084834273893616,1,1,1,1,1,1,1,1,1,1.686388350100278,2.6772971941887587,0,1,0,0,0,1,0,1,0,0
1,0,0,0,-0.6303319887333076,1,1,1,1,1,1,1,0,1,1.3844182164050498,-0.27626320637010193,0,1,0,1,0,0,1,0,0,0
1,0,1,1,0.26519417771576004,1,1,0,0,0,0,0,0,0,-1.3183803978231226,-0.5766442572084849,0,0,1,0,0,1,0,0,0,1
0,0,0,0,-0.7931549280876836,1,0,0,0,0,0,0,0,0,-1.4842980536996218,-0.8904385085191513,0,0,1,0,1,0,0,0,0,1
1,0,0,0,0.590840056424512,1,1,0,1,1,0,1,1,1,1.266616680732735,1.1362719346914285,0,1,0,0,1,0,0,0,1,0
1,0,0,0,0.1023712383613841,1,0,0,0,0,0,0,0,0,-1.442818639730497,-0.7006779440634775,0,0,1,0,0,1,1,0,0,0
1,0,0,0,-0.9559778674420595,1,0,0,0,1,0,1,1,1,0.9663057235962715,-0.6540500589519723,0,1,0,1,0,0,0,0,1,0
1,0,0,0,0.8757802002946699,1,1,1,1,0,1,1,1,1,1.4292159834917044,1.5188445118280578,0,1,0,0,0,1,0,1,0,0
0,0,1,1,1.6084834273893616,1,1,1,1,1,1,1,1,0,0.8236165395424823,1.8855671204851643,1,0,0,0,0,1,0,1,0,0
1,0,0,1,1.5677776925507676,1,1,1,1,0,0,0,0,1,0.680927355488693,1.6366435850429057,0,1,0,0,1,0,0,1,0,0
0,0,0,0,0.6722515261016999,1,0,0,0,1,1,1,1,1,0.31590851256039476,0.6237164443037527,1,0,0,0,0,1,1,0,0,0
0,1,1,0,0.8757802002946699,1,0,0,0,0,0,0,0,1,-1.5257774676687466,-0.5576989347738197,0,0,1,0,0,1,0,0,0,1
1,1,0,0,-0.5489205190561197,1,0,1,0,0,0,0,1,1,0.7423168881629976,-0.2915424003614426,0,1,0,1,0,0,0,0,1,0
0,0,1,0,1.6084834273893616,1,1,1,1,1,1,1,1,1,0.911552897157027,1.9690758186792163,1,0,0,0,0,1,0,0,1,0
1,0,0,0,-0.3453918448631497,1,1,0,0,1,0,1,0,1,0.8269348926600121,-0.05982991102437217,0,1,0,1,0,0,0,0,0,1
1,0,0,0,-1.2002122764736234,0,0,1,0,1,1,0,0,0,-0.7824663693420301,-0.9633220200870407,1,0,0,1,0,0,0,0,0,1
0,0,1,0,-1.2816237461508113,1,0,0,0,0,0,0,0,1,-1.480979700582092,-1.0014980522004622,0,0,1,1,0,0,1,0,0,0
1,0,0,0,-0.8745663977648716,1,0,0,0,0,0,0,0,0,-0.6547097743171256,-0.7943947244500198,1,0,0,1,0,0,0,1,0,0
0,0,0,0,1.0386031396490458,1,1,0,0,0,0,0,0,1,-1.3349721634107725,-0.34348287878602884,0,0,1,0,0,1,0,1,0,0
1,0,0,0,-1.2409180113122174,1,0,0,0,0,0,0,0,0,-1.4909347599346818,-0.9960537416978008,0,0,1,1,0,0,0,0,0,1
1,0,0,0,1.6084834273893616,0,0,1,1,1,1,1,1,1,0.020575085100225963,1.1003350948008757,1,0,0,0,0,1,1,0,0,0
1,0,1,0,1.1200146093262338,1,1,0,1,1,0,1,0,1,1.0227177265942813,1.5110512447778768,0,1,0,1,0,0,0,0,1,0
0,1,1,0,1.6084834273893616,1,1,1,0,0,0,0,0,0,0.450301813820359,1.4492978357295416,0,1,0,0,0,1,1,0,0,0
0,0,0,0,-1.1595065416350294,1,1,0,0,0,0,0,0,1,0.35572874997075465,-0.8776619411298405,0,1,0,1,0,0,0,0,1,0
0,1,0,0,-1.2816237461508113,1,1,0,0,0,0,0,0,1,0.31590851256039476,-0.977723099481178,0,1,0,1,0,0,0,0,0,1
1,0,0,0,-0.9152721326034655,1,0,0,0,0,0,1,1,1,0.8153206567486573,-0.6314605609389127,0,1,0,1,0,0,0,0,1,0
1,1,0,0,0.18378270803857208,1,1,0,0,1,0,1,1,1,1.2002496183821352,0.6334415634677814,0,1,0,1,0,0,0,0,1,0
1,0,1,0,-1.1595065416350294,0,0,0,1,0,0,1,1,1,-0.5435449448798714,-0.9221603983431272,1,0,0,1,0,0,0,0,1,0
1,0,0,0,-1.2409180113122174,1,1,0,0,0,0,0,0,1,0.27608827515003487,-0.9528724563803191,0,1,0,1,0,0,0,1,0,0
0,1,1,0,-1.2816237461508113,1,0,0,0,0,0,0,0,1,-1.462728758435677,-1.0012565706862315,0,0,1,1,0,0,0,0,0,1
0,0,1,0,-0.1418631706701798,1,1,0,0,0,0,0,0,1,0.33250027814804467,-0.06685482780200007,0,1,0,1,0,0,0,0,1,0
1,0,0,0,0.020959768684196134,1,0,1,0,0,1,1,0,1,0.7970697146022425,0.318900914749492,0,1,0,0,0,1,0,0,1,0
0,1,0,0,1.0793088744876398,1,1,0,0,1,0,1,1,1,1.1471559685016557,1.5756365734021935,0,1,0,0,1,0,0,0,1,0
1,0,1,0,-1.1188008067964355,1,1,1,0,0,0,0,1,1,0.8037064208373025,-0.8289704867149071,0,1,0,1,0,0,0,0,1,0
0,1,0,0,-0.7524491932490895,1,1,0,1,0,0,0,0,1,0.46523440284924406,-0.5266356308977463,0,1,0,1,0,0,0,0,1,0
1,1,1,1,-0.9966836022806536,1,0,0,0,0,0,1,0,1,0.5150096996121938,-0.7542429344928903,0,1,0,1,0,0,0,1,0,0
1,0,0,1,0.590840056424512,1,0,0,0,0,0,0,0,0,-1.472683817788267,-0.5656239190135812,0,0,1,0,1,0,0,1,0,0
0,0,1,1,-0.6303319887333076,1,1,0,0,1,0,1,0,0,0.7738412427795325,-0.36910187215944057,0,1,0,1,0,0,0,0,1,0
1,0,1,1,1.6084834273893616,1,1,0,1,1,0,1,1,1,1.2765717400853254,2.226604877174069,0,1,0,0,0,1,0,0,1,0
1,0,0,0,-1.2409180113122174,0,0,0,0,0,0,0,0,1,-1.3233579274994176,-0.9856700365858695,1,0,0,1,0,0,0,0,1,0
1,0,1,0,1.1200146093262338,1,1,0,1,1,0,1,1,0,1.2467065620275553,1.6931283065080203,0,1,0,0,1,0,1,0,0,0
1,1,0,0,-0.5896262538947137,1,1,0,1,0,0,0,0,1,0.5183280527297236,-0.39061567979092604,0,1,0,1,0,0,0,1,0,0
1,0,0,0,-0.30468611002455576,1,0,1,0,0,0,0,0,0,0.3109309828840996,-0.15326130416682335,0,1,0,1,0,0,1,0,0,0
0,0,1,0,1.5677776925507676,1,1,1,1,1,1,1,1,0,0.7638861834269426,1.7843424602925326,1,0,0,0,0,1,1,0,0,0
1,0,0,0,-1.2816237461508113,1,0,0,0,0,0,0,0,0,-1.4544328756418519,-1.001146806361581,0,0,1,1,0,0,0,0,0,1
0,0,1,1,1.5677776925507676,1,0,0,0,0,0,0,0,0,-1.5008898192872717,-0.3887716391367988,0,0,1,0,0,1,0,1,0,0
1,1,0,0,1.4049547531963917,1,1,0,0,0,0,0,0,1,0.35738792652951956,1.2115922142665578,0,1,0,1,0,0,0,0,0,1
0,1,1,0,1.6084834273893616,1,1,1,1,1,1,1,1,1,1.686388350100278,2.696857196841467,0,1,0,0,0,1,0,1,0,0
0,0,0,0,0.346605647392948,0,0,0,1,0,0,0,1,1,-0.8156499005173299,-0.2737386269031419,1,0,0,1,0,0,0,0,1,0
1,0,0,0,-0.3453918448631497,1,1,0,1,0,0,1,0,1,0.850163364482722,-0.008240678438667267,0,1,0,1,0,0,0,1,0,0
1,0,0,1,0.8757802002946699,1,1,0,1,0,0,0,0,1,-0.3295111687991873,0.3474396391586054,1,0,0,1,0,0,0,1,0,0
0,0,1,1,-0.38609757970174374,0,0,1,0,0,1,0,0,0,-1.006455204775304,-0.6532597558144893,1,0,0,0,0,1,0,0,0,1
1,0,1,1,-0.7931549280876836,1,0,0,0,0,0,1,1,1,-0.005971739840013817,-0.6252039944338378,1,0,0,0,1,0,0,0,1,0
0,0,0,0,1.3235432835192036,1,1,0,1,1,0,1,0,1,1.0144218438004564,1.6914818416382638,0,1,0,0,1,0,0,0,1,0
1,0,1,1,0.9164859351332638,1,0,0,0,0,0,0,0,0,-1.4743429943470319,-0.4932233704741536,0,0,1,0,0,1,0,0,0,1
1,0,0,0,0.46872285190873,1,0,0,0,0,0,0,0,0,-1.5075265255223318,-0.6435785423803208,0,0,1,0,1,0,0,1,0,0
0,0,1,0,1.4456604880349857,0,0,1,0,1,0,1,1,1,-0.34942128750436724,0.6244847945763058,1,0,0,0,1,0,0,0,1,0
0,0,0,0,-0.7117434584104956,1,1,0,0,0,0,0,0,0,-0.5335898855272813,-0.7331901370249366,1,0,0,1,0,0,0,0,0,1
1,0,1,1,-0.7931549280876836,1,0,1,0,0,0,0,1,0,0.634470411843273,-0.5295114562035877,0,1,0,1,0,0,0,0,1,0
1,0,1,1,0.020959768684196134,1,0,0,0,0,0,0,0,1,-1.5091857020810966,-0.7468667718763811,0,0,1,0,1,0,1,0,0,0
1,0,0,0,-1.2816237461508113,1,0,0,1,0,0,0,0,1,-0.49045129499939155,-0.9883921918372003,1,0,0,1,0,0,0,0,0,1
1,0,1,0,-0.30468611002455576,1,1,0,0,1,0,0,0,0,-0.3112602266527725,-0.39340369363704714,1,0,0,1,0,0,0,1,0,0
0,0,0,0,-0.8745663977648716,1,0,0,1,1,1,0,1,1,0.9712832532725666,-0.571397522490194,0,1,0,1,0,0,0,0,1,0
1,0,1,0,-1.1188008067964355,1,1,0,1,0,0,0,0,1,0.458597696614184,-0.8294754026082991,0,1,0,1,0,0,0,0,1,0
0,0,1,1,0.7943687306174818,1,0,0,0,0,0,0,0,0,-1.4876164068171518,-0.5367778544954466,0,0,1,0,0,1,1,0,0,0
0,1,1,0,-0.4675090493789317,1,1,0,1,1,0,0,1,0,0.22465380182832018,-0.35312018649033716,1,0,0,0,1,0,1,0,0,0
1,0,0,0,0.26519417771576004,1,1,1,1,0,0,1,1,1,1.376122333611225,0.7636659582330585,0,1,0,1,0,0,0,0,1,0
1,0,0,0,-1.2409180113122174,1,0,0,0,0,0,0,0,1,-1.4942531130522119,-0.9956146843991991,0,0,1,1,0,0,0,1,0,0
0,0,0,0,0.346605647392948,1,0,0,0,0,0,0,0,0,0.17653768162413533,0.24882736989265375,0,1,0,1,0,0,1,0,0,0
0,0,1,1,-1.1188008067964355,1,1,0,0,0,0,0,0,1,-1.3482455758808924,-0.9523455876219972,0,0,1,1,0,0,0,0,0,1
1,0,0,0,-0.3453918448631497,1,1,0,1,0,0,0,0,1,0.5083729933771337,-0.1931057540149316,0,1,0,1,0,0,0,0,1,0
1,0,0,0,-1.2816237461508113,1,0,0,0,0,0,0,0,0,-1.4842980536996218,-1.0015419579303226,0,0,1,1,0,0,0,0,0,1
0,0,0,0,-1.0373893371192475,1,0,0,0,0,0,1,0,1,0.46689357940800896,-0.7808059010582958,0,1,0,1,0,0,0,0,1,0
0,0,0,0,0.30589991255435406,1,1,0,1,1,0,1,0,1,0.9447364283323268,0.6388639211055128,0,1,0,1,0,0,1,0,0,0
1,0,1,1,-0.5489205190561197,1,0,0,1,0,1,1,1,0,1.1637477340893057,-0.1811853483578942,0,1,0,0,1,0,1,0,0,0
1,0,0,0,-0.38609757970174374,1,0,0,0,0,0,0,0,0,-1.4760021709057967,-0.7991804490047788,0,0,1,0,1,0,0,0,0,1
0,0,0,0,-1.2816237461508113,1,0,0,0,0,0,0,0,1,-0.6513914211995958,-0.9905216197354186,1,0,0,1,0,0,0,0,0,1
0,0,0,0,-0.7117434584104956,0,0,0,1,0,0,0,1,1,-0.8670843738390448,-0.7456593643052262,1,0,0,0,0,1,0,0,0,1
1,1,0,0,-1.2816237461508113,1,1,0,0,1,0,1,0,1,0.7920921849259474,-0.9714226272462428,0,1,0,1,0,0,0,0,1,0
1,1,0,0,1.2421318138420157,1,1,1,1,1,0,1,1,1,1.4756729271371243,2.076798526891154,0,1,0,1,0,0,1,0,0,0
1,0,0,0,-1.2816237461508113,1,0,0,1,0,0,0,0,1,0.3125901594428645,-0.9777670052110381,0,1,0,1,0,0,0,0,1,0
1,0,0,0,-1.1595065416350294,1,0,0,0,0,0,0,0,0,-0.6762790695810708,-0.9134890166957428,1,0,0,1,0,0,0,0,0,1
0,0,1,1,0.387311382231542,1,0,0,0,0,0,1,0,1,0.4320508716739442,0.47535898310622343,0,1,0,1,0,0,0,1,0,0
0,0,1,1,-0.22327464034736777,1,0,1,1,1,1,0,0,0,0.04048520380540615,-0.18741996199803898,1,0,0,0,1,0,0,0,0,1
1,0,1,1,1.5677776925507676,1,1,1,1,1,1,1,1,1,1.696343409452868,2.6326670197858917,0,1,0,0,0,1,1,0,0,0
1,1,1,0,-1.0373893371192475,1,1,1,1,0,0,0,1,1,0.9878750188602166,-0.714881447673244,0,1,0,1,0,0,0,1,0,0
0,0,0,0,-0.5082147842175256,1,0,0,0,0,0,0,0,1,-1.5075265255223318,-0.8290802510395575,0,0,1,1,0,0,1,0,0,0
1,0,0,0,0.46872285190873,1,0,0,1,0,1,1,1,0,1.1819986762357204,0.9206289424831817,0,1,0,1,0,0,0,0,1,0
0,0,1,1,0.7943687306174818,1,0,0,0,0,0,0,0,0,-1.5042081724048018,-0.5659093062576722,0,0,1,0,1,0,0,1,0,0
0,0,1,0,-1.0373893371192475,1,0,0,0,1,0,1,0,1,0.7074741804289328,-0.752640375352994,0,1,0,1,0,0,0,0,1,0
1,0,1,1,0.9571916699718578,1,1,0,1,0,1,1,0,1,1.0625379640046413,1.374636142102315,0,1,0,1,0,0,0,1,0,0
1,1,1,0,-0.1825689055087738,1,1,0,1,0,1,1,1,1,1.3562122149060447,0.30588286584595026,0,1,0,1,0,0,0,0,1,0
0,0,1,1,0.8757802002946699,1,0,0,0,0,0,0,0,1,-1.4793205240233267,-0.5308066752344629,0,0,1,0,0,1,1,0,0,0
1,0,1,1,1.6084834273893616,0,0,1,1,1,1,1,1,1,0.0056424960713409395,1.076999199380193,1,0,0,0,0,1,0,1,0,0
0,0,0,0,0.26519417771576004,1,0,0,0,0,0,0,0,0,-1.4677062881119718,-0.6756516780431782,0,0,1,0,0,1,0,1,0,0
0,0,0,0,-0.8338606629262776,1,0,0,0,0,0,0,0,0,-1.4859572302583868,-0.8959486776166031,0,0,1,0,1,0,0,0,1,0
0,0,0,0,0.7943687306174818,1,1,1,0,1,1,1,0,0,0.3009759235315097,0.6920996185609744,1,0,0,0,1,0,0,1,0,0
0,0,1,1,-1.0373893371192475,1,1,0,0,0,0,0,0,0,-0.5352490620860464,-0.8568286723111878,1,0,0,1,0,0,0,0,1,0
1,0,1,1,-0.06045170099299184,1,1,0,0,0,0,0,0,0,-1.3001294556767078,-0.6786592205386002,0,0,1,0,0,1,0,0,0,1
1,0,1,1,-0.3453918448631497,1,0,1,0,1,0,0,0,1,-0.2880317548300625,-0.3719118388704918,1,0,0,0,1,0,0,1,0,0
0,0,1,0,-1.2002122764736234,1,1,0,0,0,0,0,0,1,0.3042942766490395,-0.9103058512808802,0,1,0,1,0,0,0,1,0,0
0,0,0,0,0.590840056424512,1,0,0,0,0,0,0,0,1,-1.472683817788267,-0.5951944280744086,0,0,1,0,0,1,0,0,0,1
1,1,1,1,-0.1825689055087738,1,1,0,0,0,0,0,0,1,-0.4622452935003867,-0.40372154015418815,1,0,0,0,1,0,0,0,1,0
0,1,1,0,-0.019745966154397852,1,1,0,0,1,0,0,0,0,0.4768486387605988,0.11796634204440393,0,1,0,1,0,0,0,0,0,1
1,0,0,0,0.06166550352279012,1,1,0,1,0,1,1,1,1,1.3412796258771595,0.5441373089321866,0,1,0,1,0,0,0,0,1,0
1,0,1,1,-1.2002122764736234,1,0,0,0,1,0,0,0,1,-0.49045129499939155,-0.9365834306021945,1,0,0,1,0,0,0,0,1,0
1,0,0,0,-0.9152721326034655,1,1,0,1,0,0,0,0,0,0.4950995809070136,-0.6603724840518375,0,1,0,1,0,0,0,0,1,0
1,0,0,1,1.3642490183577978,1,1,1,1,0,1,0,0,0,0.025552614776521126,0.9121770894850982,1,0,0,0,0,1,1,0,0,0
1,1,0,0,-1.2816237461508113,1,0,0,0,0,0,0,0,0,-0.6530505977583607,-0.9905435726003489,1,0,0,1,0,0,1,0,0,0
0,0,1,1,0.6722515261016999,1,1,0,1,0,1,1,1,0,0.4768486387605988,0.7029882395662974,1,0,0,0,0,1,1,0,0,0
1,0,1,1,-1.2816237461508113,1,0,0,0,0,0,0,0,1,-1.4859572302583868,-1.0015639107952525,0,0,1,1,0,0,1,0,0,0
1,1,1,0,-1.0373893371192475,1,0,0,0,0,0,1,1,1,0.8153206567486573,-0.7133008413982777,0,1,0,1,0,0,0,0,1,0
1,0,1,0,-1.2002122764736234,1,0,0,0,0,0,0,0,0,-1.4909347599346818,-0.9886117204865011,0,0,1,1,0,0,1,0,0,0
1,1,1,0,0.06166550352279012,1,0,1,0,0,1,1,0,0,0.8368899520126024,0.36331156050305846,0,1,0,0,1,0,0,0,0,1
0,0,1,1,1.6084834273893616,1,0,1,1,1,1,1,1,0,0.6759498258123978,1.6806590792277305,1,0,0,0,0,1,1,0,0,0
1,0,0,0,-1.2002122764736234,1,0,1,0,1,0,1,1,1,0.41379992952752936,-0.9198992532553282,1,0,0,1,0,0,0,0,1,0
0,0,0,0,-0.5896262538947137,1,0,0,0,0,0,0,0,1,0.20474368312314,-0.4625771710317519,0,1,0,1,0,0,0,0,1,0
1,0,1,1,1.4049547531963917,1,0,1,1,0,1,0,0,0,-0.16193433636392318,0.7432058881182173,1,0,0,0,1,0,0,0,0,1
1,0,1,1,0.46872285190873,1,1,0,0,0,0,0,0,0,-1.3017886322354726,-0.5228377852648413,0,0,1,0,1,0,0,0,0,1
0,0,1,0,-1.0373893371192475,1,0,0,0,0,0,0,0,1,0.14169497389007057,-0.800739102414815,0,1,0,1,0,0,1,0,0,0
1,1,1,0,0.7943687306174818,1,0,1,0,1,1,1,1,1,1.31141444781939,1.3961719025987307,0,1,0,0,1,0,1,0,0,0
1,0,0,0,-0.6710377235719016,1,0,0,0,0,0,0,0,1,0.16658262227154547,-0.48112734189767553,0,1,0,1,0,0,0,1,0,0
1,0,1,0,-0.9966836022806536,1,0,0,1,1,0,0,0,1,-0.3378070515930122,-0.8146572187804904,1,0,0,1,0,0,0,0,0,1
1,0,0,0,-1.0373893371192475,1,0,0,0,1,1,1,0,0,-0.02090432886889884,-0.8146133130506301,1,0,0,1,0,0,1,0,0,0
1,0,1,1,1.6084834273893616,1,0,0,0,0,0,0,0,1,-1.497571466169742,-0.38929850789512077,0,0,1,0,0,1,0,1,0,0
1,1,1,0,-1.0373893371192475,0,0,1,0,0,0,0,0,0,-1.1657361544167435,-0.9136207338853234,1,0,0,1,0,0,1,0,0,0
1,0,0,0,-0.4675090493789317,1,0,0,0,0,0,0,0,1,-1.4793205240233267,-0.8248213952431206,0,0,1,0,1,0,0,0,0,1
1,1,0,0,0.1023712383613841,1,0,0,0,1,1,1,1,1,0.2677923923562099,0.07460943380748172,1,0,0,0,1,0,0,0,1,0
0,0,1,1,1.1200146093262338,0,0,0,1,0,0,1,1,1,-0.5037247074695115,0.3372535098310448,1,0,0,1,0,0,0,0,1,0
1,1,0,0,-0.9966836022806536,1,1,0,0,1,0,1,1,1,1.1836578527944854,-0.6506473648878088,0,1,0,1,0,0,0,0,1,0
1,0,0,0,-1.2409180113122174,1,0,0,0,0,0,0,0,1,0.1616050925952503,-0.946023162522132,0,1,0,1,0,0,0,0,1,0
0,0,1,1,-0.8338606629262776,0,0,0,0,0,1,0,0,0,-1.1508035653878583,-0.8484646307728245,1,0,0,0,1,0,0,1,0,0
1,0,0,0,-1.2002122764736234,0,0,0,1,0,0,0,0,1,-1.1723728606518034,-0.9755278129881693,1,0,0,1,0,0,0,0,1,0
0,0,1,1,1.6084834273893616,1,0,1,1,1,0,1,0,1,0.18981109409425545,1.1897710665260508,1,0,0,0,0,1,0,1,0,0
0,0,0,0,0.7943687306174818,1,1,1,1,0,1,1,1,1,1.5370624598114289,1.5872496389502095,0,1,0,0,1,0,0,1,0,0
1,0,0,0,0.5501343215859179,1,0,0,0,0,0,0,0,0,-1.5174815848749215,-0.6116810296369041,0,0,1,0,0,1,0,1,0,0
0,0,1,0,-0.8338606629262776,1,1,1,0,1,0,1,1,0,0.4619160497317138,-0.6254674288129989,1,0,0,0,1,0,0,0,1,0
0,0,0,0,0.18378270803857208,1,1,0,0,0,1,1,1,0,1.1737027934418955,0.5444666019061379,0,1,0,1,0,0,0,1,0,0
1,0,0,0,0.387311382231542,1,0,0,0,0,0,0,0,0,-1.497571466169742,-0.6372561172804556,0,0,1,0,1,0,1,0,0,0
1,0,0,0,1.0386031396490458,1,1,0,0,0,1,0,0,0,0.5216464058472539,1.1002911890710156,0,1,0,1,0,0,1,0,0,0
1,0,0,0,-0.8338606629262776,1,0,0,0,0,0,0,0,0,-1.4892755833759168,-0.8931826166354121,0,0,1,0,1,0,0,1,0,0
1,0,1,1,1.4456604880349857,1,0,0,0,0,0,0,0,0,-1.4925939364934466,-0.40552167507845527,0,0,1,0,0,1,1,0,0,0
1,0,0,0,-1.2816237461508113,1,0,0,0,0,0,0,0,0,-0.618207890024296,-0.9900825624368169,1,0,0,1,0,0,0,0,0,1
0,0,1,1,0.46872285190873,1,0,1,0,0,1,0,0,0,-0.2880317548300625,0.051910171469771636,1,0,0,1,0,0,1,0,0,0
0,1,1,0,1.5677776925507676,1,0,1,1,1,1,1,1,1,1.4856279864897142,2.460007737110756,0,1,0,0,0,1,1,0,0,0
1,0,0,0,-0.1418631706701798,0,0,0,1,0,1,0,0,0,-1.016410264127894,-0.5692680945919756,1,0,0,1,0,0,0,0,1,0
1,0,0,0,0.06166550352279012,1,1,0,0,0,0,0,0,0,-1.2885152197653527,-0.5799810926778582,0,0,1,0,0,1,1,0,0,0
1,0,1,0,-1.0780950719578415,1,0,0,1,1,0,0,1,1,0.8650959535116071,-0.7772714898045517,0,1,0,1,0,0,0,0,1,0
0,1,1,0,1.2014260790034217,1,1,0,1,1,0,1,0,1,1.095721495179941,1.5960746906521048,0,1,0,0,1,0,0,1,0,0
0,1,0,0,-0.4268033145403377,1,0,0,0,0,0,0,0,1,-1.4892755833759168,-0.8273240218451505,0,0,1,0,1,0,0,0,0,1
0,1,1,0,1.3642490183577978,1,1,0,1,1,0,1,1,0,1.3163919774956847,1.9837183795875841,0,1,0,0,1,0,0,1,0,0
1,0,0,1,-1.2816237461508113,0,0,0,1,0,1,0,0,0,-1.0396387359506039,-0.9956585901290592,1,0,0,1,0,0,0,0,0,1
1,0,1,1,0.7129572609402939,1,1,1,0,1,0,1,1,0,1.3611897445823398,1.3349453623087175,0,1,0,1,0,0,0,1,0,0
1,0,1,0,1.3642490183577978,1,1,1,1,1,1,0,0,0,1.050923728093286,1.8102029351801752,0,1,0,0,0,1,0,0,0,1
1,0,1,0,1.6084834273893616,1,1,1,1,1,1,1,1,0,1.6664782313950985,2.6554760464482525,0,1,0,0,0,1,1,0,0,0
1,0,0,1,-0.22327464034736777,1,0,0,0,0,0,0,0,0,-1.5191407614336867,-0.7744834759584307,0,0,1,1,0,0,0,0,0,1
1,0,0,1,-1.0373893371192475,1,0,0,0,0,0,0,0,0,-1.5091857020810966,-0.9503698297782893,0,0,1,0,1,0,0,0,0,1
1,0,0,0,-0.7524491932490895,1,1,0,1,0,0,0,0,1,-0.3129194032115374,-0.6734124858203093,1,0,0,1,0,0,0,1,0,0
1,0,0,0,-0.2639803751859618,0,0,0,0,1,1,0,0,0,-0.9682941439237093,-0.5614748275417947,1,0,0,1,0,0,0,0,1,0
0,0,0,0,-0.8745663977648716,1,1,0,0,0,0,0,0,0,0.34245533750063456,-0.620242646959638,0,1,0,1,0,0,0,0,1,0
0,0,1,0,0.020959768684196134,0,0,1,0,1,1,1,1,0,-0.1785261019515731,-0.12513968419138166,1,0,0,0,0,1,1,0,0,0
1,0,1,1,0.590840056424512,1,1,1,1,1,1,1,1,1,0.8485041879239571,0.885592170054763,1,0,0,0,0,1,0,0,0,1
0,0,0,0,-1.2816237461508113,1,0,0,0,0,0,0,0,1,-1.5207999379924515,-1.0020249209587846,0,0,1,1,0,0,0,0,0,1
1,0,0,0,-0.7117434584104956,1,1,0,0,0,0,0,0,0,-0.44399435135397186,-0.6743125532824429,1,0,0,1,0,0,0,0,1,0
1,1,1,1,1.3642490183577978,1,1,0,1,1,1,1,1,1,1.4441485725205894,2.0965121995983726,0,1,0,0,1,0,0,0,1,0
1,0,1,1,0.14307697319997809,1,1,0,0,0,0,0,0,0,-1.3216987509406526,-0.6016705232287843,0,0,1,0,0,1,0,1,0,0
1,0,1,1,0.5094285867473239,1,1,0,1,1,0,0,1,1,1.0293544328293414,0.9463137944513837,0,1,0,1,0,0,1,0,0,0
0,0,0,0,-0.3453918448631497,1,1,0,1,1,0,1,1,1,1.3014593884668002,0.08488337459476256,0,1,0,1,0,0,0,0,1,0
0,1,0,0,-1.2002122764736234,1,0,0,0,1,0,0,0,0,0.29599839385521454,-0.9241800619166952,0,1,0,1,0,0,0,0,1,0
0,0,1,1,1.1607203441648277,1,1,1,1,1,1,1,1,0,1.664819054836333,2.066568491833733,0,1,0,0,0,1,0,1,0,0
0,0,1,1,0.06166550352279012,1,1,0,0,0,0,0,0,1,-1.3051069853530026,-0.6077295139494884,0,0,1,0,1,0,0,1,0,0
0,0,1,0,1.4456604880349857,1,1,1,1,1,1,0,0,0,0.1981069768880804,1.1459531481255971,1,0,0,0,0,1,0,1,0,0
1,0,0,0,-0.6710377235719016,1,0,0,0,0,1,0,0,1,0.3192268656779245,-0.4964943473487366,0,1,0,1,0,0,0,1,0,0
1,1,1,0,-0.019745966154397852,1,0,0,0,0,0,0,1,1,0.5100321699358986,0.07979030993098238,0,1,0,1,0,0,0,1,0,0
0,0,1,1,-0.2639803751859618,0,0,1,1,0,1,0,0,0,-0.8654251972802797,-0.5603113257005,1,0,0,1,0,0,0,1,0,0
0,0,1,1,0.14307697319997809,1,0,0,0,0,0,0,0,0,-1.5174815848749215,-0.7017975401749119,0,0,1,1,0,0,1,0,0,0
0,0,0,0,-1.2002122764736234,1,0,0,0,0,0,0,0,0,-1.4826388771408567,-0.9791500357016337,0,0,1,0,1,0,0,0,0,1
1,1,0,0,-0.9966836022806536,1,0,1,0,0,1,1,1,0,1.1737027934418955,-0.6449615728709163,0,1,0,1,0,0,0,1,0,0
0,0,1,0,0.18378270803857208,1,1,1,0,1,1,0,0,0,0.10519308959724047,0.07812189219629567,1,0,0,0,1,0,0,1,0,0
1,0,0,0,-1.2816237461508113,1,0,0,0,0,0,0,0,0,-1.4760021709057967,-1.0014321936056723,0,0,1,0,0,1,0,0,0,1
1,0,1,1,1.4456604880349857,0,0,1,1,1,1,0,1,1,-0.28305422515376755,0.7231848753019776,1,0,0,0,0,1,0,0,0,1
1,0,0,0,-0.30468611002455576,1,1,0,0,0,0,0,1,1,0.659358060224748,-0.11321927853434428,0,1,0,1,0,0,0,0,1,0
0,0,1,0,-0.6303319887333076,1,1,0,1,0,0,1,1,1,0.34743286717692967,-0.42973568509634147,1,0,0,1,0,0,1,0,0,0
1,0,1,0,1.4049547531963917,1,1,0,1,1,0,1,1,0,1.2998002119080347,2.0809256654980106,0,1,0,0,1,0,0,0,1,0
0,1,0,0,-1.1188008067964355,0,0,0,1,0,0,0,0,0,-1.2105339215033981,-0.9528724563803191,1,0,0,1,0,0,0,0,1,0
1,1,1,0,0.9978974048104517,1,1,0,1,1,0,1,0,1,0.20474368312314,0.8073302065790021,1,0,0,0,1,0,0,1,0,0
1,0,0,0,-0.9966836022806536,1,0,0,0,0,0,0,0,0,0.19147027065302033,-0.7674366063158726,0,1,0,1,0,0,1,0,0,0
1,1,0,0,0.9164859351332638,0,0,1,1,0,0,1,0,1,-0.6663240102284806,0.0780340807365754,1,0,0,1,0,0,0,0,1,0
0,0,0,0,0.9571916699718578,0,0,1,1,1,1,0,0,0,-0.6596873039934208,0.11361967478824661,1,0,0,0,0,1,1,0,0,0
0,1,1,0,-0.5489205190561197,1,1,0,0,0,0,1,1,1,0.9961709016540415,-0.23756030549835816,0,1,0,1,0,0,0,0,1,0
0,0,1,1,0.7536629957788878,1,0,1,1,0,0,0,0,1,0.47187110908430413,0.7539627919339601,0,1,0,1,0,0,1,0,0,0
0,0,1,1,1.4049547531963917,0,0,1,0,0,1,0,0,0,-0.9699533204824742,0.10729724968838146,1,0,0,0,0,1,0,1,0,0
1,0,0,0,0.8350744654560759,1,0,0,1,0,1,0,0,1,0.5199872292884885,0.8986541246881649,0,1,0,1,0,0,0,0,0,1
0,0,0,0,-1.2816237461508113,1,0,0,0,0,0,0,0,0,-1.4992306427285067,-1.0017395337146933,0,0,1,1,0,0,0,0,0,1
1,0,0,0,-0.6710377235719016,1,0,0,0,0,0,0,0,1,-1.5008898192872717,-0.8600776963208406,0,0,1,1,0,0,0,0,0,1
0,0,0,0,-0.2639803751859618,1,0,0,1,1,0,0,0,1,-0.3378070515930122,-0.3927012019592843,1,0,0,1,0,0,0,1,0,0
1,0,0,0,0.5094285867473239,1,0,1,0,1,0,1,1,1,0.36568380932334454,0.4269748688003113,1,0,0,1,0,0,0,0,1,0
1,0,1,0,0.590840056424512,1,1,0,0,0,0,0,0,0,-1.3117436915880627,-0.5102368407949711,0,0,1,1,0,0,0,0,1,0
1,1,1,0,0.020959768684196134,1,1,0,0,0,0,1,1,1,0.9812383126251565,0.35310347831056793,0,1,0,1,0,0,0,0,1,0
0,0,0,0,-0.7117434584104956,1,0,1,1,1,1,1,1,0,0.6477438243133932,-0.444970973357822,1,0,0,1,0,0,0,0,0,1
0,0,1,1,0.387311382231542,1,0,0,0,0,0,0,0,0,-1.4909347599346818,-0.6444347041125942,0,0,1,0,0,1,0,0,0,1
1,0,0,1,-1.2816237461508113,1,0,0,0,0,0,0,0,0,-1.4892755833759168,-1.0016078165251128,0,0,1,1,0,0,0,0,0,1
0,1,0,0,0.9571916699718578,1,1,0,1,1,0,1,1,1,1.32136950717198,1.4090801871776217,0,1,0,0,1,0,1,0,0,0
0,1,0,0,0.8350744654560759,1,0,1,1,0,1,0,1,1,1.0559012577695812,1.2755628626728317,0,1,0,0,1,0,0,0,0,1
0,0,0,0,-0.7117434584104956,1,0,1,0,1,1,1,1,0,1.3329837430833347,-0.3154929760001677,0,1,0,1,0,0,0,0,1,0
1,0,0,0,-0.6710377235719016,0,0,1,1,1,1,1,0,0,-0.33448869847548224,-0.6081685712480901,1,0,0,0,0,1,0,0,0,1
1,0,0,0,-0.5082147842175256,1,0,0,0,0,0,0,0,1,-1.5008898192872717,-0.8278069848736125,0,0,1,0,1,0,0,0,0,1
1,1,1,0,-0.7117434584104956,1,1,1,0,1,0,1,0,1,1.0476053749757561,-0.3991333913837999,0,1,0,1,0,0,0,0,1,0
1,1,0,1,0.22448844287716607,1,1,1,0,0,0,0,0,1,0.5150096996121938,0.37817365006072745,0,1,0,1,0,0,0,0,0,1
0,0,0,0,-1.2816237461508113,1,0,0,0,0,0,0,1,1,-0.2880317548300625,-0.9857139423157296,1,0,0,1,0,0,0,0,1,0
0,0,1,0,0.9978974048104517,1,0,0,0,0,0,0,0,1,-1.5042081724048018,-0.5124101744230498,0,0,1,0,0,1,1,0,0,0
1,1,1,0,1.6084834273893616,1,1,1,1,1,0,1,1,1,1.4806504568134191,2.4672302296727544,0,1,0,0,0,1,1,0,0,0
0,0,0,0,0.8757802002946699,1,1,0,0,0,1,1,1,1,1.1670660872068355,1.3784559406001502,0,1,0,1,0,0,0,0,1,0
1,0,1,1,-0.10115743583158582,1,1,1,0,0,0,0,0,1,-0.3477621109456021,-0.3128805850734873,1,0,0,1,0,0,1,0,0,0
0,0,0,0,-1.1188008067964355,1,1,0,0,0,0,0,0,0,0.3540695734119893,-0.8336903526748759,0,1,0,1,0,0,0,0,1,0
0,1,1,0,1.3235432835192036,1,1,1,1,1,0,1,1,1,1.4756729271371243,2.162853757417096,0,1,0,1,0,0,0,1,0,0
0,0,0,0,-0.30468611002455576,1,1,0,0,0,0,0,0,0,-1.3333129868520075,-0.7065393589998109,0,0,1,0,0,1,0,1,0,0
1,0,1,1,0.46872285190873,1,0,0,0,0,0,0,0,0,-1.4909347599346818,-0.6324484398607666,0,0,1,0,1,0,1,0,0,0
0,1,1,0,1.5677776925507676,1,1,1,0,0,0,0,0,1,0.5233055824060188,1.4816783115014203,0,1,0,0,0,1,0,1,0,0
0,0,1,1,-0.3453918448631497,1,1,1,1,0,0,1,1,0,0.44698346070282924,-0.20588232140424229,1,0,0,0,1,0,0,0,1,0
1,0,1,0,0.7536629957788878,1,1,0,1,0,0,0,1,1,0.8435266582476619,1.0156409419005994,0,1,0,0,1,0,0,1,0,0
1,0,0,0,1.2014260790034217,1,1,1,1,1,0,0,0,0,0.8551408941590172,1.4423607304116342,0,1,0,1,0,0,1,0,0,0
0,1,1,0,0.590840056424512,1,1,1,0,0,0,0,0,0,0.5116913464946635,0.6693564504934039,0,1,0,1,0,0,0,0,1,0
1,0,0,1,-0.8338606629262776,1,0,0,0,0,0,0,0,0,-1.5125040551986266,-0.9171990508689275,0,0,1,0,0,1,1,0,0,0
1,0,0,1,-1.2816237461508113,0,0,0,0,0,0,0,0,1,-1.3349721634107725,-0.9995662000866148,1,0,0,1,0,0,0,0,1,0
1,0,0,0,1.4456604880349857,1,1,0,1,1,1,1,1,0,1.4441485725205894,2.1405057409182673,0,1,0,0,1,0,0,0,1,0
1,1,1,0,0.7943687306174818,1,1,0,1,1,0,1,1,1,1.3329837430833347,1.3501367448403376,0,1,0,0,1,0,1,0,0,0
0,0,1,1,-0.2639803751859618,1,1,0,1,0,1,0,0,1,-0.16193433636392318,-0.30082846222686943,1,0,0,1,0,0,0,0,1,0
1,0,0,0,-0.7931549280876836,1,0,0,0,0,0,0,0,1,0.1732193285066055,-0.601319277389903,0,1,0,1,0,0,0,0,1,0
0,0,1,0,1.0386031396490458,1,1,1,0,0,1,0,1,1,0.1151481489498308,0.7336344390086992,1,0,0,0,1,0,0,0,1,0
1,0,1,1,0.1023712383613841,1,0,0,0,0,0,0,0,0,-1.4892755833759168,-0.6825448776312255,0,0,1,0,1,0,1,0,0,0
1,1,0,0,0.7536629957788878,1,0,0,0,1,0,1,1,1,0.9646465470375066,1.143494427253427,0,1,0,0,1,0,1,0,0,0
1,0,1,1,1.3235432835192036,1,0,0,0,0,0,0,0,1,-1.4959122896109767,-0.4541033651687382,0,0,1,0,0,1,0,1,0,0
0,0,0,0,-0.38609757970174374,1,0,0,1,1,0,0,0,0,-0.3029643438589475,-0.4274086814137522,1,0,0,0,1,0,1,0,0,0
1,0,1,0,-1.1595065416350294,1,0,0,0,1,1,0,0,1,0.5199872292884885,-0.8702857785133312,0,1,0,1,0,0,0,0,0,1
0,0,1,0,0.06166550352279012,1,1,0,0,1,0,1,1,1,1.1786803231181906,0.4888160893083669,0,1,0,1,0,0,0,0,1,0
1,0,1,0,-0.7931549280876836,1,1,0,0,1,0,1,1,1,0.3441145140593994,-0.5759856712605823,1,0,0,0,1,0,0,0,0,1
1,1,0,0,1.4456604880349857,1,1,0,1,1,0,0,1,1,1.0276952562705766,1.8448665089047827,0,1,0,1,0,0,0,0,1,0
1,0,1,1,1.4863662228735797,0,0,1,0,1,1,0,0,0,-0.8571293144864547,0.20994884610146924,1,0,0,0,0,1,0,0,0,1
0,0,1,1,0.14307697319997809,1,0,0,0,0,0,0,0,0,-1.4826388771408567,-0.6951897278309558,0,0,1,0,0,1,1,0,0,0
0,0,1,0,-1.1595065416350294,1,0,0,0,0,0,0,0,0,-1.4743429943470319,-0.9757034359076098,0,0,1,0,1,0,1,0,0,0
1,0,1,1,-0.6303319887333076,1,1,1,0,0,1,0,0,1,-0.09390809745455836,-0.5289187288504753,1,0,0,0,1,0,0,0,0,1
1,0,1,0,-0.7524491932490895,1,1,0,0,0,0,1,0,1,0.7024966507526377,-0.46793367007469316,0,1,0,1,0,0,0,0,1,0
1,0,1,1,1.5270719577121736,1,1,1,0,1,0,1,0,0,0.13339909109624562,1.122836781354215,1,0,0,0,0,1,0,1,0,0
1,0,1,0,0.387311382231542,1,1,0,0,1,1,1,1,1,1.3678264508173998,0.9709229560380116,0,1,0,1,0,0,1,0,0,0
1,0,1,0,0.428017117070136,1,1,1,0,1,0,1,1,1,0.5067138168183688,0.562116705309928,1,0,0,0,1,0,0,0,1,0
1,0,1,0,-0.9966836022806536,1,0,1,0,0,0,0,0,1,0.3341594547068096,-0.7214673071522701,0,1,0,1,0,0,0,0,0,1
1,0,1,1,1.2828375486806096,1,1,0,1,1,1,1,1,1,1.4690362209020642,1.9493401931070675,0,1,0,0,0,1,0,1,0,0
0,0,0,0,0.7943687306174818,1,0,1,0,1,1,0,0,0,-0.23161975183205266,0.32531115130907745,1,0,0,0,1,0,0,1,0,0
1,0,0,0,0.9164859351332638,1,1,0,0,1,0,1,1,1,0.427073341997649,0.8877874565477717,1,0,0,0,0,1,1,0,0,0
1,1,1,0,-1.1595065416350294,1,0,0,0,0,0,0,0,1,0.17487850506537042,-0.8873212016990789,0,1,0,1,0,0,0,0,1,0
0,0,0,0,-1.0780950719578415,1,0,0,0,0,1,0,0,1,-0.5070430605870415,-0.8930289465809016,1,0,0,1,0,0,1,0,0,0
1,1,0,0,-1.2816237461508113,1,1,0,0,0,0,0,0,1,0.3242043953542197,-0.9776133351565276,0,1,0,1,0,0,0,0,1,0
0,0,0,0,-1.0780950719578415,0,0,1,0,0,0,0,0,0,-1.1773503903280982,-0.9395251145028263,1,0,0,1,0,0,1,0,0,0
0,0,0,0,-1.2816237461508113,1,0,0,0,0,0,0,0,0,0.17156015194784016,-0.9796329987300956,0,1,0,1,0,0,0,0,1,0
0,0,0,0,-1.2816237461508113,1,0,0,0,0,0,0,0,1,-1.5108448786398618,-1.0018932037692039,0,0,1,1,0,0,0,0,0,1
0,0,1,0,-0.7931549280876836,1,1,1,1,0,1,1,0,1,0.37397969211716947,-0.5794981296493963,1,0,0,1,0,0,0,0,1,0
0,0,0,0,-0.7931549280876836,1,0,0,1,1,0,0,0,1,0.4751894622018339,-0.5223328693714492,0,1,0,1,0,0,0,0,1,0
1,0,1,1,-0.3453918448631497,1,1,0,0,0,0,0,0,1,-1.3548822821159523,-0.7525086581634134,0,0,1,0,0,1,1,0,0,0
0,0,0,0,1.4049547531963917,1,1,0,0,0,0,0,0,1,-1.2885152197653527,-0.23786764560737939,0,0,1,0,0,1,0,0,0,1
1,0,1,1,1.0793088744876398,1,0,0,1,1,1,1,1,0,0.3922306342635843,0.9837434291571825,1,0,0,0,1,0,0,1,0,0
1,0,1,1,1.5677776925507676,1,0,1,1,1,1,1,1,0,0.680927355488693,1.6370606894765773,1,0,0,0,0,1,1,0,0,0
0,1,0,0,1.2828375486806096,1,1,1,0,1,1,1,1,1,1.4607403381082393,2.111857252184503,0,1,0,1,0,0,1,0,0,0
1,1,0,0,-1.0780950719578415,1,0,1,0,0,0,1,0,1,0.6709722961361032,-0.7893016597862396,0,1,0,1,0,0,1,0,0,0
0,0,0,0,0.18378270803857208,1,0,0,1,1,0,0,0,0,0.5017362871420736,0.31514697484644705,0,1,0,0,1,0,0,0,1,0
1,0,0,0,-0.1418631706701798,1,1,0,0,0,0,0,1,1,0.6626764133422782,0.09434505937963002,0,1,0,1,0,0,0,0,1,0
1,0,1,1,1.6084834273893616,1,1,0,0,0,0,0,0,0,-1.3333129868520075,-0.23345511975643188,0,0,1,0,0,1,1,0,0,0
1,0,0,0,-0.3453918448631497,1,0,0,0,0,1,1,1,1,1.0310136093881064,-0.07853375194480662,0,1,0,1,0,0,0,0,1,0
1,1,1,0,-0.4675090493789317,1,0,0,0,1,0,1,0,0,0.7174292397815226,-0.194971747533989,0,1,0,1,0,0,1,0,0,0
0,0,0,0,-1.1188008067964355,1,0,0,0,0,0,0,0,1,-0.6928708351687206,-0.9216554824497352,1,0,0,1,0,0,0,1,0,0
0,0,0,0,1.2421318138420157,1,1,0,1,0,0,1,1,0,1.079129729592291,1.7350143727946266,0,1,0,0,0,1,1,0,0,0
1,0,1,0,1.1607203441648277,1,1,0,0,0,0,1,1,1,1.0476053749757561,1.480668479714636,0,1,0,0,1,0,1,0,0,0
0,0,0,0,0.8350744654560759,1,0,0,0,0,0,0,0,0,-1.5340733504625714,-0.568850990158304,0,0,1,0,0,1,0,0,0,1
0,1,0,0,-1.2816237461508113,0,0,0,0,0,0,0,0,1,-1.2984702791179428,-0.9990832370581527,1,0,0,1,0,0,0,0,0,1
1,0,0,0,-0.2639803751859618,1,0,0,1,1,1,0,0,1,0.6726314726948681,-0.0512463408367082,0,1,0,0,1,0,0,0,1,0
1,0,1,1,-0.9966836022806536,1,0,0,0,0,0,0,0,0,-1.4859572302583868,-0.9377469324434892,0,0,1,0,0,1,0,0,0,1
1,1,0,0,1.1200146093262338,1,1,1,1,0,0,0,1,1,0.22631297838708508,0.9102671902361809,1,0,0,0,1,0,0,0,1,0
0,0,1,1,-0.5082147842175256,1,1,0,0,1,1,0,1,1,1.0144218438004564,-0.1690893197814162,0,1,0,1,0,0,1,0,0,0
0,0,0,0,1.0793088744876398,1,1,1,1,1,0,0,1,1,1.145496791942891,1.458715614784549,0,1,0,1,0,0,1,0,0,0
1,0,0,0,-1.1595065416350294,1,0,0,0,0,0,0,0,1,-1.4842980536996218,-0.9859554238299607,0,0,1,1,0,0,0,0,1,0
1,0,0,0,-1.2409180113122174,1,0,0,0,0,0,0,0,0,-1.4992306427285067,-0.9931559635270292,0,0,1,1,0,0,0,0,0,1
0,0,1,1,0.14307697319997809,1,0,1,0,0,0,0,0,0,-0.46058611694162177,-0.2135219183999127,1,0,0,1,0,0,0,1,0,0
1,0,0,0,-0.30468611002455576,1,0,0,0,0,0,0,0,1,-1.4859572302583868,-0.7749225332570325,0,0,1,1,0,0,0,0,0,1
1,0,1,0,1.5677776925507676,1,1,1,0,1,1,1,1,0,0.6062644103442684,1.6792980016020653,1,0,0,0,0,1,0,0,1,0
1,0,1,0,1.1607203441648277,1,1,1,0,1,1,1,0,0,1.1438376153841259,1.5991919974721769,0,1,0,1,0,0,1,0,0,0
0,0,1,1,0.18378270803857208,1,0,1,1,0,0,1,1,0,0.3374778078243394,0.15695463016023886,1,0,0,0,1,0,1,0,0,0
0,1,0,0,0.8757802002946699,1,1,1,1,0,1,1,1,0,0.5813767619627935,0.8995322392853683,1,0,0,0,1,0,1,0,0,0
0,0,1,1,1.5677776925507676,1,1,1,1,1,1,1,1,0,1.6167029346321486,2.575282230858644,0,1,0,0,0,1,0,1,0,0
1,0,0,0,-1.2816237461508113,1,1,0,1,0,0,0,0,1,0.47187110908430413,-0.9756595301777496,0,1,0,1,0,0,0,0,1,0
1,0,0,0,1.6084834273893616,1,1,1,1,1,1,1,1,0,0.7207475928990529,1.7226329569740575,1,0,0,0,0,1,1,0,0,0
0,1,1,0,-0.10115743583158582,1,1,0,1,0,0,1,0,1,0.8335715988950722,0.1430804195244236,0,1,0,1,0,0,0,0,1,0
1,0,1,0,-0.10115743583158582,1,1,0,0,0,0,0,0,0,-0.49874717779321653,-0.3773122436432932,1,0,0,1,0,0,0,0,1,0
1,0,0,0,0.7536629957788878,1,1,0,1,1,1,0,0,1,0.7439760647217625,0.9534923812835224,0,1,0,1,0,0,0,0,1,0
0,0,0,1,-0.4268033145403377,1,1,0,0,0,0,0,1,1,0.6576988836659831,-0.21275356812735963,0,1,0,1,0,0,0,0,1,0
1,0,1,0,1.5677776925507676,1,0,0,1,1,1,1,1,1,1.3379612727596297,2.191085141717188,0,1,0,0,0,1,0,0,1,0
0,0,1,1,0.428017117070136,0,0,1,0,1,1,1,1,1,-0.1503201004525682,0.14894183446075704,1,0,0,0,1,0,0,1,0,0
0,0,0,0,-1.2816237461508113,1,0,0,0,0,0,0,0,1,0.1732193285066055,-0.9796110458651653,0,1,0,1,0,0,0,0,0,1
0,1,1,0,1.5677776925507676,1,0,1,1,1,1,1,0,1,1.1438376153841259,2.1368615653398724,0,1,0,0,0,1,0,0,1,0
0,0,0,0,0.346605647392948,1,0,1,0,1,1,1,1,1,0.4950995809070136,0.4475886089696631,1,0,0,0,1,0,1,0,0,0
1,0,1,0,-0.5896262538947137,1,1,0,0,0,0,0,0,1,0.27276992203250505,-0.43702403625313035,0,1,0,1,0,0,0,0,1,0
1,0,1,1,1.3642490183577978,1,1,0,0,0,0,0,0,1,-1.3150620447055927,-0.2761534420454515,0,0,1,0,0,1,0,1,0,0
0,0,0,0,-1.2816237461508113,1,0,0,0,0,0,1,0,0,0.435369224791474,-0.9761424932062116,0,1,0,1,0,0,0,0,1,0
0,0,1,0,0.18378270803857208,1,1,0,0,1,0,1,1,1,1.1471559685016557,0.6413226419776826,0,1,0,1,0,0,0,0,1,0
0,0,0,0,-1.0780950719578415,1,0,1,1,0,0,0,0,0,-0.2880317548300625,-0.8395737204761393,1,0,0,1,0,0,0,0,1,0
0,0,1,1,-1.2816237461508113,1,0,0,0,0,0,0,0,0,-1.472683817788267,-1.0013882878758118,0,0,1,1,0,0,0,0,0,1
0,0,1,0,0.020959768684196134,1,1,0,0,1,1,0,1,1,0.9978300782128064,0.31033929742675803,0,1,0,1,0,0,0,1,0,0
1,0,1,0,0.5501343215859179,1,1,0,1,1,0,1,0,1,0.9862158423014517,0.8830236848579426,0,1,0,0,1,0,0,0,1,0
1,0,0,0,1.1607203441648277,1,1,1,0,1,1,1,1,1,1.5486766957227835,2.008569022688443,0,1,0,0,0,1,0,1,0,0
0,0,1,1,0.9164859351332638,1,0,0,0,0,0,0,0,0,-1.5191407614336867,-0.5721878256276772,0,0,1,0,1,0,0,1,0,0
0,0,1,0,0.18378270803857208,1,1,0,0,1,0,0,0,1,0.46523440284924406,0.23635814261236418,0,1,0,1,0,0,0,1,0,0
0,0,1,1,-0.019745966154397852,0,0,1,1,0,0,0,0,1,-0.9882042626288892,-0.5489397416667149,1,0,0,1,0,0,0,0,1,0
1,0,1,1,-0.9966836022806536,1,0,0,0,0,0,0,0,0,-1.5008898192872717,-0.9532237022192006,0,0,1,0,0,1,0,0,0,1
1,0,1,1,1.5270719577121736,1,0,1,1,1,1,1,0,1,1.2002496183821352,2.0607070768974003,0,1,0,0,0,1,0,1,0,0
1,1,1,0,-0.10115743583158582,1,0,0,1,0,0,0,0,1,-0.4821554122055666,-0.339750891747914,1,0,0,1,0,0,1,0,0,0
0,0,0,0,1.1200146093262338,1,1,0,0,1,0,0,0,1,0.473530285643069,1.0816971124752317,0,1,0,0,1,0,1,0,0,0
0,0,0,0,-1.2816237461508113,1,0,0,0,0,0,0,0,0,-1.477661347464562,-1.0014541464706022,0,0,1,1,0,0,0,0,0,1
1,1,1,0,0.020959768684196134,1,1,1,0,1,1,1,1,1,1.4922646927247742,0.6117740857817852,0,1,0,1,0,0,1,0,0,0
0,0,1,0,1.1607203441648277,1,1,0,0,1,1,1,1,1,1.3744631570524595,1.9538185775528056,0,1,0,1,0,0,0,0,1,0
0,0,0,0,-1.0780950719578415,1,0,1,1,1,1,0,1,1,1.102358201415001,-0.7612678512705182,0,1,0,1,0,0,1,0,0,0
0,0,1,1,1.6084834273893616,1,1,0,0,0,0,0,0,0,-1.3183803978231226,-0.22566185270625094,0,0,1,0,0,1,1,0,0,0
1,0,1,1,-1.1595065416350294,1,0,0,0,0,0,0,0,0,-1.5290958207862766,-0.973442290819811,0,0,1,1,0,0,0,0,0,1
0,0,0,0,1.0386031396490458,1,1,1,1,1,0,1,1,1,1.4209201006978793,1.7700291923581155,0,1,0,0,1,0,0,0,1,0
1,0,0,0,-1.2816237461508113,1,0,0,0,0,0,0,0,0,-1.4710246412295018,-1.001366335010882,0,0,1,1,0,0,0,0,0,1
1,0,0,0,-0.9966836022806536,1,1,0,1,0,0,1,1,0,1.1919537355883103,-0.6505815062930186,0,1,0,1,0,0,0,0,1,0
1,0,0,0,-1.1595065416350294,1,0,0,0,0,0,0,0,0,-1.4992306427285067,-0.9760327288815611,0,0,1,1,0,0,0,0,0,1
0,1,1,0,1.6084834273893616,1,1,0,1,1,1,1,1,1,1.522129870782544,2.4503484765415178,0,1,0,0,0,1,0,1,0,0
0,0,1,1,-0.3453918448631497,0,0,1,1,1,1,0,1,1,-0.4124699967374369,-0.4799638400563809,1,0,0,0,0,1,0,0,0,1
0,0,1,1,-1.0373893371192475,1,0,0,0,0,0,0,0,1,0.13505826765501053,-0.7878527707008538,0,1,0,1,0,0,0,0,1,0
1,1,1,0,-0.9152721326034655,1,0,1,0,0,0,0,0,0,0.3441145140593994,-0.6940920845844514,0,1,0,1,0,0,0,0,1,0
0,1,0,0,-1.2409180113122174,1,1,0,0,0,0,0,0,1,0.3490920437356946,-0.9408642392635614,0,1,0,1,0,0,0,0,0,1
0,0,0,1,-0.6303319887333076,1,1,0,1,1,1,0,0,1,0.9215079565096169,-0.32686456003395287,0,1,0,1,0,0,0,1,0,0
1,0,1,0,1.0793088744876398,1,1,1,0,0,1,0,1,1,0.13837662077254032,0.7883629312794065,1,0,0,0,1,0,0,0,0,1
0,0,1,0,1.6084834273893616,1,1,1,1,1,1,1,1,1,1.6167029346321486,2.582285194771342,0,1,0,0,0,1,1,0,0,0
0,1,1,0,1.4456604880349857,1,1,1,1,0,0,0,1,1,1.0492645515345211,1.87942031830474,0,1,0,0,1,0,0,1,0,0
0,0,1,1,-0.1825689055087738,1,0,0,0,0,0,0,0,0,-1.4942531130522119,-0.7720028022213309,0,0,1,0,1,0,0,0,0,1
1,0,1,1,0.18378270803857208,1,0,1,0,1,1,0,0,1,-0.20507292689181286,-0.04312378081257594,1,0,0,0,1,0,0,0,0,1
1,0,1,1,0.9164859351332638,1,0,0,0,0,0,0,0,0,-1.5075265255223318,-0.559784456942178,0,0,1,0,1,0,0,0,0,1
1,0,0,0,0.5094285867473239,1,1,1,0,1,1,1,1,1,1.4441485725205894,1.1693768550059997,0,1,0,1,0,0,0,1,0,0
1,1,1,0,1.4049547531963917,1,1,1,1,0,0,0,0,0,0.6278337056082129,1.4433925150633482,0,1,0,1,0,0,1,0,0,0
1,0,0,0,1.3235432835192036,1,1,0,1,1,0,1,1,0,1.3329837430833347,1.9013512303698974,0,1,0,0,0,1,0,1,0,0
0,0,1,1,1.5270719577121736,1,0,1,0,0,1,1,1,0,0.3457736906181643,1.377072910109555,1,0,0,0,0,1,0,1,0,0
0,0,1,1,1.4863662228735797,1,1,0,0,0,0,0,0,1,-1.3051069853530026,-0.27569243188191955,0,0,1,0,0,1,1,0,0,0
0,0,1,1,1.3235432835192036,1,1,0,0,0,0,0,0,1,-1.3150620447055927,-0.24269727589199858,0,0,1,0,0,1,1,0,0,0
1,0,1,1,1.5677776925507676,1,1,0,1,0,1,0,0,1,0.659358060224748,1.690845208555291,0,1,0,0,0,1,0,0,1,0
1,0,1,1,1.5270719577121736,0,0,0,1,1,1,1,1,0,-0.15197927701133307,0.8067155263609594,1,0,0,0,1,0,0,0,1,0
1,0,1,1,0.9571916699718578,1,0,1,1,1,0,0,0,1,-0.17023021915774814,0.5076077416885214,1,0,0,0,0,1,1,0,0,0
0,0,1,0,0.46872285190873,1,1,1,1,1,1,0,0,1,1.0011484313303363,0.7724031984752333,0,1,0,1,0,0,0,1,0,0
1,0,0,0,-0.8338606629262776,1,0,0,1,0,0,0,0,1,-0.5269531792922214,-0.7500279844263136,1,0,0,1,0,0,1,0,0,0
0,0,1,1,-1.2816237461508113,1,0,0,0,0,0,0,0,1,-0.6381180087294758,-0.9903459968159781,1,0,0,1,0,0,0,0,1,0
0,0,1,1,0.020959768684196134,1,1,0,0,0,0,0,1,0,0.704155827311403,0.19510870940873024,0,1,0,1,0,0,0,1,0,0
0,0,0,0,-0.6710377235719016,1,1,0,1,1,0,0,1,1,1.0177401969179862,-0.3273914287922749,0,1,0,1,0,0,0,1,0,0
1,1,0,0,0.428017117070136,1,1,0,0,0,0,1,0,1,0.6610172367835129,0.5902163724204396,0,1,0,1,0,0,0,0,1,0
1,0,1,0,0.020959768684196134,1,1,1,1,1,0,1,0,1,0.2594965095623849,0.06415987010076013,1,0,0,1,0,0,1,0,0,0
0,0,0,0,-0.06045170099299184,1,1,0,0,1,0,0,1,1,0.8285940692187774,0.22197901608315707,0,1,0,1,0,0,0,0,1,0
1,1,0,0,-1.2002122764736234,1,1,0,0,1,0,1,0,0,0.866755130070372,-0.8834794503363137,0,1,0,1,0,0,0,0,1,0
1,0,1,0,0.6722515261016999,1,1,1,0,1,1,1,1,0,0.6444254711958629,0.7718763297169111,1,0,0,0,1,0,0,0,1,0
1,1,0,0,-1.2409180113122174,1,0,0,0,0,0,0,0,1,-0.6713015399047756,-0.9692712464830945,1,0,0,1,0,0,0,0,1,0
1,0,0,0,-0.9966836022806536,1,1,0,1,1,0,1,0,1,0.9646465470375066,-0.6707342362988385,0,1,0,1,0,0,0,0,1,0
1,0,0,0,-0.2639803751859618,1,0,0,1,1,0,1,0,0,0.8252757161012472,0.014919594062574721,0,1,0,1,0,0,0,0,1,0
1,0,0,0,-1.2816237461508113,1,0,0,0,0,0,0,0,0,-1.5058673489635668,-1.0018273451744135,0,0,1,1,0,0,0,0,0,1
0,0,1,1,1.5677776925507676,0,0,1,1,0,1,1,1,0,-0.2083912800093429,0.809591351666801,1,0,0,0,0,1,0,0,0,1
0,0,1,1,1.6084834273893616,0,0,0,1,1,1,1,1,1,-0.16359351292268806,0.861729405875758,1,0,0,0,0,1,0,0,1,0
0,0,1,0,1.4049547531963917,1,1,1,1,1,0,0,1,0,0.3374778078243394,1.2131728205415238,1,0,0,0,1,0,0,0,0,1
0,0,1,1,-0.5896262538947137,1,0,0,0,1,1,0,0,1,-0.34942128750436724,-0.5901891748703487,1,0,0,0,1,0,0,1,0,0
1,0,1,0,1.2014260790034217,1,1,1,1,0,0,0,1,0,1.034331962505636,1.6245695093313577,0,1,0,0,1,0,0,0,1,0
1,1,0,0,-0.06045170099299184,1,1,0,0,1,1,1,0,1,1.050923728093286,0.25317403714881087,0,1,0,1,0,0,1,0,0,0
1,0,1,0,-0.9966836022806536,1,0,0,0,0,0,0,0,0,-1.4826388771408567,-0.9408861921284917,0,0,1,1,0,0,0,0,0,1
0,0,0,0,1.5270719577121736,0,0,1,1,1,1,0,0,1,-0.6746198930223056,0.3322921623568452,1,0,0,0,0,1,1,0,0,0
1,0,1,0,1.4863662228735797,0,0,0,1,1,1,1,1,1,-0.1370466879824483,0.8614659714965968,1,0,0,0,1,0,0,1,0,0
0,0,0,0,-1.2816237461508113,1,0,0,0,0,0,1,1,0,0.8518225410414869,-0.9706323241087598,0,1,0,1,0,0,0,0,1,0
0,0,0,0,-0.38609757970174374,1,1,1,0,1,0,1,1,1,0.4519609903791239,-0.2012063611741338,1,0,0,0,1,0,0,0,1,0
1,0,1,0,1.6084834273893616,1,1,1,0,1,1,1,1,0,0.7207475928990529,1.6653140266415996,1,0,0,0,0,1,0,1,0,0
0,0,1,1,0.7129572609402939,1,0,0,0,0,0,0,0,1,0.1599459160364854,0.5516232358733463,0,1,0,1,0,0,1,0,0,0
1,0,0,0,0.46872285190873,1,1,0,0,1,0,0,1,1,0.8451858348064274,0.7734788888568075,0,1,0,1,0,0,0,0,0,1
0,0,1,0,1.6084834273893616,1,0,0,0,0,0,0,0,0,-1.4892755833759168,-0.3853469922077051,0,0,1,0,0,1,1,0,0,0
0,0,0,0,-0.9966836022806536,0,0,0,1,0,0,0,0,1,-1.1839870965631583,-0.9107668614444121,1,0,0,1,0,0,0,0,0,1
1,0,0,0,0.26519417771576004,0,0,0,0,1,1,0,0,0,-0.9749308501587693,-0.4356190528976048,1,0,0,0,1,0,0,0,0,1
0,0,0,0,-0.5896262538947137,1,0,0,0,1,0,0,0,1,-0.4954288246756865,-0.618464464900301,1,0,0,1,0,0,0,0,0,1
1,1,1,1,-0.019745966154397852,1,0,0,1,0,0,1,1,1,0.9629873704787417,0.24592959172188208,0,1,0,1,0,0,0,0,0,1
1,0,1,0,1.5677776925507676,1,1,0,0,1,0,1,1,1,1.118949967002651,2.0466791962070747,0,1,0,0,1,0,0,1,0,0
0,0,1,0,-1.2409180113122174,1,0,0,0,0,0,0,0,1,0.19147027065302033,-0.9483062604748612,0,1,0,1,0,0,0,0,1,0
1,0,1,1,1.2421318138420157,1,0,0,0,0,0,0,0,0,-1.5008898192872717,-0.4502396609410429,0,0,1,0,0,1,0,0,0,1
1,0,0,0,0.428017117070136,1,0,0,1,0,0,0,1,1,-0.16359351292268806,0.1085485629893966,1,0,0,0,0,1,0,0,1,0
0,0,1,0,0.387311382231542,1,1,0,0,1,1,0,0,1,0.695859944517578,0.6271630440977763,0,1,0,1,0,0,0,1,0,0
0,0,0,0,-0.3453918448631497,1,1,0,0,0,0,0,0,0,-1.3200395743818876,-0.7676122292353134,0,0,1,0,0,1,0,1,0,0
1,0,1,1,1.2421318138420157,0,0,1,1,1,0,1,1,0,-0.1967770440979879,0.6174379249337477,1,0,0,0,0,1,0,0,1,0
1,0,1,1,-1.0373893371192475,1,0,0,0,0,0,0,0,0,-1.4826388771408567,-0.9470329943089161,0,0,1,1,0,0,0,0,0,1
1,0,0,1,-0.5082147842175256,1,0,0,0,0,0,0,0,1,-1.5108448786398618,-0.8459839570357247,0,0,1,1,0,0,0,0,1,0
1,0,1,1,0.46872285190873,1,0,0,0,0,0,0,0,1,-1.4743429943470319,-0.6306043992066392,0,0,1,0,1,0,1,0,0,0
1,0,1,0,-0.1825689055087738,1,0,1,1,0,1,0,0,0,-0.13372833486491825,-0.22640825011387383,1,0,0,1,0,0,0,0,0,1
1,1,1,0,-0.9966836022806536,1,0,1,0,0,0,1,0,0,-0.13372833486491825,-0.7680732393988452,1,0,0,1,0,0,1,0,0,0
0,0,1,1,1.5270719577121736,1,1,0,1,1,1,1,1,1,1.5022197520773641,2.365851899425612,0,1,0,0,0,1,0,0,1,0
1,1,1,0,1.6084834273893616,1,0,1,1,1,1,1,0,0,0.31424933600162985,1.3432654981172205,1,0,0,0,0,1,1,0,0,0
1,0,0,0,-1.2816237461508113,1,1,1,1,0,0,0,0,0,-0.1254324520710933,-0.983562561552581,1,0,0,1,0,0,0,0,1,0
1,0,1,0,1.4049547531963917,1,1,0,0,0,0,0,0,0,-1.3051069853530026,-0.22673754308782512,0,0,1,0,0,1,0,1,0,0
1,0,1,1,0.1023712383613841,1,0,0,1,0,1,1,0,1,0.8219573629837174,0.3794688690916025,0,1,0,0,1,0,0,0,1,0
1,1,1,0,0.5094285867473239,1,1,1,0,1,1,0,1,0,0.33913698438310474,0.5176621538265014,1,0,0,0,0,1,0,1,0,0
0,0,0,1,-0.8745663977648716,1,0,0,0,0,0,0,0,0,-1.5008898192872717,-0.9154867274043809,0,0,1,1,0,0,0,1,0,0
1,0,0,0,-1.1595065416350294,1,0,0,0,0,1,1,0,1,-0.12045492239479837,-0.9009100250908028,1,0,0,1,0,0,0,0,1,0
0,0,0,0,-0.6710377235719016,1,0,0,0,0,0,0,0,0,-1.4876164068171518,-0.8803840963811713,0,0,1,0,1,0,0,0,0,1
0,0,0,0,-0.5896262538947137,1,0,0,0,0,0,0,0,1,-1.5058673489635668,-0.839507861881349,0,0,1,1,0,0,0,0,0,1
0,1,0,0,-1.1595065416350294,1,1,0,0,0,0,1,1,1,0.9746016063900964,-0.8240530449705675,0,1,0,1,0,0,0,0,1,0
0,0,1,0,-0.5082147842175256,1,0,0,0,0,0,0,0,0,-1.4793205240233267,-0.8377955384168021,0,0,1,0,1,0,0,0,0,1
1,0,0,0,1.4049547531963917,1,1,1,1,1,1,1,1,1,0.7920921849259474,1.5814101768788063,1,0,0,0,1,0,1,0,0,0
1,1,1,0,0.30589991255435406,1,0,1,1,1,1,1,0,1,1.102358201415001,0.7971001715215814,0,1,0,0,1,0,0,1,0,0
0,0,0,0,-1.0780950719578415,1,0,0,0,0,0,0,0,1,-1.459410405318147,-0.9623341411651868,0,0,1,1,0,0,0,0,0,1
0,0,1,0,1.0793088744876398,1,1,0,0,1,1,1,0,0,0.9430772517735615,1.3545712235562155,0,1,0,1,0,0,0,0,1,0
0,0,0,0,0.7129572609402939,0,0,0,1,1,1,0,0,0,-0.8372191957812748,-0.16182292148955735,1,0,0,0,0,1,0,1,0,0
1,0,1,0,-1.2816237461508113,1,0,0,0,0,1,1,0,1,0.659358060224748,-0.9731788564406498,0,1,0,1,0,0,0,0,1,0
0,0,1,0,-0.7931549280876836,1,0,0,0,0,0,0,0,0,-0.7011667179625456,-0.7502036073457542,1,0,0,0,1,0,0,0,1,0
1,0,0,1,-0.4675090493789317,1,1,0,0,0,0,0,0,0,-1.3349721634107725,-0.8053052983202731,0,0,1,1,0,0,0,0,0,1
0,0,0,0,0.346605647392948,1,1,0,1,1,0,1,1,1,1.3728039804936945,0.9405182381098408,0,1,0,1,0,0,0,0,1,0
0,0,0,1,0.06166550352279012,1,0,1,1,1,0,1,1,1,1.3412796258771595,0.6090958362603145,0,1,0,1,0,0,1,0,0,0
1,0,0,0,-0.1418631706701798,1,0,0,0,1,1,1,1,1,1.1239274966789456,0.22206682754287735,0,1,0,1,0,0,0,1,0,0
0,0,0,0,0.30589991255435406,1,0,1,1,0,0,1,0,0,0.0056424960713409395,0.12499125882203183,1,0,0,1,0,0,0,0,0,1
1,0,0,0,-1.2816237461508113,1,0,0,0,0,0,0,0,0,0.16658262227154547,-0.9796988573248858,0,1,0,1,0,0,0,0,1,0
0,0,1,1,0.6722515261016999,1,1,0,1,0,0,1,1,1,1.1089949076500607,1.1362280289615683,0,1,0,1,0,0,0,0,1,0
1,0,0,0,0.1023712383613841,1,1,1,0,1,0,0,0,1,-0.17686692539280796,-0.09062978052128454,1,0,0,1,0,0,0,0,1,0
1,0,0,0,-0.9966836022806536,1,0,0,0,0,0,0,1,1,-0.3378070515930122,-0.8180818657095839,1,0,0,1,0,0,0,1,0,0
1,0,0,0,-0.5896262538947137,1,0,1,0,1,1,1,0,1,0.11348897239106542,-0.43972423863953114,1,0,0,1,0,0,0,0,1,0
1,1,1,0,0.7129572609402939,1,1,1,0,1,0,1,1,1,1.3313245665245697,1.2565736345083063,0,1,0,0,0,1,0,1,0,0
0,1,1,0,-0.019745966154397852,1,1,0,0,0,0,1,0,1,0.697519121076343,0.14369509974246608,0,1,0,1,0,0,0,1,0,0
0,0,0,0,-0.38609757970174374,1,0,0,0,1,0,0,0,0,-0.5053838840282764,-0.5356802112489423,1,0,0,1,0,0,0,1,0,0
1,0,0,0,-1.2002122764736234,1,0,0,0,0,0,1,0,1,0.450301813820359,-0.9041370962355256,0,1,0,1,0,0,0,0,1,0
1,0,1,1,0.22448844287716607,1,1,0,1,1,0,1,1,0,0.46523440284924406,0.24641255475034415,1,0,0,0,1,0,0,1,0,0
1,0,1,0,0.7536629957788878,1,1,1,1,0,0,0,1,1,1.0442870218582263,1.1458214309360164,0,1,0,0,1,0,0,1,0,0
1,0,0,0,-1.1188008067964355,1,0,0,0,1,1,0,0,0,-0.29135010794759253,-0.8824476656845995,1,0,0,1,0,0,0,0,1,0
0,0,1,0,1.2421318138420157,1,0,0,1,0,0,1,1,1,1.0310136093881064,1.6721194147699268,0,1,0,0,1,0,0,0,1,0
1,1,0,0,-1.2816237461508113,1,0,0,0,0,0,0,0,1,0.2229946252695553,-0.9789524599172628,0,1,0,1,0,0,0,0,1,0
1,0,1,1,-1.1595065416350294,0,0,1,0,0,0,1,0,0,-0.8753802566328698,-0.9418740710503456,1,0,0,1,0,0,0,1,0,0
0,0,0,0,0.387311382231542,1,1,1,1,0,0,0,0,1,-0.15861598324639314,0.0528102389319051,1,0,0,0,1,0,1,0,0,0
0,0,1,1,1.5677776925507676,1,1,1,1,1,0,1,0,0,1.1803394996769556,2.0764472810522725,0,1,0,0,0,1,1,0,0,0
1,0,0,0,-1.2816237461508113,1,0,0,0,0,0,0,0,1,-0.6381180087294758,-0.9903459968159781,1,0,0,1,0,0,0,0,0,1
1,1,1,0,-0.1418631706701798,1,0,1,0,1,0,0,1,0,0.8352307754538371,0.15603260983317505,0,1,0,0,1,0,1,0,0,0
1,0,0,0,-0.06045170099299184,1,0,0,1,0,0,1,1,1,0.9812383126251565,0.2976285886322374,0,1,0,1,0,0,0,0,1,0
1,0,0,0,-0.9559778674420595,1,0,1,0,0,1,0,1,0,0.0006649663950462456,-0.7698953271880425,1,0,0,1,0,0,0,0,0,1
0,1,0,0,-0.6710377235719016,1,0,0,0,0,1,1,0,0,-0.18350363162786804,-0.5608601473237522,1,0,0,1,0,0,0,0,1,0
1,0,0,0,-1.2816237461508113,1,0,0,0,0,0,0,0,0,-1.477661347464562,-1.0014541464706022,0,0,1,1,0,0,0,0,0,1
0,0,1,0,-0.10115743583158582,1,1,0,1,0,1,1,0,1,0.9679649001550363,0.2209033257015827,0,1,0,1,0,0,0,1,0,0
0,0,1,0,0.6722515261016999,1,0,0,0,0,0,0,0,0,-1.5241182911099815,-0.6070489751366557,0,0,1,0,1,0,0,1,0,0
0,0,1,1,-0.38609757970174374,1,1,0,1,0,1,1,0,1,0.15165003324266044,-0.2850443523421368,1,0,0,1,0,0,0,1,0,0
0,0,0,0,-1.2816237461508113,1,0,0,0,1,0,0,0,1,0.33084110158927976,-0.9775255236968071,0,1,0,1,0,0,0,0,1,0
1,0,1,1,-0.9152721326034655,1,0,0,1,0,0,0,0,0,-0.5103614137045716,-0.8015513584172282,1,0,0,0,1,0,0,0,0,1
1,0,1,1,0.7129572609402939,1,1,0,0,0,0,0,0,0,-1.3266762806169474,-0.456562086040908,0,0,1,0,0,1,0,0,0,1
0,0,1,0,1.1200146093262338,1,1,1,1,0,0,0,1,1,0.9679649001550363,1.3938229460512113,0,1,0,1,0,0,0,1,0,0
0,0,0,0,-1.2816237461508113,1,0,0,0,0,0,0,0,1,-1.480979700582092,-1.0014980522004622,0,0,1,1,0,0,0,0,0,1
1,0,0,0,-1.2409180113122174,1,1,0,0,0,0,0,1,0,-0.09556727401332349,-0.9584704369374913,1,0,0,1,0,0,1,0,0,0
1,1,1,0,-0.019745966154397852,1,1,0,0,0,0,0,0,1,0.33084110158927976,0.0008917133722488853,0,1,0,1,0,0,0,0,1,0
0,0,1,0,0.020959768684196134,1,0,0,0,0,0,0,0,0,-1.4892755833759168,-0.7164840068131403,0,0,1,1,0,0,0,0,0,1
0,1,1,1,-0.3453918448631497,1,0,0,0,1,0,1,1,1,1.0492645515345211,-0.016626672841960732,0,1,0,0,0,1,0,0,1,0
1,1,1,1,0.346605647392948,1,1,0,1,1,1,1,1,1,1.560290931634139,0.9806700280669702,0,1,0,0,1,0,0,0,1,0
0,1,1,0,0.30589991255435406,0,0,0,1,0,0,1,0,1,-0.8504926082513949,-0.29149849463158234,1,0,0,1,0,0,0,0,1,0
1,0,1,1,0.22448844287716607,1,1,0,0,0,0,0,0,0,-1.3233579274994176,-0.5871816323749267,0,0,1,0,0,1,0,1,0,0
1,1,1,1,1.2828375486806096,1,1,1,0,1,1,1,1,1,1.5486766957227835,2.106456847411702,0,1,0,0,0,1,1,0,0,0
0,1,1,0,1.4456604880349857,1,0,0,1,1,1,0,0,1,-0.1420242176587432,0.7352369981485957,1,0,0,0,1,0,1,0,0,0
1,0,1,0,1.5677776925507676,0,0,0,1,0,0,1,1,0,-0.5169981199396313,0.5329852535477023,1,0,0,0,0,1,0,0,1,0
1,0,0,1,0.06166550352279012,1,1,1,1,0,0,1,1,1,1.2898451525554449,0.5134691566248548,0,1,0,0,1,0,0,0,1,0
1,1,0,0,-0.5489205190561197,1,1,1,0,0,0,1,0,1,0.8518225410414869,-0.28157579968318297,0,1,0,1,0,0,0,0,1,0
1,0,0,0,-1.2816237461508113,1,0,0,0,0,0,0,0,0,-1.4842980536996218,-1.0015419579303226,0,0,1,1,0,0,0,0,0,1
1,0,1,0,-0.6303319887333076,1,1,0,1,1,0,1,1,1,1.24836573858632,-0.24535357254853912,0,1,0,1,0,0,0,0,1,0
0,0,1,1,0.8757802002946699,1,1,1,1,0,0,1,1,1,1.2998002119080347,1.4684187810836478,0,1,0,1,0,0,1,0,0,0
1,0,0,0,0.30589991255435406,0,0,1,1,1,0,1,1,0,-0.09556727401332349,0.09230344294113207,1,0,0,0,1,0,0,1,0,0
0,0,0,0,0.428017117070136,1,1,1,1,1,1,1,1,0,1.6631598782775683,1.1388184670233188,0,1,0,0,0,1,0,1,0,0
0,0,0,0,-0.7931549280876836,1,1,0,0,0,0,0,0,1,0.3341594547068096,-0.5715950982745649,0,1,0,1,0,0,0,0,0,1
1,0,0,0,1.3642490183577978,1,1,0,0,0,0,0,0,0,-1.3100845150292975,-0.26438670644292467,0,0,1,0,1,0,1,0,0,0
1,0,0,0,-1.2816237461508113,1,0,0,0,0,0,0,0,0,-0.6215262431418258,-0.9901264681666773,1,0,0,1,0,0,0,1,0,0
0,0,0,0,-1.2409180113122174,1,0,0,0,0,0,0,0,1,-0.6480730680820658,-0.9748692270402667,1,0,0,1,0,0,0,0,1,0
1,0,0,0,-0.1418631706701798,0,0,0,0,0,0,0,0,1,-1.3299946337344775,-0.6644118111989735,1,0,0,0,1,0,0,0,0,1
0,0,0,0,-0.30468611002455576,1,1,0,1,0,0,1,1,1,1.1720436168831305,0.03794814937423611,0,1,0,1,0,0,0,0,1,0
0,1,0,0,-0.4675090493789317,0,0,1,0,0,0,1,0,1,-0.7642154271956153,-0.6415588788067528,1,0,0,1,0,0,0,0,1,0
0,1,1,0,0.22448844287716607,1,0,1,0,0,0,0,1,1,0.6145602931380933,0.3713682619324004,0,1,0,1,0,0,0,0,1,0
0,0,1,1,-1.0780950719578415,1,0,0,0,0,0,0,0,0,-1.5241182911099815,-0.9640903703595938,0,0,1,0,1,0,0,1,0,0
1,0,1,0,0.9164859351332638,1,1,0,0,1,1,1,1,1,1.3014593884668002,1.5111171033726674,0,1,0,0,1,0,0,0,1,0
1,0,1,1,1.0793088744876398,1,1,0,0,1,0,1,1,1,1.1471559685016557,1.5632332047166941,0,1,0,0,0,1,0,1,0,0
0,0,0,1,0.6722515261016999,1,0,0,0,0,0,0,0,0,-1.5091857020810966,-0.6059074261602911,0,0,1,0,1,0,0,1,0,0
1,0,1,0,-0.9152721326034655,1,0,0,0,0,0,0,0,0,-1.5042081724048018,-0.9272315101419775,0,0,1,0,1,0,1,0,0,0
1,0,0,0,-0.38609757970174374,1,1,0,0,1,0,0,0,1,0.5332606417586087,-0.16869416821267466,0,1,0,1,0,0,0,0,1,0
0,0,0,0,-1.2816237461508113,1,0,0,0,0,0,0,0,1,-1.4826388771408567,-1.0015200050653925,0,0,1,1,0,0,0,0,0,1
1,0,1,1,-0.06045170099299184,1,1,1,0,1,0,1,0,0,1.0990398482974708,0.3428075846583569,0,1,0,0,1,0,1,0,0,0
0,1,1,1,0.9571916699718578,1,0,1,0,0,1,1,1,1,0.25451897988608974,0.7828527621819547,1,0,0,0,0,1,0,1,0,0
0,0,1,0,1.5677776925507676,1,0,0,1,1,1,1,1,1,0.5233055824060188,1.4944329260258011,1,0,0,0,0,1,0,1,0,0
0,0,0,0,0.5501343215859179,1,1,1,0,1,0,1,1,0,0.473530285643069,0.5674732043528693,1,0,0,0,0,1,0,0,0,1
1,1,0,0,-0.7117434584104956,1,0,0,1,0,0,0,0,1,0.31424933600162985,-0.5387316594742244,0,1,0,1,0,0,0,0,1,0
0,0,1,0,-1.2409180113122174,1,0,0,0,0,0,0,0,0,-1.4959122896109767,-0.9875799358347871,0,0,1,1,0,0,1,0,0,0
0,0,1,0,1.5677776925507676,1,1,0,0,0,0,0,0,0,-1.3631781649097774,-0.27626320637010193,0,0,1,0,0,1,0,0,0,1
1,0,1,1,0.30589991255435406,1,0,0,0,0,0,0,0,0,-1.5042081724048018,-0.6552355136581971,0,0,1,0,0,1,0,0,0,1
0,0,1,0,-0.9966836022806536,1,0,0,0,0,0,0,0,0,-1.4859572302583868,-0.9418082124555552,0,0,1,1,0,0,1,0,0,0
0,0,0,0,-0.8338606629262776,1,0,0,0,0,0,0,0,1,-0.6596873039934208,-0.7807400424635056,1,0,0,1,0,0,0,0,1,0
1,1,0,0,-1.2002122764736234,1,1,0,0,0,0,1,1,1,0.9928525485365113,-0.8629974273565423,0,1,0,1,0,0,0,0,1,0
1,1,0,0,-0.5896262538947137,1,1,0,0,0,0,1,1,1,1.0127626672416914,-0.24094104669759162,0,1,0,1,0,0,0,0,1,0
1,0,1,0,1.6084834273893616,1,1,0,1,1,1,1,1,1,1.4358526897267645,2.4320617400547553,0,1,0,0,0,1,0,0,1,0
0,0,1,0,1.5270719577121736,1,1,1,1,1,1,1,1,1,0.9911933719777464,2.0011050486122133,1,0,0,0,0,1,0,1,0,0
0,0,0,0,0.590840056424512,1,0,0,0,1,1,1,1,0,0.31590851256039476,0.5308119199196237,1,0,0,0,0,1,0,0,0,1
0,1,0,0,-0.1418631706701798,1,1,1,1,0,0,0,0,1,-0.21170963312687294,-0.25569337193061015,1,0,0,1,0,0,1,0,0,0
1,0,1,1,1.6084834273893616,1,0,0,0,0,0,0,0,0,-1.472683817788267,-0.3814393822501496,0,0,1,0,0,1,0,0,1,0
0,0,0,0,0.26519417771576004,0,0,0,1,1,1,0,0,0,-0.790762252135855,-0.3092144566301628,1,0,0,1,0,0,1,0,0,0
0,0,1,1,-1.0373893371192475,1,0,0,0,0,0,0,0,0,-1.4760021709057967,-0.9442230275978649,0,0,1,1,0,0,0,0,0,1
0,0,1,0,1.5677776925507676,1,1,1,1,0,0,1,0,0,1.0193993734767515,2.0001830282851496,0,1,0,0,1,0,0,0,0,1
0,0,0,0,0.7536629957788878,1,0,0,0,0,0,1,1,0,0.7506127709568226,0.9547656474494673,0,1,0,0,1,0,0,1,0,0
0,0,1,1,0.7943687306174818,1,0,1,0,1,0,1,1,0,1.1737027934418955,1.2922031342898377,0,1,0,0,1,0,0,0,1,0
0,1,0,0,0.5501343215859179,1,0,0,1,0,0,1,1,0,1.0061259610066313,0.9320663851117573,0,1,0,0,1,0,0,1,0,0
1,0,1,1,0.22448844287716607,1,1,0,1,1,0,1,0,1,0.9862158423014517,0.5808644519602225,0,1,0,1,0,0,0,0,1,0
1,1,1,1,-0.9152721326034655,0,0,0,0,0,0,0,1,1,-1.0081143813340692,-0.8512087388890854,1,0,0,1,0,0,1,0,0,0
0,1,1,0,1.6084834273893616,1,1,1,1,1,1,1,1,1,1.6498864658074486,2.6486706583199258,0,1,0,0,0,1,1,0,0,0
1,0,0,0,-0.5489205190561197,1,0,0,0,0,0,1,0,1,0.4569385200554191,-0.3539763482226106,0,1,0,1,0,0,1,0,0,0
0,1,1,0,-1.2002122764736234,1,0,0,0,0,1,1,0,1,0.6294928821669784,-0.8930069937159714,0,1,0,1,0,0,0,0,0,1
0,0,0,0,1.4863662228735797,1,0,1,0,1,1,1,1,1,0.5813767619627935,1.4286840955601898,1,0,0,0,0,1,0,1,0,0
0,0,0,0,0.8757802002946699,1,0,0,0,0,0,0,0,0,-1.4876164068171518,-0.5364705143864253,0,0,1,0,0,1,0,0,0,1
1,1,0,0,-0.8338606629262776,0,0,0,0,1,1,0,1,1,-0.7061442476388405,-0.7790496718638888,1,0,0,1,0,0,0,0,1,0
0,0,1,1,-0.9966836022806536,1,0,0,0,0,0,0,0,0,-1.456092052200617,-0.949052657882484,0,0,1,1,0,0,0,1,0,0
1,1,1,0,-0.38609757970174374,1,0,1,1,0,0,0,1,1,0.8319124223363072,-0.12171503726228808,0,1,0,1,0,0,0,0,1,0
1,0,0,0,-1.0373893371192475,1,0,1,0,0,0,0,0,0,0.3125901594428645,-0.7761299408281873,0,1,0,1,0,0,0,0,0,1
0,0,0,0,-1.0780950719578415,1,0,0,0,0,0,0,0,1,0.14335415044883548,-0.8267093416271081,0,1,0,1,0,0,0,0,0,1
1,0,0,0,0.5094285867473239,1,0,0,0,0,0,0,0,0,-1.5290958207862766,-0.6296165202847853,0,0,1,0,1,0,1,0,0,0
0,0,1,1,1.6084834273893616,1,1,1,1,1,1,0,1,0,0.5282831120823135,1.5469880846684296,1,0,0,0,0,1,1,0,0,0
0,0,0,0,-1.2816237461508113,1,0,0,0,0,0,0,0,1,-1.4793205240233267,-1.0014760993355323,0,0,1,1,0,0,0,0,0,1
0,0,1,1,-0.38609757970174374,1,1,0,0,0,0,0,0,0,-1.3631781649097774,-0.7357147164918967,0,0,1,0,0,1,0,0,0,1
1,0,1,0,1.6084834273893616,1,0,0,0,1,0,1,1,1,0.9862158423014517,1.9520623483583988,0,1,0,1,0,0,0,0,1,0
0,0,1,1,1.4049547531963917,1,1,1,0,0,0,1,1,1,0.3507512202944595,1.2856172748108115,1,0,0,0,0,1,0,0,1,0
0,0,1,1,0.428017117070136,0,0,1,1,0,1,1,0,1,-0.4539494107065617,-0.06573523169056575,1,0,0,0,1,0,1,0,0,0
1,0,0,0,-1.2816237461508113,1,0,0,0,0,0,0,0,1,-0.6397771852882409,-0.9903679496809081,1,0,0,1,0,0,0,0,1,0
1,1,1,0,1.1200146093262338,1,1,0,1,1,0,1,1,1,1.3080960947018598,1.7729708762587473,0,1,0,0,1,0,0,0,1,0
1,0,0,0,-1.2409180113122174,1,0,0,0,1,1,0,0,1,0.4950995809070136,-0.943476630190242,0,1,0,1,0,0,0,0,1,0
0,0,0,0,-1.2816237461508113,1,0,0,0,1,0,0,0,0,0.3524103968532244,-0.9772401364527159,0,1,0,1,0,0,0,0,1,0
1,0,1,0,1.6084834273893616,1,1,1,1,1,1,0,1,0,0.4619160497317138,1.5199421550745622,1,0,0,0,0,1,1,0,0,0
0,0,1,1,-0.019745966154397852,1,1,1,0,0,0,1,0,0,0.8186390098661871,0.2636455537204626,0,1,0,1,0,0,0,0,1,0
0,0,0,0,1.1607203441648277,1,1,1,1,1,1,1,1,0,0.8202981864249524,1.3204125657249997,1,0,0,0,0,1,0,0,1,0
0,0,1,1,1.2828375486806096,1,1,1,1,0,1,1,1,0,1.505538105194894,2.0618047201439045,0,1,0,0,0,1,1,0,0,0
0,0,1,1,-0.7524491932490895,1,0,0,0,0,0,0,0,0,-1.5058673489635668,-0.8811085409238641,0,0,1,0,1,0,0,0,0,1
0,0,0,0,-0.7931549280876836,1,0,0,0,0,0,0,1,1,0.5166688761709587,-0.5661727406368333,0,1,0,1,0,0,0,0,1,0
1,0,1,0,-0.30468611002455576,1,0,0,0,0,0,0,0,1,-1.459410405318147,-0.7930116939594243,0,0,1,0,1,0,1,0,0,0
0,0,0,0,0.5501343215859179,1,0,0,0,1,1,0,0,0,-0.35108046406313215,0.0697358977930024,1,0,0,0,0,1,0,1,0,0
1,0,0,0,-1.1595065416350294,1,0,0,0,0,0,0,0,1,-0.6314813024944159,-0.9227092199663794,1,0,0,1,0,0,0,0,1,0
1,0,0,0,0.590840056424512,1,0,0,0,0,0,0,0,0,-1.4760021709057967,-0.5963798827806334,0,0,1,0,0,1,1,0,0,0
1,0,1,1,0.8350744654560759,1,0,1,1,0,1,1,0,1,0.1582867394777205,0.627097185502986,1,0,0,0,0,1,0,0,0,1
1,0,1,0,-0.9559778674420595,1,0,0,0,1,0,1,1,1,0.16990097538907525,-0.7626069760312535,1,0,0,1,0,0,0,0,0,1
0,0,1,1,1.5270719577121736,1,1,1,1,1,0,1,1,1,1.4341935131679995,2.471554944063982,0,1,0,0,1,0,0,1,0,0
1,0,0,0,0.7129572609402939,1,0,1,1,1,1,0,0,1,0.8352307754538371,0.9870583117616257,0,1,0,0,1,0,0,1,0,0
1,0,0,0,-0.9559778674420595,1,0,0,0,1,0,0,0,1,0.2943392172964497,-0.7011828599568696,0,1,0,1,0,0,0,0,1,0
0,0,1,0,1.5270719577121736,1,0,0,0,0,0,0,0,0,-1.497571466169742,-0.39676248197135044,0,0,1,0,0,1,1,0,0,0
1,0,0,0,1.4049547531963917,1,1,1,1,1,1,1,1,1,1.7726655311560575,2.416058101520721,0,1,0,0,1,0,1,0,0,0
1,0,0,0,-1.2816237461508113,1,0,0,0,0,0,0,0,1,-1.5025489958460367,-1.0017834394445535,0,0,1,1,0,0,1,0,0,0
0,0,1,1,1.3642490183577978,1,1,0,0,0,0,0,0,1,0.3092718063253347,1.123078262868446,0,1,0,0,1,0,1,0,0,0
0,0,1,1,1.0386031396490458,1,0,0,0,0,0,0,0,0,-1.480979700582092,-0.5007751560101036,0,0,1,0,0,1,0,1,0,0
0,0,1,1,-1.3223294809894055,0,0,1,0,1,1,1,0,1,-0.410810820178672,-0.3968393169986058,1,0,0,0,0,1,1,0,0,0
0,0,0,0,-1.2409180113122174,1,0,0,0,0,0,0,0,0,0.1566275629189556,-0.9466817484700346,0,1,0,1,0,0,0,0,1,0
0,0,0,0,0.346605647392948,1,0,0,0,0,0,0,0,1,-1.4959122896109767,-0.6545769277102944,0,0,1,0,0,1,0,0,0,1
0,1,0,0,-1.1595065416350294,1,0,0,0,0,0,1,0,1,0.4619160497317138,-0.8818549383314872,0,1,0,1,0,0,0,0,1,0
1,0,0,0,-0.38609757970174374,1,0,0,0,0,0,0,0,0,-1.4859572302583868,-0.8323292750492105,0,0,1,0,1,0,1,0,0,0
1,1,1,0,1.1607203441648277,1,1,0,1,0,0,0,1,0,-0.029200211662723803,0.7030540981610878,1,0,0,0,1,0,1,0,0,0
0,0,0,1,-0.9966836022806536,1,0,0,0,0,0,0,0,0,-1.4892755833759168,-0.9385811413108325,0,0,1,1,0,0,0,0,0,1
1,0,0,1,-1.2816237461508113,1,0,0,1,0,0,0,0,1,0.3457736906181643,-0.9773279479124364,0,1,0,1,0,0,0,0,1,0
0,0,0,0,-0.4268033145403377,1,1,0,0,0,0,0,0,0,-1.2835376900890578,-0.7443860981392811,0,0,1,0,0,1,0,0,0,1
1,0,0,0,-1.2409180113122174,1,0,1,0,0,0,0,0,1,-0.5684325932613462,-0.9698200681063466,1,0,0,1,0,0,0,0,1,0
0,0,1,0,0.9164859351332638,1,1,0,0,1,0,0,0,1,0.42541416543888416,0.9469723803992864,0,1,0,1,0,0,0,0,1,0
1,0,1,1,1.1200146093262338,1,1,0,0,0,0,0,0,0,0.3125901594428645,0.9448429525010682,0,1,0,1,0,0,1,0,0,0
0,0,1,1,0.7536629957788878,1,1,1,0,0,1,1,0,1,1.0028076078891015,1.1848975305115717,0,1,0,0,1,0,0,0,0,1
0,0,0,0,-1.0373893371192475,1,0,0,0,0,0,1,0,1,0.5100321699358986,-0.7791594361885392,0,1,0,1,0,0,0,0,0,1
0,1,0,0,-1.2409180113122174,1,0,0,0,0,0,0,0,1,0.15496838636019022,-0.9526090220011582,0,1,0,1,0,0,0,0,1,0
0,0,0,0,0.1023712383613841,1,1,0,1,0,1,0,0,0,0.6759498258123978,0.2705387533085099,0,1,0,1,0,0,0,1,0,0
0,0,0,0,1.5270719577121736,1,1,1,1,1,1,1,1,0,0.8236165395424823,1.7851547162949455,1,0,0,0,0,1,0,1,0,0
1,0,0,0,-1.2816237461508113,1,0,0,0,0,0,1,1,1,0.8070247739548323,-0.9712250514618721,0,1,0,1,0,0,0,0,1,0
0,0,1,1,-0.10115743583158582,1,1,0,0,0,0,0,0,1,-1.3216987509406526,-0.6637532252510709,0,0,1,0,0,1,0,0,0,1
0,0,0,0,-0.9966836022806536,1,0,1,0,0,0,0,0,1,-0.5004063543519814,-0.8499135198582103,1,0,0,1,0,0,0,0,1,0
1,1,0,0,-1.1188008067964355,1,0,0,0,0,0,0,0,1,0.17653768162413533,-0.8646877979561589,0,1,0,1,0,0,0,0,0,1
0,0,0,0,-0.9559778674420595,1,0,0,1,0,1,1,0,0,0.04380355692293595,-0.7379539087147656,1,0,0,1,0,0,0,0,0,1
1,0,0,0,-0.8745663977648716,1,0,0,1,0,0,0,0,1,0.3192268656779245,-0.6482984083402895,0,1,0,1,0,0,0,0,1,0
1,0,1,1,1.2421318138420157,0,0,0,1,1,1,0,0,0,-0.8488334316926298,0.041153267654028915,1,0,0,0,0,1,1,0,0,0
1,0,1,1,0.26519417771576004,1,1,0,0,0,0,0,0,1,-1.3648373414685424,-0.6135909288858217,0,0,1,0,0,1,0,0,0,1
0,0,1,1,-0.6303319887333076,1,1,1,0,1,0,1,0,0,0.9779199595076267,-0.304758025049355,0,1,0,1,0,0,0,0,1,0
0,0,0,0,-0.7524491932490895,1,1,0,1,0,0,0,0,1,-0.3543988171806622,-0.6709318120832094,1,0,0,0,1,0,0,0,0,1
0,0,1,0,1.1607203441648277,1,0,1,1,0,1,0,1,0,0.9546914876849167,1.5627721945531623,0,1,0,0,1,0,1,0,0,0
0,0,1,1,1.6084834273893616,1,1,1,1,1,1,1,1,1,1.681410820423983,2.598815702063697,0,1,0,0,0,1,1,0,0,0
1,1,1,0,0.30589991255435406,1,0,0,0,0,0,0,1,0,-0.3029643438589475,-0.007911385464715958,1,0,0,0,1,0,0,0,1,0
0,0,1,1,-1.2816237461508113,1,0,0,0,0,0,0,0,1,-1.4859572302583868,-1.0015639107952525,0,0,1,1,0,0,0,1,0,0
0,0,0,0,0.590840056424512,0,0,1,1,0,1,0,0,0,-0.8388783723400399,-0.22070050523205115,1,0,0,0,1,0,0,1,0,0
1,0,1,1,0.06166550352279012,1,0,0,0,0,0,1,0,0,0.443665107585299,0.11546371544237406,0,1,0,1,0,0,0,0,1,0
0,0,0,0,-0.5896262538947137,0,0,1,1,0,1,0,0,1,-0.8206274301936248,-0.6978240716225662,1,0,0,0,1,0,0,0,0,1
0,0,0,0,-0.22327464034736777,1,0,0,0,0,0,0,0,1,-1.4826388771408567,-0.7741102772546192,0,0,1,0,0,1,1,0,0,0
0,0,1,1,0.5501343215859179,1,0,0,0,0,0,0,0,0,-1.4826388771408567,-0.6194962495520152,0,0,1,0,0,1,1,0,0,0
1,0,1,1,1.4456604880349857,1,0,1,1,0,1,0,1,0,1.0011484313303363,1.9239846341128168,0,1,0,0,0,1,1,0,0,0
0,0,0,0,-1.2002122764736234,1,0,0,0,0,0,0,0,0,-1.4959122896109767,-0.9824210125762166,0,0,1,1,0,0,0,0,0,1
1,0,0,0,-0.4268033145403377,1,1,0,0,0,0,1,1,1,0.9862158423014517,-0.08639287758977766,0,1,0,1,0,0,0,1,0,0
1,1,1,0,0.14307697319997809,1,1,0,1,0,0,1,1,1,1.0476053749757561,0.49823386836337424,0,1,0,1,0,0,0,0,1,0
1,0,1,1,-0.1825689055087738,0,0,0,1,1,1,1,1,1,-0.16359351292268806,-0.2718945862490145,1,0,0,0,1,0,0,1,0,0
0,0,0,0,0.7536629957788878,1,0,0,0,0,0,0,0,1,-1.4959122896109767,-0.5726927415210692,0,0,1,0,1,0,1,0,0,0
0,0,0,0,-1.1595065416350294,1,1,0,0,0,1,1,1,1,1.1919537355883103,-0.8351172888953315,0,1,0,1,0,0,0,0,0,1
1,0,0,0,-0.2639803751859618,1,0,0,0,1,1,1,1,1,1.118949967002651,0.10347745119054637,0,1,0,1,0,0,0,0,1,0
1,0,1,1,0.18378270803857208,1,1,0,1,1,0,1,0,1,0.9298038393034418,0.4890795236875279,0,1,0,1,0,0,0,0,1,0
0,0,0,0,-1.2816237461508113,1,0,0,0,0,0,0,0,1,-0.6762790695810708,-0.99085091270937,1,0,0,1,0,0,0,1,0,0
0,0,0,0,-1.1188008067964355,1,0,0,0,0,0,0,0,0,-1.4959122896109767,-0.9629707742481592,0,0,1,1,0,0,0,1,0,0
1,0,0,0,-0.4268033145403377,1,1,1,0,0,0,1,1,1,1.2085455011759603,0.006928751228022863,0,1,0,1,0,0,1,0,0,0
1,0,1,1,0.9571916699718578,1,1,0,0,0,0,0,0,1,-1.3432680462045974,-0.38183453381889115,0,0,1,0,1,0,0,0,0,1
1,0,0,0,0.1023712383613841,1,0,0,0,0,0,0,0,0,-1.4710246412295018,-0.6793617122163629,0,0,1,0,1,0,1,0,0,0
1,0,0,0,-0.8745663977648716,1,0,1,0,0,0,0,0,1,0.2843841579438598,-0.662787299194147,0,1,0,1,0,0,0,0,1,0
0,1,0,0,1.4049547531963917,1,1,0,1,0,0,0,0,0,-0.33282952191671733,0.625297050578719,1,0,0,1,0,0,0,0,1,0
1,0,1,1,-0.7931549280876836,1,0,0,1,1,1,0,0,0,-0.10386315680714844,-0.6810740356809097,1,0,0,1,0,0,1,0,0,0
1,0,0,0,0.30589991255435406,0,0,0,1,0,1,0,0,0,-0.9599982611298843,-0.40323857712572614,1,0,0,0,1,0,0,1,0,0
1,1,0,0,-1.2816237461508113,1,0,0,0,0,0,0,0,0,-0.618207890024296,-0.9900825624368169,1,0,0,1,0,0,0,0,1,0
0,0,1,1,1.4863662228735797,0,0,1,1,1,1,0,0,0,-0.6198670665830609,0.3600625364934055,1,0,0,0,0,1,1,0,0,0
1,0,0,0,-0.7117434584104956,0,0,0,0,0,1,0,0,1,-1.1690545075342733,-0.8179940542498635,1,0,0,1,0,0,0,0,1,0
1,0,0,0,-0.8745663977648716,1,0,0,0,0,0,0,0,0,-1.4793205240233267,-0.9159038318380524,0,0,1,1,0,0,0,0,0,1
0,0,0,0,-1.2409180113122174,1,0,0,0,0,0,0,0,0,-1.4876164068171518,-0.9929364348777283,0,0,1,1,0,0,0,0,0,1
1,0,1,1,-1.2409180113122174,1,0,0,0,0,0,0,0,0,-1.480979700582092,-0.9927388590933576,0,0,1,1,0,0,0,0,0,1
0,1,1,0,0.1023712383613841,1,1,0,0,1,0,1,1,0,1.2317739729986703,0.505456360925373,0,1,0,1,0,0,1,0,0,0
0,0,1,1,1.4456604880349857,1,0,1,1,1,1,1,1,1,0.665994766459808,1.4517126508718512,1,0,0,0,0,1,0,1,0,0
1,0,1,0,1.5270719577121736,1,1,1,0,1,1,0,1,0,0.4104815764099991,1.4036139238100303,1,0,0,0,0,1,0,1,0,0
1,0,0,0,0.7943687306174818,0,0,0,1,0,0,0,0,0,-1.1557810950641534,-0.29764529681200674,1,0,0,0,1,0,0,0,0,1
1,1,1,0,-0.6710377235719016,1,1,0,0,0,0,1,0,1,0.667653943018573,-0.3996163544122618,0,1,0,1,0,0,0,1,0,0
1,0,0,0,-1.0780950719578415,1,0,0,0,0,0,0,0,0,-1.5191407614336867,-0.9557921874160208,0,0,1,0,1,0,0,0,0,1
0,1,0,0,-0.6710377235719016,1,1,0,0,0,0,1,0,1,0.6576988836659831,-0.4176177036549333,0,1,0,1,0,0,0,0,1,0
0,0,1,1,1.4456604880349857,1,1,1,0,1,1,1,1,0,1.5536542253990788,2.2874801716252007,0,1,0,0,0,1,0,1,0,0
1,0,0,0,-0.8338606629262776,1,1,0,0,0,1,1,1,1,1.1620885575305409,-0.5130687603709524,0,1,0,1,0,0,0,0,0,1
1,0,1,0,0.7129572609402939,1,1,1,1,0,0,0,1,1,0.9779199595076267,1.147511801535633,0,1,0,1,0,0,0,1,0,0
1,0,1,1,1.1607203441648277,1,0,0,0,0,0,0,0,0,-1.472683817788267,-0.43702403625313035,0,0,1,0,0,1,0,1,0,0
1,0,0,0,-1.1595065416350294,1,0,0,1,0,0,0,0,0,-0.5203164730571613,-0.9188894214685444,1,0,0,1,0,0,0,0,0,1
1,1,1,0,-0.7931549280876836,1,1,0,0,0,0,1,1,1,1.0061259610066313,-0.4687678789420364,0,1,0,1,0,0,0,0,1,0
0,0,0,0,-0.5489205190561197,1,1,1,1,0,0,0,1,1,1.0028076078891015,-0.22482764383890758,0,1,0,1,0,0,0,0,1,0
0,0,1,0,0.5501343215859179,1,0,0,1,0,0,1,1,1,0.13837662077254032,0.3805226066082467,1,0,0,1,0,0,0,1,0,0
0,0,1,1,-0.019745966154397852,1,0,1,1,1,1,0,1,0,0.3772980452346993,0.045148689071304746,1,0,0,1,0,0,1,0,0,0
1,0,1,0,0.387311382231542,0,0,1,0,0,0,1,0,1,-0.82228660675239,-0.2964817949707122,1,0,0,1,0,0,1,0,0,0
1,0,0,0,-1.1595065416350294,0,0,0,0,0,1,0,1,1,-0.82560495986992,-0.9390860572042246,1,0,0,1,0,0,0,0,1,0
0,0,1,1,1.5270719577121736,1,1,1,1,1,1,1,1,1,0.7987288911610074,1.7526644761984165,1,0,0,0,0,1,1,0,0,0
1,1,0,0,0.590840056424512,1,1,0,1,0,1,0,0,0,-0.17686692539280796,0.1987528849871248,1,0,0,0,0,1,1,0,0,0
1,0,1,0,1.2828375486806096,1,1,1,1,1,0,0,0,0,0.8136614801898924,1.488988615523139,0,1,0,0,1,0,1,0,0,0
0,0,0,0,-1.2816237461508113,1,0,0,0,0,0,0,0,1,-1.5158224083161567,-1.0019590623639942,0,0,1,1,0,0,1,0,0,0
1,0,1,1,1.3235432835192036,1,1,1,0,1,1,1,1,0,1.4507852787556494,2.035746669471891,0,1,0,0,0,1,1,0,0,0
0,0,1,1,1.1607203441648277,0,0,0,1,1,1,1,0,0,-0.45063105758903166,0.41406658422142,1,0,0,0,0,1,0,1,0,0
0,0,0,1,-1.2409180113122174,1,0,1,0,0,0,0,1,1,-0.12377327551232817,-0.9551116486031882,1,0,0,1,0,0,0,1,0,0
1,1,1,0,-0.4675090493789317,1,0,0,0,0,0,0,0,1,0.13837662077254032,-0.36291116424915604,0,1,0,1,0,0,0,0,1,0
0,0,0,0,-1.2409180113122174,1,0,0,0,1,0,0,1,1,0.7058150038701679,-0.9319513761019462,0,1,0,1,0,0,0,0,0,1
1,0,1,1,0.26519417771576004,1,0,0,1,0,0,1,0,1,0.7091333569876977,0.42355022187121766,0,1,0,1,0,0,0,0,0,1
0,0,1,0,0.18378270803857208,1,1,1,0,1,1,0,1,1,1.1372009091490658,0.6380736179680296,0,1,0,0,1,0,0,0,1,0
0,0,1,1,-0.9966836022806536,1,0,0,0,1,0,1,1,1,0.9712832532725666,-0.6691316771589423,0,1,0,1,0,0,0,0,1,0
1,1,1,0,0.8757802002946699,1,1,0,1,1,1,1,1,1,1.510515634871189,1.6580695812146709,0,1,0,0,0,1,0,0,1,0
0,1,1,0,0.9571916699718578,1,1,1,1,1,1,0,0,0,1.0193993734767515,1.392000858262014,0,1,0,0,1,0,0,0,1,0
1,0,1,1,1.1200146093262338,1,0,0,1,1,0,1,0,0,0.8634367769528422,1.383944156832672,0,1,0,0,1,0,0,0,1,0
1,0,1,1,1.4456604880349857,1,1,0,1,1,1,0,1,1,0.3607062796470494,1.313936470570624,1,0,0,0,1,0,1,0,0,0
0,0,0,0,-1.2816237461508113,1,0,0,0,0,0,0,1,1,-0.3378070515930122,-0.9863725282636323,1,0,0,1,0,0,0,0,0,1
1,0,1,0,-0.019745966154397852,1,0,1,1,0,1,0,1,0,0.18483356441796028,-0.04371650816568825,1,0,0,0,1,0,0,0,0,1
1,0,1,1,1.5677776925507676,1,0,1,1,1,1,1,1,0,1.472354574019594,2.4067061810605046,0,1,0,0,0,1,0,1,0,0
0,0,1,1,-1.2002122764736234,1,1,0,0,0,0,0,1,1,0.6576988836659831,-0.8941265898274059,0,1,0,1,0,0,1,0,0,0
1,0,1,0,1.5677776925507676,1,1,1,1,1,1,1,1,1,1.698002586011633,2.638396717532644,0,1,0,0,0,1,1,0,0,0
1,0,1,1,-1.2816237461508113,1,0,0,0,0,0,0,0,0,-1.4992306427285067,-1.0017395337146933,0,0,1,1,0,0,0,0,1,0
1,0,1,0,-0.5082147842175256,1,0,0,0,0,0,1,1,1,0.7987288911610074,-0.21112905612253316,0,1,0,1,0,0,0,0,0,1
0,0,0,1,-0.5896262538947137,0,0,0,0,0,0,0,1,1,-0.9931817923051841,-0.7676122292353134,1,0,0,1,0,0,0,0,1,0
1,0,0,0,-0.5082147842175256,1,0,1,0,1,0,0,1,0,-0.017585975751368575,-0.39634537753767884,1,0,0,1,0,0,0,1,0,0
0,0,0,0,-1.2409180113122174,1,0,0,0,0,0,0,0,1,0.19147027065302033,-0.9438278760291232,0,1,0,1,0,0,0,0,1,0
0,0,1,1,0.30589991255435406,1,1,0,1,1,0,1,0,1,1.042627845299461,0.7086740315831901,0,1,0,1,0,0,0,1,0,0
0,0,0,0,0.1023712383613841,1,0,0,0,0,0,0,0,0,-1.466047111553207,-0.7028732305564862,0,0,1,0,1,0,0,0,0,1
0,0,1,1,0.9571916699718578,1,1,1,1,0,0,0,1,0,0.12676238486118555,0.6647683017230157,1,0,0,0,1,0,1,0,0,0
1,0,0,0,-0.10115743583158582,1,1,1,0,0,0,1,1,1,1.1770211465594258,0.2787710776572926,0,1,0,1,0,0,1,0,0,0
1,0,1,1,1.6084834273893616,1,1,1,0,1,1,1,1,1,0.6178786462556232,1.6648969222079282,1,0,0,0,0,1,0,1,0,0
0,0,0,0,0.387311382231542,1,0,0,1,1,1,1,1,1,1.2898451525554449,0.8896095443369687,0,1,0,1,0,0,1,0,0,0
0,0,0,0,-0.4675090493789317,1,0,1,1,0,1,1,0,0,0.2030845065643751,-0.3409143935892087,1,0,0,0,0,1,0,1,0,0
1,0,1,1,-1.1188008067964355,1,0,0,0,0,0,0,0,0,-1.4876164068171518,-0.9730471392510694,0,0,1,0,1,0,0,0,0,1
1,0,0,0,0.7536629957788878,1,1,1,1,0,0,1,0,1,0.9911933719777464,1.1135726723537185,0,1,0,0,1,0,0,0,1,0
1,0,1,0,0.590840056424512,1,0,0,0,0,0,0,0,0,-1.4942531130522119,-0.5964018356455634,0,0,1,0,1,0,1,0,0,0
1,0,1,1,0.5501343215859179,1,0,0,0,0,0,0,0,1,-1.4842980536996218,-0.6075977967599079,0,0,1,0,0,1,0,0,0,1
0,0,1,0,1.2014260790034217,1,0,1,1,1,0,1,0,1,0.23460886118091004,0.8705983633075132,1,0,0,0,0,1,0,1,0,0
1,0,0,0,-0.5489205190561197,1,0,0,0,0,1,0,1,1,0.7555903006331177,-0.25261997084039794,0,1,0,0,1,0,0,1,0,0
0,0,0,0,-0.019745966154397852,1,1,0,0,0,0,1,0,0,0.634470411843273,0.21098063075318332,0,1,0,0,1,0,0,0,1,0
1,0,0,0,0.7943687306174818,1,1,1,0,1,1,1,1,1,1.472354574019594,1.5060020858439567,0,1,0,0,0,1,0,0,1,0
1,0,1,1,-1.1595065416350294,1,0,0,0,0,0,0,0,0,-1.5075265255223318,-0.9678882159924989,0,0,1,0,0,1,0,1,0,0
0,0,1,1,1.2421318138420157,1,0,1,0,0,0,0,0,1,-0.47385952941174164,0.4039024077587896,1,0,0,0,0,1,1,0,0,0
1,0,0,0,-0.9152721326034655,1,1,1,0,0,0,0,0,1,-0.3461029343868372,-0.7609385582965669,1,0,0,1,0,0,0,1,0,0
1,0,0,1,-1.0780950719578415,1,0,0,0,0,0,0,0,0,-1.5058673489635668,-0.9539481467618935,0,0,1,1,0,0,0,0,0,1
0,1,1,0,0.9571916699718578,1,1,0,0,1,0,1,1,1,1.1853170293532507,1.4869689519495715,0,1,0,1,0,0,1,0,0,0
1,0,0,0,0.8757802002946699,1,0,1,1,0,1,1,0,1,0.16492344571278056,0.6945802922980742,1,0,0,1,0,0,0,0,0,1
1,0,0,0,-0.7117434584104956,1,1,0,0,0,0,0,0,1,0.3673429858821094,-0.5139029692382958,0,1,0,1,0,0,0,0,0,1
0,0,1,0,-0.5082147842175256,1,0,0,0,1,1,0,0,1,0.5332606417586087,-0.27117014170632164,0,1,0,1,0,0,0,0,0,1
1,1,0,0,-0.4675090493789317,1,0,0,0,1,0,1,1,1,1.057560434328346,-0.11899288201095726,0,1,0,1,0,0,1,0,0,0
1,0,1,1,-0.30468611002455576,1,0,1,0,0,1,0,0,0,-0.3527396406218973,-0.44104141053533635,1,0,0,1,0,0,0,0,1,0
1,1,1,0,1.2014260790034217,1,1,0,1,0,0,0,1,1,0.8252757161012472,1.4612840999813694,0,1,0,1,0,0,1,0,0,0
0,0,1,0,1.3642490183577978,1,1,0,1,1,0,1,1,1,1.336302096200865,2.035263706443429,0,1,0,1,0,0,0,0,1,0
1,0,1,0,1.0793088744876398,1,1,1,1,1,1,1,0,1,1.3877365695225796,1.734970467064766,0,1,0,1,0,0,0,0,1,0
1,0,1,1,1.5677776925507676,1,1,1,0,1,0,1,1,0,1.3479163321122196,2.2410279094331362,0,1,0,0,0,1,0,0,1,0
0,0,1,1,-0.6710377235719016,1,1,1,0,1,1,1,1,1,1.5934744628094386,-0.1838635978793649,0,1,0,1,0,0,0,0,1,0
0,0,1,0,-0.06045170099299184,1,0,1,0,0,1,0,1,1,-0.0308593882214887,-0.1714821820587957,1,0,0,0,1,0,0,0,1,0
1,0,0,1,-0.7524491932490895,1,0,1,1,1,1,0,1,0,0.3706613389996392,-0.5472932767969584,1,0,0,0,0,1,1,0,0,0
0,0,1,1,-0.8745663977648716,1,0,0,0,0,0,0,0,1,-1.4909347599346818,-0.9242020147816254,0,0,1,0,1,0,0,0,0,1
1,1,1,0,-1.1595065416350294,0,0,0,0,1,0,0,0,1,-1.1624178012992135,-0.9584923898024216,1,0,0,1,0,0,0,0,1,0
1,0,0,0,-0.10115743583158582,1,1,0,0,0,1,0,1,1,0.8285940692187774,0.18520796732526104,0,1,0,1,0,0,0,1,0,0
1,0,0,0,-1.0373893371192475,1,0,0,0,0,0,0,0,1,-0.6729607164635407,-0.8688149365630153,1,0,0,1,0,0,1,0,0,0
1,0,1,0,0.46872285190873,1,0,1,1,0,1,0,0,1,-0.168571042598983,0.13287233733193304,1,0,0,0,1,0,1,0,0,0
1,0,1,1,0.387311382231542,1,0,0,0,0,0,0,0,0,-1.4677062881119718,-0.6464982734160224,0,0,1,0,0,1,0,0,0,1
1,0,0,0,-1.2816237461508113,1,0,0,0,0,0,0,1,1,-0.3295111687991873,-0.9862627639389818,1,0,0,1,0,0,0,0,1,0
1,0,1,0,1.4863662228735797,1,0,1,1,1,1,1,1,1,0.6560397071072182,1.570763037387714,1,0,0,0,0,1,0,0,0,1
1,1,1,0,0.46872285190873,1,1,0,0,1,0,1,0,1,0.8053655973960674,0.7634683824486876,0,1,0,1,0,0,0,0,1,0
1,0,0,0,-0.7117434584104956,1,1,0,1,0,1,0,0,1,-0.2100504565681078,-0.597828771866019,1,0,0,1,0,0,0,1,0,0
1,0,0,0,0.8757802002946699,1,0,0,0,0,0,0,0,0,-1.4909347599346818,-0.505648692024583,0,0,1,0,0,1,0,0,0,1
1,0,0,1,-0.4675090493789317,1,0,0,0,0,0,0,0,0,-1.5042081724048018,-0.8361051678171855,0,0,1,0,0,1,0,0,0,1
0,0,1,1,-0.38609757970174374,1,1,0,0,0,0,1,0,1,0.6245153524906832,-0.19817686581378172,0,1,0,1,0,0,0,0,1,0
0,0,0,0,-1.2409180113122174,0,0,0,1,0,0,1,1,0,-0.44897188103026675,-0.9679101688574289,1,0,0,1,0,0,0,0,1,0
1,0,0,0,-1.0373893371192475,1,0,0,0,0,0,0,0,1,0.15330920980142534,-0.7815083927360587,0,1,0,1,0,0,0,0,1,0
0,0,1,1,0.5501343215859179,1,0,0,0,0,0,0,0,1,-1.5158224083161567,-0.6309775979104507,0,0,1,0,0,1,0,0,0,1
1,1,1,0,-1.0373893371192475,1,1,1,1,0,1,0,0,0,-0.024222681986428636,-0.8018586985262495,1,0,0,1,0,0,0,0,1,0
0,0,0,0,0.631545791263106,1,0,1,1,0,0,0,0,0,-0.3129194032115374,0.14314627811921388,1,0,0,0,0,1,0,1,0,0
0,0,1,0,0.9571916699718578,1,1,0,1,0,0,1,1,1,1.1056765545325309,1.408070355390838,0,1,0,0,1,0,0,0,1,0
1,0,0,0,1.0386031396490458,1,0,0,0,0,0,0,0,0,-1.464387934994442,-0.47816370513211376,0,0,1,0,0,1,0,0,0,1
1,1,1,0,-0.6710377235719016,1,1,0,0,1,0,1,1,1,1.1222683201201809,-0.31338550096687934,0,1,0,1,0,0,0,0,1,0
1,0,0,1,-1.2816237461508113,1,0,0,0,0,0,0,0,1,-1.456092052200617,-1.001168759226511,0,0,1,1,0,0,0,0,0,1
1,0,1,0,1.0386031396490458,1,0,1,1,1,0,0,0,0,-0.1536384535700982,0.554301485394817,1,0,0,0,1,0,0,1,0,0
0,0,1,0,-0.3453918448631497,1,0,0,0,0,0,0,0,0,-1.4859572302583868,-0.8098275884958711,0,0,1,0,1,0,0,0,0,1
0,0,1,0,-0.2639803751859618,1,1,0,1,0,0,0,0,0,0.4768486387605988,-0.12535921284068255,0,1,0,1,0,0,1,0,0,0
1,0,1,1,1.4863662228735797,1,0,0,0,0,0,0,0,0,-1.4842980536996218,-0.40604854383677735,0,0,1,0,0,1,1,0,0,0
0,0,1,0,-0.9966836022806536,1,1,0,0,0,0,0,1,1,0.6626764133422782,-0.6745540347966738,0,1,0,1,0,0,0,0,1,0
0,0,1,0,1.0386031396490458,0,0,1,1,0,0,1,0,1,-0.6497322446408307,0.10483852881621174,1,0,0,0,1,0,0,0,1,0
0,0,0,1,-0.4268033145403377,1,0,0,0,0,0,0,0,1,-1.472683817788267,-0.8041198436140484,0,0,1,1,0,0,0,0,1,0
1,0,1,0,1.5270719577121736,1,0,1,1,1,1,0,1,0,1.1969312652646056,2.100529573880578,0,1,0,0,0,1,0,1,0,0
1,0,1,1,-0.8338606629262776,1,1,0,0,0,0,0,0,1,-1.3117436915880627,-0.8729859808997319,0,0,1,0,0,1,1,0,0,0
1,0,1,1,-1.1595065416350294,1,0,0,0,0,0,0,0,0,-1.4942531130522119,-0.976757173424254,0,0,1,0,0,1,0,0,0,1
1,0,1,0,-1.1188008067964355,0,0,0,0,0,0,0,0,1,-1.3266762806169474,-0.9663295625824626,1,0,0,1,0,0,0,0,1,0
1,0,0,0,0.22448844287716607,1,1,0,0,1,1,1,0,0,0.9978300782128064,0.5726540804763698,0,1,0,0,1,0,1,0,0,0
0,0,0,0,-1.2409180113122174,1,0,1,0,1,0,0,0,1,0.5150096996121938,-0.9502161597237787,0,1,0,1,0,0,0,0,1,0
0,0,1,1,1.0793088744876398,1,1,1,1,0,1,0,0,0,0.018915908541461066,0.6585775938127312,1,0,0,0,1,0,0,0,0,1
1,0,1,1,0.590840056424512,1,0,1,0,1,0,0,1,0,0.8335715988950722,0.8060569404130568,0,1,0,1,0,0,0,0,1,0
0,0,0,0,-0.4675090493789317,1,0,1,0,1,1,0,0,1,-0.1552976301288631,-0.45792316366657343,1,0,0,0,1,0,0,0,1,0
0,1,0,0,-0.7117434584104956,1,1,0,0,0,0,0,0,1,0.31590851256039476,-0.5073829683540598,0,1,0,1,0,0,0,0,0,1
0,0,1,1,-1.1188008067964355,0,0,0,1,0,0,0,0,1,-1.1425076825940335,-0.9370005350358662,1,0,0,1,0,0,0,0,1,0
0,0,0,0,-0.7117434584104956,1,0,0,0,1,0,0,1,1,-0.18184445506910288,-0.6184864177652311,1,0,0,1,0,0,0,0,1,0
1,0,1,1,1.6084834273893616,1,1,0,1,1,0,1,1,1,1.31141444781939,2.2645174749083297,0,1,0,0,1,0,0,1,0,0
0,0,1,0,0.5094285867473239,1,0,0,0,1,0,0,0,1,-0.4871329418818615,-0.035023173653373645,1,0,0,1,0,0,0,1,0,0
0,0,1,1,0.631545791263106,0,0,1,1,0,1,0,0,0,-0.8471742551338649,-0.14167019148373727,1,0,0,0,0,1,0,0,0,1
1,1,0,0,-0.6303319887333076,1,0,0,1,1,0,1,1,1,1.2234780902048452,-0.24098495242745174,0,1,0,1,0,0,0,0,1,0
1,0,0,0,-0.22327464034736777,1,0,1,0,0,0,0,0,0,-0.48381458876433153,-0.39074739698050664,1,0,0,1,0,0,0,0,0,1
1,0,1,1,0.5094285867473239,1,1,0,1,1,1,1,1,1,1.4872871630484792,1.141255235030558,0,1,0,0,0,1,1,0,0,0
0,0,1,1,-0.9152721326034655,1,1,0,1,1,0,1,1,1,1.233433149557435,-0.5411245217516039,0,1,0,1,0,0,0,1,0,0
1,0,0,0,-1.2816237461508113,1,0,0,0,0,1,0,0,1,-0.5186572964983965,-0.9887653905410118,1,0,0,1,0,0,0,0,1,0
1,0,0,0,-0.4268033145403377,1,0,0,1,1,1,0,1,1,0.9961709016540415,-0.06959893591826097,0,1,0,1,0,0,1,0,0,0
1,0,0,0,-0.5082147842175256,1,0,0,0,0,0,0,0,0,0.18649274097672516,-0.35465688703544324,0,1,0,1,0,0,0,1,0,0
0,0,1,1,-1.0373893371192475,0,0,0,0,0,0,0,0,1,-1.3349721634107725,-0.9449694250054878,1,0,0,1,0,0,0,0,1,0
1,0,0,0,-1.2816237461508113,1,0,1,0,0,0,0,0,1,-0.4722003528529765,-0.9881507103229694,1,0,0,1,0,0,0,0,0,1
1,0,1,0,-0.3453918448631497,1,0,1,0,0,1,0,0,0,-0.37596811244460704,-0.43289689764627404,1,0,0,1,0,0,0,0,0,1
1,0,1,1,1.4456604880349857,1,1,0,0,0,0,0,0,1,-1.3582006352334823,-0.2796878532991955,0,0,1,0,0,1,1,0,0,0
1,1,0,0,-0.5082147842175256,1,1,0,0,0,0,1,0,1,0.6444254711958629,-0.24416811784231437,0,1,0,1,0,0,0,0,1,0
1,0,1,0,-0.30468611002455576,0,0,0,0,1,0,1,0,1,-0.8903128456617546,-0.5843497127989455,1,0,0,0,1,0,0,1,0,0
1,1,0,0,-1.2816237461508113,0,0,0,1,1,0,0,1,1,-0.7177584835501956,-0.9913997343326222,1,0,0,1,0,0,0,0,1,0
0,1,0,0,1.2828375486806096,0,0,0,1,0,1,1,0,1,-0.6995075414037805,0.19743571309131955,1,0,0,1,0,0,0,0,1,0
0,0,1,0,1.2828375486806096,1,0,1,0,1,0,1,1,1,1.1305642029140057,1.7889306090629207,0,1,0,0,0,1,1,0,0,0
0,0,1,1,-0.5082147842175256,1,1,0,0,0,0,0,0,1,-1.3067661619117676,-0.7876332420515529,0,0,1,1,0,0,1,0,0,0
0,0,0,0,0.1023712383613841,1,0,0,0,1,1,1,1,1,1.1388600857078308,0.5403394632992815,0,1,0,0,1,0,0,0,1,0
1,0,1,1,1.6084834273893616,1,1,1,1,1,1,1,1,1,1.6382722298960932,2.527754278285005,0,1,0,0,0,1,0,1,0,0
1,0,0,0,0.428017117070136,1,1,0,0,0,0,1,1,0,0.9762607829488613,0.7112644696449405,0,1,0,0,1,0,0,0,0,1
1,0,0,1,0.8350744654560759,1,0,1,1,1,0,0,1,0,1.0293544328293414,1.2010767919650456,0,1,0,0,1,0,0,0,1,0
1,0,0,0,1.4863662228735797,1,1,0,0,0,0,0,0,0,-1.3598598117922474,-0.25826185712743044,0,0,1,0,0,1,1,0,0,0
1,0,0,0,-1.2816237461508113,1,0,0,0,1,0,0,0,1,-0.5070430605870415,-0.9886117204865011,1,0,0,1,0,0,0,0,0,1
1,0,0,0,-0.019745966154397852,1,0,1,1,1,0,0,1,1,0.9447364283323268,0.29767249436209775,0,1,0,1,0,0,0,1,0,0
0,0,1,0,1.5677776925507676,1,0,0,0,0,0,0,0,0,-1.5207999379924515,-0.4078267258961144,0,0,1,0,0,1,0,1,0,0
1,0,0,0,0.020959768684196134,1,0,0,0,0,0,0,0,0,-1.4793205240233267,-0.707571143651525,0,0,1,0,0,1,0,0,0,1
1,0,0,0,-0.9152721326034655,1,0,0,0,0,0,0,0,1,-1.4959122896109767,-0.925650903867011,0,0,1,1,0,0,0,0,0,1
0,0,1,1,0.18378270803857208,1,1,0,0,0,0,0,0,0,-1.2769009838539978,-0.6101662819567281,0,0,1,1,0,0,0,0,0,1
1,0,1,1,-1.0373893371192475,1,0,1,0,1,1,0,1,1,0.21303956591696496,-0.7839671136082283,1,0,0,1,0,0,0,1,0,0
1,0,0,0,0.9978974048104517,0,0,1,0,1,0,1,1,1,-0.3709905827683121,0.3928162109690956,1,0,0,1,0,0,0,0,1,0
0,0,0,0,0.590840056424512,1,0,0,0,0,0,0,0,0,-1.4826388771408567,-0.5582697092620019,0,0,1,0,0,1,0,1,0,0
0,0,1,0,-1.1188008067964355,1,0,0,0,0,0,0,0,1,0.13339909109624562,-0.8560822749035648,0,1,0,1,0,0,0,0,1,0
1,0,1,0,1.1607203441648277,1,1,0,1,1,0,1,1,1,1.3479163321122196,1.747505552939846,0,1,0,1,0,0,0,0,1,0
0,0,1,1,1.6084834273893616,1,0,1,1,1,1,1,1,1,0.6228561759319183,1.666477528482894,1,0,0,0,0,1,1,0,0,0
1,0,1,1,0.1023712383613841,1,0,0,0,0,0,0,0,0,-1.5042081724048018,-0.7088005040876098,0,0,1,0,0,1,0,0,0,1
1,1,0,0,0.9571916699718578,1,1,0,0,1,0,1,1,1,1.1985904418233704,1.4456756130160773,0,1,0,1,0,0,0,0,1,0
0,1,1,0,0.14307697319997809,1,1,0,1,0,0,1,0,1,0.896620308128142,0.43893918018720884,0,1,0,1,0,0,0,1,0,0
1,0,0,0,-0.5082147842175256,1,1,0,0,0,1,1,1,1,1.1156316138851208,-0.11826843746826433,0,1,0,1,0,0,0,0,0,1
0,0,1,1,0.22448844287716607,1,0,0,0,0,0,0,0,0,-1.4760021709057967,-0.6673974008294654,0,0,1,1,0,0,0,0,0,1
0,0,0,0,0.428017117070136,1,1,0,1,1,0,1,1,1,1.3163919774956847,1.0794359673874327,0,1,0,0,0,1,0,0,1,0
0,1,0,0,-0.9966836022806536,1,0,0,1,0,0,1,0,1,0.7356801819279375,-0.6970996270798734,0,1,0,1,0,0,0,0,1,0
1,0,0,0,-0.9559778674420595,1,0,0,0,0,0,0,0,1,-1.4942531130522119,-0.9381420840122308,0,0,1,0,1,0,0,0,1,0
1,0,1,1,1.4049547531963917,1,1,1,1,0,1,0,0,0,0.8169798333074222,1.6408585351094827,0,1,0,0,1,0,0,0,1,0
1,0,0,0,-1.2816237461508113,1,0,0,0,0,0,0,0,0,-0.6795974226986006,-0.9908948184392303,1,0,0,1,0,0,0,0,0,1
0,0,0,0,0.8757802002946699,1,1,1,0,1,0,1,1,1,1.2948226822317401,1.4654551443180859,0,1,0,0,1,0,1,0,0,0
1,1,0,0,-1.2816237461508113,1,0,0,0,0,0,0,0,0,-1.4892755833759168,-1.0016078165251128,0,0,1,1,0,0,0,0,0,1
0,0,1,1,-0.38609757970174374,1,0,1,1,0,1,0,0,0,0.6460846477546283,-0.16002278656529023,0,1,0,1,0,0,0,0,0,1
0,1,0,0,-0.5082147842175256,1,1,0,1,1,0,0,1,1,0.9679649001550363,-0.2278351863343295,0,1,0,1,0,0,0,0,1,0
0,0,1,1,-0.7524491932490895,1,1,0,0,0,0,1,0,1,0.659358060224748,-0.4818298335754383,0,1,0,1,0,0,0,0,1,0
0,1,0,0,-0.5896262538947137,1,0,0,1,0,0,0,0,1,-0.5004063543519814,-0.630297059097618,1,0,0,1,0,0,0,1,0,0
1,0,1,0,0.7943687306174818,1,0,1,0,0,0,1,0,0,0.6361295884020379,0.8988956062023954,0,1,0,1,0,0,0,0,1,0
0,0,0,0,-1.2816237461508113,1,0,0,0,0,0,0,0,0,-1.461069581876912,-1.0012346178213012,0,0,1,1,0,0,0,0,0,1
0,0,0,0,0.22448844287716607,1,0,0,0,0,0,0,0,0,-1.5141632317573919,-0.6787031262684603,0,0,1,0,1,0,0,0,0,1
0,0,0,0,-1.1188008067964355,1,1,0,0,0,0,0,0,0,0.3524103968532244,-0.8287948637954664,0,1,0,1,0,0,0,0,1,0
1,0,0,0,-1.2816237461508113,1,0,0,0,0,0,0,0,1,-1.5042081724048018,-1.0018053923094836,0,0,1,1,0,0,0,0,0,1
1,1,0,0,-0.2639803751859618,1,1,0,0,0,0,1,1,1,0.9513731345673865,0.04512673620637458,0,1,0,1,0,0,0,0,1,0
0,1,1,0,1.3642490183577978,1,1,0,1,1,1,1,1,1,1.4325343366092342,2.142876650330716,0,1,0,0,1,0,0,1,0,0
1,0,1,1,0.7536629957788878,1,0,1,1,0,1,0,0,0,-0.14700174733503815,0.3600844893583355,1,0,0,0,0,1,0,1,0,0
1,0,0,0,-0.9152721326034655,1,1,0,0,0,0,0,0,0,0.3358186312655745,-0.6651801614715266,0,1,0,1,0,0,0,0,1,0
1,0,0,0,-1.1188008067964355,1,0,0,0,0,0,0,0,0,-1.456092052200617,-0.9604242419162693,0,0,1,1,0,0,0,0,0,1
1,0,1,0,-1.1595065416350294,1,0,0,0,0,0,0,0,0,0.18483356441796028,-0.8812402581134448,0,1,0,1,0,0,0,0,1,0
0,0,1,0,1.0793088744876398,1,1,1,1,0,0,1,0,1,0.9895341954189815,1.4472781721559735,0,1,0,1,0,0,0,0,1,0
0,1,1,0,-1.1188008067964355,1,1,0,0,0,0,0,0,1,0.3125901594428645,-0.863414531790214,0,1,0,1,0,0,0,0,1,0
0,0,0,0,-1.1188008067964355,1,0,1,0,0,1,1,0,1,-0.019245152310133944,-0.8555773590101727,1,0,0,1,0,0,0,0,1,0
0,0,1,0,-1.2002122764736234,1,0,0,0,0,0,0,0,1,-0.6248445962593558,-0.9532676079490607,1,0,0,1,0,0,0,0,0,1
0,0,0,0,0.631545791263106,0,0,1,1,0,0,1,0,1,-0.6679831867872458,-0.08639287758977766,1,0,0,1,0,0,0,0,1,0
0,0,1,0,1.6084834273893616,1,1,0,0,0,0,0,0,0,-1.3299946337344775,-0.18856151097440357,0,0,1,0,0,1,0,1,0,0
0,0,0,0,-0.8338606629262776,1,1,1,0,0,0,0,0,1,0.4934404043482487,-0.5708267480020118,0,1,0,1,0,0,0,0,1,0
1,1,0,0,-1.2409180113122174,1,0,0,1,1,1,0,1,1,1.0011484313303363,-0.9312708372891134,0,1,0,1,0,0,0,1,0,0
0,0,1,0,1.6084834273893616,1,1,0,1,1,1,1,1,0,1.4673770443432994,2.409669817826066,0,1,0,0,1,0,0,1,0,0
1,0,1,0,-0.5896262538947137,1,0,0,0,0,0,0,0,1,-0.6829157758161306,-0.6731929571710085,1,0,0,1,0,0,1,0,0,0
0,0,1,1,0.5094285867473239,1,0,1,0,1,1,1,1,1,0.5332606417586087,0.5410419549770442,1,0,0,0,0,1,0,0,0,1
0,0,0,0,-0.06045170099299184,1,1,0,0,0,0,0,0,1,0.3690021624408743,-0.03227906553711274,0,1,0,1,0,0,0,0,1,0
1,0,0,0,-0.9152721326034655,1,0,0,0,0,0,0,0,0,-1.4909347599346818,-0.9231702301299113,0,0,1,1,0,0,0,1,0,0
1,1,1,0,0.346605647392948,1,1,1,0,1,0,0,0,1,0.6245153524906832,0.4268651044756609,0,1,0,1,0,0,1,0,0,0
0,0,0,0,-1.2409180113122174,1,1,0,0,0,0,0,0,1,-0.5153389433808665,-0.9636293601960618,1,0,0,1,0,0,0,0,1,0
0,0,0,0,-1.2409180113122174,1,0,0,0,0,0,0,0,0,0.13339909109624562,-0.9578338038545189,0,1,0,1,0,0,0,0,1,0
1,0,1,1,0.9571916699718578,1,0,0,1,1,1,0,0,1,0.6942007679588127,1.094341962674962,0,1,0,0,1,0,0,0,0,1
1,0,1,1,1.5677776925507676,1,1,0,1,0,0,1,1,0,1.1819986762357204,2.1129329425660774,0,1,0,0,1,0,1,0,0,0
1,0,1,1,-0.30468611002455576,1,0,0,0,0,0,0,0,0,-1.5042081724048018,-0.8298925070419707,0,0,1,0,1,0,0,0,1,0
1,0,0,0,-0.8745663977648716,1,0,0,0,0,0,0,0,0,-1.5058673489635668,-0.9124352791790986,0,0,1,0,0,1,0,1,0,0
1,0,0,0,-0.8338606629262776,1,1,0,0,1,0,1,0,1,0.8169798333074222,-0.561804120515746,0,1,0,1,0,0,0,0,1,0
1,0,1,0,1.6084834273893616,1,1,0,1,1,0,1,1,0,0.5714217026102036,1.5292282169399893,1,0,0,0,0,1,1,0,0,0
0,0,0,0,1.5677776925507676,1,1,1,1,1,1,1,1,1,1.6001111690444987,2.4991057895512414,0,1,0,0,0,1,0,1,0,0
1,1,1,0,-0.22327464034736777,0,0,1,0,0,0,0,0,0,-1.1342117998002084,-0.6569258842578138,1,0,0,1,0,0,0,1,0,0
1,0,0,0,-0.7524491932490895,0,0,0,0,1,0,1,1,1,-0.4705411762942116,-0.6974728257836849,1,0,0,1,0,0,0,0,1,0
1,0,0,1,-0.6303319887333076,1,0,0,1,1,1,1,1,0,0.5282831120823135,-0.3755560144488862,1,0,0,0,1,0,0,0,1,0
0,0,1,0,0.020959768684196134,1,0,1,0,1,1,1,1,1,1.28818597599668,0.46528261810331345,0,1,0,0,1,0,0,0,1,0
1,1,1,0,-0.9152721326034655,1,1,0,0,0,0,0,1,0,0.6842457086062228,-0.6364438612780424,0,1,0,1,0,0,0,0,1,0
1,0,1,0,0.5094285867473239,1,1,1,0,1,0,0,0,1,0.651062177430923,0.6202259387798688,0,1,0,1,0,0,0,0,0,1
1,0,0,0,0.9978974048104517,1,0,0,0,0,0,0,0,0,-1.466047111553207,-0.5191936096864468,0,0,1,0,0,1,0,0,0,1
1,0,1,1,0.387311382231542,0,0,0,1,1,0,0,1,1,-0.6580281274346557,-0.11076055766217445,1,0,0,0,1,0,0,1,0,0
0,0,0,0,-1.2816237461508113,1,0,0,0,0,0,0,0,1,-0.6480730680820658,-0.9904777140055585,1,0,0,1,0,0,0,0,0,1
1,0,1,0,-0.9966836022806536,1,0,0,1,0,0,0,0,1,-0.5103614137045716,-0.8376638212272216,1,0,0,1,0,0,1,0,0,0
0,1,0,0,-0.3453918448631497,1,0,0,0,0,0,0,0,1,-1.480979700582092,-0.8084665108702056,0,0,1,1,0,0,0,0,0,1
1,0,1,1,-0.3453918448631497,1,1,1,0,0,1,1,1,0,0.5332606417586087,-0.16573053144711292,1,0,0,1,0,0,1,0,0,0
1,0,0,0,-0.019745966154397852,1,0,0,0,0,0,0,0,0,-1.497571466169742,-0.743595795001798,0,0,1,0,1,0,0,0,0,1
0,0,0,0,-1.2002122764736234,1,1,0,0,0,0,0,0,1,0.3607062796470494,-0.9022711027164682,0,1,0,1,0,0,0,0,1,0
1,1,0,0,0.7129572609402939,1,1,0,0,0,0,1,1,1,1.0210585500355165,1.1043963748129417,0,1,0,1,0,0,0,0,1,0
1,0,1,1,-0.8338606629262776,1,0,1,0,0,0,0,0,1,-0.5219756496159262,-0.7596433392656917,1,0,0,1,0,0,0,0,1,0
0,0,1,1,-0.9152721326034655,1,0,0,0,0,0,1,1,1,0.7937513614847123,-0.6023291091766869,0,1,0,1,0,0,0,0,1,0
1,0,0,0,-1.2409180113122174,1,0,0,0,0,0,0,0,0,-1.5125040551986266,-0.990060609571887,0,0,1,1,0,0,0,0,0,1
1,1,0,0,-0.9152721326034655,1,1,0,0,0,0,1,1,1,1.0094443141241611,-0.6159837911632012,0,1,0,1,0,0,0,0,1,0
1,0,0,0,-0.9559778674420595,1,1,0,0,0,0,1,1,1,1.0144218438004564,-0.646388509091372,0,1,0,1,0,0,0,0,1,0
0,1,0,0,-0.9966836022806536,1,1,0,1,1,0,1,1,1,1.3462571555534548,-0.6461909333070012,0,1,0,1,0,0,0,0,1,0
1,0,0,1,0.6722515261016999,1,1,0,0,0,0,0,0,0,0.34079616094186965,0.6045735460847167,0,1,0,1,0,0,0,1,0,0
1,0,0,0,-1.0373893371192475,1,0,0,0,1,0,0,0,0,0.32254521879545484,-0.7713222634084982,0,1,0,1,0,0,0,0,0,1
1,0,0,0,-1.2002122764736234,1,0,0,0,0,0,0,0,1,-1.4826388771408567,-0.9834308443630007,0,0,1,1,0,0,0,0,1,0
0,0,1,1,0.020959768684196134,1,0,0,0,1,0,1,1,1,0.9580098408024466,0.36142361411907087,0,1,0,0,1,0,0,0,1,0
0,0,1,0,0.631545791263106,1,1,0,1,0,1,1,1,1,1.3329837430833347,1.2215588149448173,0,1,0,1,0,0,0,1,0,0
1,0,0,0,-1.2002122764736234,1,0,0,1,0,0,0,0,0,0.31590851256039476,-0.9133353466412323,0,1,0,1,0,0,0,1,0,0
0,0,0,0,0.30589991255435406,0,0,1,0,0,1,1,1,1,-0.3444437578280723,-0.028590984228858255,1,0,0,0,1,0,1,0,0,0
1,0,0,0,-1.1188008067964355,1,0,0,0,0,0,0,0,1,0.1599459160364854,-0.8678929162359518,0,1,0,1,0,0,0,0,1,0
1,0,0,0,-1.1188008067964355,1,1,0,0,0,0,1,1,1,0.9928525485365113,-0.8072151975691907,0,1,0,1,0,0,1,0,0,0
1,0,0,0,-1.2002122764736234,1,1,0,1,1,0,1,1,0,1.4275568069329394,-0.8727225465205709,0,1,0,1,0,0,0,0,0,1
0,0,1,1,0.590840056424512,1,0,0,1,0,1,0,1,0,-0.037496094456548765,0.30994414585801644,1,0,0,0,0,1,1,0,0,0
0,0,0,0,0.22448844287716607,1,1,0,0,0,0,0,0,1,-1.3499047524396575,-0.6089369215206432,0,0,1,0,1,0,0,0,1,0
1,0,1,1,1.4049547531963917,0,0,1,0,0,0,1,1,0,-0.4655636466179167,0.43042146859433494,1,0,0,0,0,1,0,1,0,0
0,0,0,0,-0.5489205190561197,1,0,0,0,0,0,0,0,0,-1.4826388771408567,-0.8419665827535187,0,0,1,0,1,0,0,1,0,0
0,0,1,1,0.9164859351332638,1,0,0,0,0,0,0,0,0,-1.5108448786398618,-0.5349118609763892,0,0,1,0,0,1,0,1,0,0
1,0,1,1,1.5270719577121736,1,0,0,1,1,1,1,1,1,1.3678264508173998,2.271586297415818,0,1,0,0,1,0,0,0,1,0
1,0,1,0,1.0386031396490458,1,0,0,0,1,0,0,0,0,-0.48547376532309666,0.2534374715279721,1,0,0,0,1,0,0,1,0,0
1,0,0,0,-0.9966836022806536,1,0,0,0,1,0,1,1,1,0.9878750188602166,-0.6853767972072068,0,1,0,1,0,0,0,0,1,0
0,0,1,1,-1.1595065416350294,1,0,0,0,0,0,0,1,0,0.5282831120823135,-0.8774863182103998,0,1,0,1,0,0,0,0,1,0
1,0,0,0,-1.2409180113122174,1,0,0,1,0,0,0,0,0,-0.5203164730571613,-0.9678223573977086,1,0,0,1,0,0,0,0,0,1
1,0,1,1,-0.7931549280876836,1,0,1,0,0,0,0,0,1,-0.4970880012344514,-0.7524867052984833,1,0,0,1,0,0,0,0,0,1
1,0,0,1,-1.2002122764736234,1,0,0,0,0,0,0,0,0,0.1566275629189556,-0.913774403939834,0,1,0,1,0,0,0,0,1,0
0,0,0,0,-0.9152721326034655,0,0,0,0,0,1,0,0,1,-1.1723728606518034,-0.8791108302152263,1,0,0,0,0,1,0,0,0,1
0,0,1,0,0.631545791263106,1,0,0,0,1,1,1,1,1,1.1654069106480704,1.111992066078752,0,1,0,1,0,0,0,1,0,0
1,1,0,0,-0.9559778674420595,1,1,0,0,0,0,0,0,1,0.3026351000902746,-0.7125324911257246,0,1,0,1,0,0,0,0,1,0
1,0,1,0,0.387311382231542,1,1,0,1,1,1,0,1,1,1.145496791942891,0.8064301391168684,0,1,0,1,0,0,0,0,1,0
0,0,1,1,0.1023712383613841,1,1,0,0,0,0,0,0,1,-1.3117436915880627,-0.5933942931501415,0,0,1,0,0,1,0,1,0,0
0,1,0,0,-1.2409180113122174,1,0,1,1,0,0,0,0,0,-0.33448869847548224,-0.9646611448477761,1,0,0,1,0,0,0,0,0,1
1,0,0,0,1.4863662228735797,0,0,0,1,1,0,0,0,1,-0.9682941439237093,0.08382963707811834,1,0,0,0,1,0,1,0,0,0
0,0,1,1,-1.2816237461508113,1,0,0,0,0,0,0,0,0,-1.5091857020810966,-1.001871250904274,0,0,1,1,0,0,0,0,0,1
1,0,0,0,-1.0780950719578415,1,0,0,0,0,1,0,0,0,-0.4937696481169216,-0.8838087433102649,1,0,0,1,0,0,0,0,0,1
0,0,0,0,-1.2816237461508113,1,0,0,0,0,0,0,0,0,-1.4992306427285067,-1.0017395337146933,0,0,1,1,0,0,0,0,1,0
1,0,0,0,0.428017117070136,1,1,0,0,0,0,0,0,0,-1.2769009838539978,-0.523035361049212,0,0,1,0,0,1,1,0,0,0
1,0,1,1,-0.3453918448631497,1,1,0,0,0,0,0,0,0,-1.3515639289984223,-0.7430030676486857,0,0,1,0,0,1,0,0,0,1
1,0,0,0,-0.9559778674420595,1,0,0,0,0,0,0,0,0,-1.477661347464562,-0.9305902984762806,0,0,1,1,0,0,0,0,0,1
1,0,0,0,-0.38609757970174374,1,1,0,0,1,1,1,0,1,1.0608787874458763,-0.09477887199307114,0,1,0,1,0,0,0,1,0,0
0,1,1,0,1.5270719577121736,1,0,0,0,0,0,0,0,1,-1.5058673489635668,-0.3684871919413982,0,0,1,0,0,1,0,1,0,0
0,0,0,0,-0.8338606629262776,1,1,1,0,0,0,0,0,1,0.46523440284924406,-0.6032511295037506,0,1,0,1,0,0,0,0,1,0
1,0,0,0,0.5501343215859179,1,1,0,0,0,0,0,0,0,0.2611556861211498,0.4162618707144287,0,1,0,1,0,0,1,0,0,0
1,0,1,1,0.7943687306174818,1,0,0,0,0,0,0,0,0,-1.5174815848749215,-0.5473152296618884,0,0,1,0,0,1,0,0,0,1
1,0,1,1,1.6084834273893616,1,1,0,0,0,0,0,0,0,-1.3482455758808924,-0.28893000943476216,0,0,1,0,0,1,1,0,0,0
1,0,0,0,-0.5896262538947137,1,1,0,1,0,0,0,0,1,0.5216464058472539,-0.37294362352220584,0,1,0,1,0,0,0,0,1,0
0,0,1,1,-0.6710377235719016,1,0,1,1,0,1,0,1,0,0.11017061927353564,-0.5209278860159237,1,0,0,0,0,1,1,0,0,0
0,0,1,0,1.2828375486806096,1,0,0,1,1,1,0,1,1,0.11182979583230053,0.9121331837552382,1,0,0,0,0,1,0,0,0,1
1,0,0,0,-1.2409180113122174,1,0,0,0,0,0,0,0,1,-0.6082528306717059,-0.9718177788149844,1,0,0,1,0,0,1,0,0,0
1,0,1,1,1.6084834273893616,1,1,0,1,1,1,0,0,0,0.8468450113651922,1.8723734486621821,0,1,0,0,0,1,1,0,0,0
1,0,0,1,1.2421318138420157,0,0,1,1,0,1,0,0,1,-0.807354017723505,0.1262864778529069,1,0,0,0,1,0,1,0,0,0
0,0,0,0,-1.2816237461508113,1,0,0,0,0,0,0,0,1,0.1781968581829002,-0.9795451872703751,0,1,0,1,0,0,0,0,1,0
1,0,0,0,-1.2816237461508113,1,0,0,0,0,0,0,0,0,-1.4859572302583868,-1.0015639107952525,0,0,1,1,0,0,0,0,0,1
1,0,1,1,1.0793088744876398,0,0,1,0,1,0,0,0,0,-0.9998184985402442,-0.14094574694104445,1,0,0,0,1,0,0,0,0,1
0,0,1,1,0.7536629957788878,1,1,0,0,0,1,0,0,1,0.5249647589647837,0.7971440772514413,0,1,0,1,0,0,0,0,1,0
0,0,0,0,-1.0780950719578415,0,0,1,1,1,1,1,1,1,-0.05076950692666865,-0.8572677296097895,1,0,0,0,0,1,0,0,0,1
0,0,0,0,0.9978974048104517,1,0,0,1,1,1,1,0,0,0.1599459160364854,0.6994538283125535,1,0,0,0,0,1,0,0,0,1
0,1,1,0,0.5501343215859179,1,1,0,0,0,1,1,1,0,1.1720436168831305,1.0768016235958224,0,1,0,0,1,0,0,0,1,0
1,0,0,0,-0.7524491932490895,0,0,0,0,1,1,1,1,1,-0.3295111687991873,-0.6714806337064616,1,0,0,1,0,0,0,0,1,0
1,0,0,0,-0.8745663977648716,1,1,0,0,1,0,0,0,0,-0.3709905827683121,-0.7434640778122175,1,0,0,1,0,0,0,0,1,0
0,0,0,0,-1.2002122764736234,1,0,0,0,0,0,0,0,1,-1.4909347599346818,-0.9833210800383503,0,0,1,1,0,0,0,0,0,1
0,0,1,0,0.30589991255435406,1,1,0,1,0,0,1,0,0,-0.03417774133901873,0.14650506645351727,1,0,0,0,1,0,1,0,0,0
1,0,0,0,0.020959768684196134,1,0,0,1,1,0,0,0,1,0.46689357940800896,0.12095193167489586,0,1,0,1,0,0,0,1,0,0
1,0,0,0,-0.9559778674420595,1,1,1,0,0,0,0,0,1,0.5382381714349038,-0.6659924174739398,0,1,0,1,0,0,0,0,1,0
0,0,1,1,-0.4268033145403377,1,0,1,1,1,0,0,0,0,-0.1254324520710933,-0.38604948388546795,1,0,0,1,0,0,0,0,0,1
0,0,0,0,-0.7117434584104956,1,0,0,0,0,0,0,0,0,-1.5042081724048018,-0.8648195151457395,0,0,1,0,0,1,0,0,0,1
1,0,1,1,-1.3223294809894055,1,1,0,0,0,0,0,0,0,-1.3001294556767078,-0.3968393169986058,0,0,1,0,0,1,0,0,0,1
1,0,0,0,-1.2002122764736234,1,0,0,0,1,0,0,0,1,0.2877025110613896,-0.9083300934371723,0,1,0,1,0,0,0,1,0,0
1,0,0,0,-0.7931549280876836,1,0,0,0,1,0,1,0,1,0.6062644103442684,-0.5447467444650683,0,1,0,1,0,0,0,0,1,0
1,0,0,0,-0.4675090493789317,1,0,0,0,0,0,0,0,0,-1.4909347599346818,-0.8270166817361293,0,0,1,1,0,0,0,0,0,1
1,0,0,0,-1.0780950719578415,1,0,0,1,0,0,1,0,0,-0.18184445506910288,-0.8534040253820941,1,0,0,1,0,0,0,0,1,0
0,0,0,0,-0.9966836022806536,1,0,0,1,0,0,0,0,0,0.3540695734119893,-0.7752737790959139,0,1,0,1,0,0,0,0,1,0
1,0,0,0,-1.2002122764736234,1,0,0,0,0,1,0,0,1,-0.4788370590880366,-0.9455401994936701,1,0,0,1,0,0,0,0,0,1
1,0,1,1,1.2421318138420157,1,0,0,0,0,0,0,0,0,-1.5058673489635668,-0.4635211442237457,0,0,1,0,0,1,0,0,0,1
0,0,1,0,0.7129572609402939,1,0,0,0,0,0,0,0,1,-1.4959122896109767,-0.5963359770507731,0,0,1,0,1,0,1,0,0,0
0,0,0,0,1.3235432835192036,1,1,1,1,1,0,1,1,1,1.5304257535763688,2.1099693058005156,0,1,0,1,0,0,0,1,0,0
1,1,0,0,0.46872285190873,1,0,0,0,1,0,0,0,0,0.29599839385521454,0.36050159379200725,0,1,0,1,0,0,0,0,1,0
0,0,0,0,-1.2409180113122174,1,0,0,1,0,0,0,0,1,-0.5269531792922214,-0.9704127954594589,1,0,0,1,0,0,0,1,0,0
1,0,1,0,-0.9152721326034655,1,0,0,0,0,0,1,0,1,0.4984179340245439,-0.6340509990006629,0,1,0,1,0,0,0,0,1,0
1,1,1,0,0.590840056424512,1,1,0,0,1,0,1,1,1,1.1654069106480704,1.1282591389919467,0,1,0,1,0,0,0,0,1,0
1,0,1,1,1.4863662228735797,1,1,0,1,1,0,1,0,0,1.0227177265942813,1.8484009201585268,0,1,0,0,1,0,0,1,0,0
0,0,1,0,-0.30468611002455576,0,0,0,0,0,0,1,0,1,-1.026365323480484,-0.6358950396547902,1,0,0,1,0,0,1,0,0,0
1,0,0,0,-0.8338606629262776,0,0,1,1,0,1,1,0,1,-0.46390447005915153,-0.7444519567340714,1,0,0,1,0,0,1,0,0,0
1,1,1,0,1.6084834273893616,1,1,0,0,0,0,0,0,1,-1.3250171040581826,-0.21898818176750443,0,0,1,0,0,1,1,0,0,0
1,0,0,1,-0.06045170099299184,0,0,0,0,0,0,0,0,0,-1.3250171040581826,-0.6639068953055814,1,0,0,1,0,0,0,1,0,0
0,0,1,0,-1.2816237461508113,1,0,0,0,0,0,0,0,1,0.14833168012513065,-0.9799403388391167,0,1,0,1,0,0,0,0,0,1
0,0,1,0,-0.2639803751859618,0,0,1,1,1,0,1,0,0,-0.5667734167025811,-0.4877132013767017,1,0,0,0,1,0,1,0,0,0
0,0,1,1,-0.9966836022806536,1,0,0,1,0,0,1,0,1,0.6178786462556232,-0.7118299994479619,0,1,0,1,0,0,0,0,1,0
1,1,1,0,0.1023712383613841,1,1,1,1,0,0,0,1,1,0.9828974891839214,0.467192517352231,0,1,0,1,0,0,0,0,1,0
1,0,0,0,-0.1825689055087738,1,1,0,1,0,0,1,1,0,1.1703844403243657,0.1699726790637804,0,1,0,0,1,0,0,0,1,0
0,0,0,0,-0.4675090493789317,1,0,0,1,1,1,1,1,1,1.31473280093692,-0.027186000873332554,0,1,0,0,1,0,0,0,0,1
1,0,0,1,-0.7931549280876836,1,0,0,0,0,0,1,1,0,0.04878108659923111,-0.6452250072500774,1,0,0,1,0,0,0,1,0,0
0,0,1,1,1.6084834273893616,1,1,0,1,1,1,0,1,1,1.118949967002651,2.1198261421541247,0,1,0,0,0,1,1,0,0,0
0,0,0,0,-1.2816237461508113,1,0,0,0,0,0,0,0,0,-0.6812565992573657,-0.9909167713041603,1,0,0,1,0,0,0,0,0,1
1,0,1,0,1.5270719577121736,1,0,0,0,0,0,0,0,0,-1.4959122896109767,-0.38089056062689747,0,0,1,0,0,1,0,1,0,0
0,0,0,0,-1.2002122764736234,1,1,0,0,0,1,1,0,1,-0.04413280069160859,-0.9420716468347163,1,0,0,1,0,0,0,0,1,0
0,0,0,0,-0.7931549280876836,1,0,1,1,0,1,0,1,0,0.0952380302446506,-0.640614905614759,1,0,0,1,0,0,1,0,0,0
1,1,0,0,1.4049547531963917,1,1,1,1,1,1,1,1,1,1.698002586011633,2.4317324470808037,0,1,0,0,0,1,0,1,0,0
1,0,1,0,0.631545791263106,1,1,0,1,1,0,0,1,1,0.18649274097672516,0.4913845745051871,1,0,0,0,1,0,0,1,0,0
0,1,0,0,0.346605647392948,1,1,0,1,1,0,1,1,1,1.309755271260625,0.8046300041926011,0,1,0,1,0,0,0,0,1,0
0,0,0,0,0.9978974048104517,1,0,1,1,1,1,1,0,1,0.3109309828840996,0.8188554606672979,1,0,0,0,0,1,0,1,0,0
1,0,0,0,-1.2816237461508113,1,0,0,0,0,0,0,0,1,-0.6630056571109506,-0.9906752897899295,1,0,0,1,0,0,0,0,0,1
1,0,0,0,0.30589991255435406,1,1,0,0,0,0,0,0,1,-1.3382905165283026,-0.5827910593889093,0,0,1,0,0,1,0,0,0,1
1,1,0,0,-1.2816237461508113,1,1,0,0,0,0,0,0,1,0.35904710308828447,-0.9771523249929956,0,1,0,1,0,0,0,0,1,0
1,0,1,1,-0.38609757970174374,1,0,0,0,0,0,0,0,0,-1.5025489958460367,-0.8185867816029758,0,0,1,0,1,0,0,0,0,1
0,0,1,0,0.46872285190873,1,0,1,1,1,0,0,0,1,-0.1138182161597383,0.18479086289158925,1,0,0,0,1,0,0,0,0,1
1,0,1,1,-0.9559778674420595,1,1,0,0,1,0,0,0,1,0.4785078153193637,-0.7200842766616746,0,1,0,1,0,0,1,0,0,0
1,0,1,0,-0.1418631706701798,1,1,0,1,0,0,0,0,1,0.505054640259604,-0.015836369704477514,0,1,0,1,0,0,1,0,0,0
1,0,0,0,-0.6303319887333076,1,0,1,1,0,0,0,0,1,-0.3129194032115374,-0.6002655398732587,1,0,0,1,0,0,0,1,0,0
1,0,0,0,-0.2639803751859618,1,0,0,0,0,1,1,0,0,-0.18184445506910288,-0.3487515663692498,1,0,0,0,1,0,0,1,0,0
1,0,1,0,0.46872285190873,1,0,0,1,1,1,1,0,1,0.1997661534468453,0.41672288087796044,1,0,0,0,1,0,0,0,1,0
0,0,1,0,0.14307697319997809,1,1,1,1,1,1,0,1,1,1.3645080976998696,0.6731103903964488,0,1,0,0,0,1,0,1,0,0
0,0,1,1,1.4456604880349857,1,1,0,1,0,1,0,0,1,0.6211969993731534,1.5068802004411603,0,1,0,0,1,0,1,0,0,0
0,0,1,1,-1.1188008067964355,0,0,0,1,0,1,0,0,0,-1.018069440686659,-0.9386030941757625,1,0,0,1,0,0,0,0,1,0
1,1,0,0,0.7536629957788878,1,1,0,0,1,0,1,1,1,1.090743965503646,1.1468093098578704,0,1,0,1,0,0,0,0,1,0
1,0,0,1,0.9978974048104517,1,1,1,1,1,1,1,1,0,0.8169798333074222,1.1902979352843732,1,0,0,0,0,1,0,0,0,1
1,0,0,1,1.6084834273893616,0,0,1,1,1,1,1,1,0,0.0753279115394709,1.0407330665156889,1,0,0,0,0,1,0,1,0,0
1,0,1,0,-0.8745663977648716,1,0,0,0,0,0,0,0,1,-0.6314813024944159,-0.7812669112218276,1,0,0,1,0,0,1,0,0,0
0,0,1,1,-1.2002122764736234,1,0,0,1,0,0,1,0,1,-0.20673210345057777,-0.9363858548178238,1,0,0,1,0,0,0,1,0,0
0,1,0,0,-0.4268033145403377,1,0,1,1,0,0,0,0,0,0.5564891135813186,-0.21093148033816236,0,1,0,1,0,0,0,0,1,0
0,0,1,1,1.0793088744876398,1,0,0,0,0,0,0,0,0,-1.4710246412295018,-0.4457832293602352,0,0,1,0,0,1,0,0,0,1
1,0,1,1,1.1607203441648277,1,0,0,1,1,1,1,1,0,1.293163505672975,1.8211354619153584,0,1,0,0,1,0,0,1,0,0
1,1,1,0,1.0793088744876398,1,0,1,1,1,0,0,0,1,0.5979685275504434,1.1423528782770624,0,1,0,0,1,0,0,1,0,0
0,0,0,0,0.14307697319997809,1,0,0,1,0,0,1,1,1,0.9911933719777464,0.5551137413972302,0,1,0,1,0,0,0,1,0,0
1,0,0,0,-1.1188008067964355,1,0,0,0,0,0,0,0,0,-1.4826388771408567,-0.9622024239756062,0,0,1,1,0,0,0,0,0,1
1,0,0,0,-1.2816237461508113,1,1,0,0,0,0,0,0,1,-0.49045129499939155,-0.9883921918372003,1,0,0,1,0,0,0,0,1,0
1,1,0,0,-0.8338606629262776,1,1,0,0,0,0,0,0,1,0.2777474517087997,-0.6468495192549037,0,1,0,1,0,0,0,1,0,0
1,0,0,0,-1.2816237461508113,1,0,0,0,0,0,0,0,0,-1.469365464670737,-1.0013443821459518,0,0,1,1,0,0,0,0,1,0
1,0,1,0,0.30589991255435406,1,1,0,1,0,1,1,0,0,0.19312944721178524,0.2724047468275673,1,0,0,0,1,0,0,1,0,0
0,0,1,1,0.387311382231542,1,0,0,0,1,0,1,1,1,0.903257014363202,0.6911117396391204,0,1,0,1,0,0,0,0,1,0
0,0,1,1,1.4863662228735797,1,0,0,0,0,0,0,0,0,-1.5008898192872717,-0.39709177494530173,0,0,1,0,0,1,1,0,0,0
1,0,1,1,-0.1825689055087738,1,1,0,1,0,0,0,1,0,-0.017585975751368575,-0.21916380468694505,1,0,0,1,0,0,0,0,1,0
1,0,0,0,1.0386031396490458,1,0,1,1,0,0,1,1,0,1.135541732590301,1.5014139370735686,0,1,0,0,1,0,1,0,0,0
1,0,1,0,1.5677776925507676,1,1,1,1,1,1,1,1,1,1.702980115687928,2.750005082837208,0,1,0,0,0,1,0,0,1,0
0,0,1,1,1.5270719577121736,1,1,1,0,0,1,1,1,1,0.5199872292884885,1.3869297464631638,1,0,0,0,0,1,1,0,0,0
1,0,1,1,0.7943687306174818,1,1,0,0,0,0,0,0,0,-1.3316538102932427,-0.47076558965067444,0,0,1,0,0,1,0,0,0,1
1,0,1,1,-0.5896262538947137,0,0,0,0,0,0,0,0,0,-1.3067661619117676,-0.804997958211252,1,0,0,1,0,0,0,1,0,0
1,0,1,0,1.6084834273893616,1,1,1,1,1,1,0,1,1,0.5763992322864984,1.6153932117905814,1,0,0,0,0,1,1,0,0,0
1,0,0,0,-0.5896262538947137,1,0,1,0,0,0,0,0,0,-0.5153389433808665,-0.6263235905452723,1,0,0,1,0,0,0,0,1,0
0,0,1,0,0.9978974048104517,1,0,1,1,0,1,1,0,1,0.17985603474166512,0.8005467713156048,1,0,0,0,0,1,0,1,0,0
0,0,0,0,-0.22327464034736777,1,0,1,1,0,0,0,0,1,-0.27309916580117743,-0.28467115363832524,1,0,0,1,0,0,0,0,0,1
1,0,1,0,-0.3453918448631497,1,1,0,1,1,0,1,1,1,1.3180511540544502,0.1058703134679258,0,1,0,1,0,0,0,0,1,0
1,0,1,1,-0.9152721326034655,1,0,0,0,0,0,0,0,0,-1.4760021709057967,-0.903983426181015,0,0,1,0,1,0,0,0,0,1
0,0,1,1,1.6084834273893616,1,1,0,0,0,0,0,0,0,-1.3283354571757127,-0.1941155858017156,0,0,1,0,0,1,0,0,0,1
1,0,0,0,-1.0373893371192475,1,1,0,0,0,0,0,0,1,-1.3233579274994176,-0.9432571015409411,0,0,1,1,0,0,1,0,0,0
1,0,1,1,0.8757802002946699,1,1,0,1,0,1,1,0,1,0.19147027065302033,0.6448351003664965,1,0,0,0,1,0,0,0,1,0
0,1,1,0,0.46872285190873,1,0,1,1,0,1,0,0,1,0.6709722961361032,0.601148899155623,0,1,0,1,0,0,0,0,1,0
1,0,1,0,0.9571916699718578,1,0,0,0,0,0,0,1,1,0.5299422886410788,0.9905927230153698,0,1,0,0,1,0,0,0,1,0
1,0,0,0,-1.2816237461508113,1,0,0,0,0,0,0,0,0,-1.5058673489635668,-1.0018273451744135,0,0,1,1,0,0,0,0,0,1
0,0,0,0,1.6084834273893616,1,1,0,1,1,1,1,1,1,1.5486766957227835,2.507645454009045,0,1,0,0,0,1,1,0,0,0
0,0,0,1,-0.8338606629262776,1,1,1,0,0,0,0,0,1,0.443665107585299,-0.6111980666084421,0,1,0,1,0,0,0,0,1,0
1,0,1,0,-0.1825689055087738,1,0,1,0,0,1,0,0,0,-0.35108046406313215,-0.3841176317716202,1,0,0,0,1,0,0,0,0,1
0,0,1,1,1.6084834273893616,1,1,1,1,0,0,1,1,1,1.3014593884668002,2.196046489191388,0,1,0,0,1,0,0,0,1,0
1,1,0,0,-1.1188008067964355,1,0,0,0,1,0,0,0,0,-0.48381458876433153,-0.9062445712688141,1,0,0,1,0,0,0,0,1,0
1,0,0,0,-0.10115743583158582,1,1,1,1,1,1,0,0,1,0.9978300782128064,0.24195612316953644,0,1,0,1,0,0,0,1,0,0
1,0,0,0,-0.4268033145403377,1,1,0,1,0,0,1,1,1,1.1853170293532507,0.0503295651948052,0,1,0,1,0,0,0,0,1,0
1,0,1,0,1.3235432835192036,1,1,1,0,1,0,1,1,1,1.30477774158433,1.9808645071466728,0,1,0,1,0,0,0,0,1,0
0,0,0,0,0.6722515261016999,1,1,0,0,0,0,0,1,1,0.6494030008721581,0.7048542330853549,0,1,0,1,0,0,0,0,1,0
0,0,0,0,-0.7931549280876836,1,0,0,1,1,0,0,0,1,0.5382381714349038,-0.5922966499036371,0,1,0,1,0,0,0,0,1,0
1,0,1,0,0.8757802002946699,1,0,1,1,1,1,1,1,0,1.4872871630484792,1.6723169905542974,0,1,0,0,0,1,1,0,0,0
1,0,1,1,0.9978974048104517,1,0,0,0,0,0,0,0,0,-1.466047111553207,-0.5172837104375291,0,0,1,0,0,1,0,0,0,1
0,0,0,0,-1.2816237461508113,1,0,0,0,0,0,0,0,0,-0.6895524820511906,-0.9910265356288107,1,0,0,1,0,0,1,0,0,0
1,0,1,1,1.5677776925507676,1,1,1,1,1,1,1,1,0,0.841867481688897,1.7500740381366664,1,0,0,0,0,1,0,1,0,0
0,0,0,0,-1.2816237461508113,1,0,1,0,0,0,0,0,1,-0.5468632979974012,-0.9891385892448233,1,0,0,1,0,0,1,0,0,0
1,0,1,0,1.5270719577121736,1,1,1,1,1,1,1,0,0,0.48016699187812906,1.4170929828771037,1,0,0,0,1,0,1,0,0,0
0,0,1,0,0.7943687306174818,0,0,1,1,1,1,1,1,0,0.04380355692293595,0.4516937947115894,1,0,0,0,0,1,0,1,0,0
0,0,1,0,0.9571916699718578,1,1,0,1,1,1,0,0,0,0.850163364482722,1.2360696586636049,0,1,0,1,0,0,0,0,1,0
0,0,1,1,-0.8745663977648716,0,0,1,0,0,0,0,0,1,-1.1723728606518034,-0.8582995142615035,1,0,0,1,0,0,0,0,1,0
1,0,0,0,-1.1188008067964355,1,0,0,0,0,0,0,0,0,-1.4925939364934466,-0.963409831546761,0,0,1,1,0,0,0,0,0,1
1,0,0,0,-0.8338606629262776,0,0,0,1,0,1,0,0,0,-1.026365323480484,-0.8161500135957361,1,0,0,1,0,0,0,0,0,1
0,0,0,0,-1.0780950719578415,1,0,0,0,0,0,1,1,1,0.8684143066291369,-0.8105081273087038,0,1,0,1,0,0,0,0,1,0
0,1,0,0,-1.2409180113122174,1,0,0,0,0,0,0,1,1,0.4917812277894838,-0.9404251819649597,0,1,0,1,0,0,1,0,0,0
0,0,1,1,0.7129572609402939,1,0,0,0,1,1,1,1,0,1.26495750417397,1.2522708729820091,0,1,0,0,1,0,0,0,0,1
1,0,1,0,0.346605647392948,1,1,0,1,0,0,0,0,1,0.5083729933771337,0.49950713452931933,0,1,0,1,0,0,0,0,1,0
1,0,0,1,1.4456604880349857,1,1,1,1,0,1,1,1,1,0.7157700632227577,1.572453407987331,1,0,0,0,0,1,1,0,0,0
0,0,1,0,-0.4268033145403377,1,0,0,0,0,0,1,0,1,0.5000771105833088,-0.261181588163132,0,1,0,1,0,0,0,1,0,0
1,0,1,0,0.7536629957788878,1,1,0,1,1,0,1,1,1,1.3893957460813444,1.4038773581891915,0,1,0,0,1,0,1,0,0,0
0,0,0,0,-0.10115743583158582,1,1,0,1,1,0,1,0,1,0.13339909109624562,-0.11530480070270256,1,0,0,0,1,0,0,1,0,0
1,0,0,0,0.30589991255435406,1,0,0,1,0,1,0,1,1,0.8186390098661871,0.5210868007555951,0,1,0,0,1,0,0,1,0,0
1,0,1,0,1.3235432835192036,1,1,1,1,1,0,1,0,1,1.1421784388253606,1.7765272403774215,0,1,0,0,0,1,0,0,1,0
1,1,1,1,1.4456604880349857,1,0,0,0,0,0,0,0,0,-1.5075265255223318,-0.48637407661596643,0,0,1,0,1,0,1,0,0,0
1,0,0,0,-0.9152721326034655,1,0,0,1,0,0,1,0,1,-0.17520774883404305,-0.7298752544204935,1,0,0,1,0,0,0,0,0,1
0,0,1,0,1.2828375486806096,1,1,1,0,1,0,1,0,1,0.9845566657426863,1.6014092368301158,0,1,0,0,0,1,0,1,0,0
0,0,0,0,1.0386031396490458,1,0,1,1,1,0,1,1,1,1.3777815101699897,1.6879693832494498,0,1,0,0,1,0,0,0,1,0
1,0,1,1,-0.7117434584104956,1,0,0,0,0,0,0,0,1,-1.5075265255223318,-0.9051469280223097,0,0,1,0,1,0,0,0,0,1
0,0,0,0,1.5677776925507676,1,1,1,1,1,0,1,1,1,1.3877365695225796,2.187353154679073,0,1,0,0,0,1,0,1,0,0
0,0,0,1,-1.1595065416350294,1,0,0,0,1,1,1,1,1,1.1006990248562358,-0.8364125079262067,0,1,0,1,0,0,1,0,0,0
0,0,0,0,1.6084834273893616,1,1,0,1,1,1,1,1,0,0.7190884163402875,1.7778224594082965,1,0,0,0,0,1,1,0,0,0
1,0,0,0,-0.30468611002455576,1,1,0,0,0,0,1,1,1,0.9878750188602166,0.026686329665101337,0,1,0,1,0,0,1,0,0,0
0,0,0,1,0.46872285190873,1,1,0,1,0,0,1,1,1,0.4187774592038241,0.5136008738144353,1,0,0,0,1,0,0,0,0,1
1,0,0,0,-1.1188008067964355,1,0,0,0,1,1,1,1,0,0.33913698438310474,-0.838015067066103,1,0,0,1,0,0,1,0,0,0
1,0,1,0,0.020959768684196134,1,0,0,0,0,0,0,0,1,-0.6762790695810708,-0.36824571042716725,1,0,0,1,0,0,0,1,0,0
1,0,0,1,-1.2816237461508113,1,0,0,1,0,0,0,0,1,-0.49874717779321653,-0.9885019561618507,1,0,0,1,0,0,0,0,1,0
1,0,0,0,-0.7524491932490895,1,0,0,0,0,0,1,1,1,0.928144662744677,-0.4231937313471754,0,1,0,1,0,0,0,0,1,0
0,0,1,1,-0.5082147842175256,1,0,0,0,0,0,0,0,0,-1.4793205240233267,-0.816084155000946,0,0,1,1,0,0,0,0,0,1
1,0,0,0,-0.9966836022806536,1,0,1,0,1,0,0,1,1,0.05873614595182097,-0.7561967394716681,1,0,0,1,0,0,0,0,1,0
1,0,1,0,-1.2002122764736234,0,0,0,1,0,0,0,0,0,-1.1657361544167435,-0.9689639063740731,1,0,0,1,0,0,0,1,0,0
1,0,1,1,1.4049547531963917,1,0,0,0,0,0,0,0,1,-1.5108448786398618,-0.4465735324977183,0,0,1,0,0,1,0,1,0,0
1,0,1,1,1.6084834273893616,1,1,1,1,1,1,1,1,1,0.7506127709568226,1.8272822640957829,1,0,0,0,0,1,1,0,0,0
0,1,0,0,-1.2816237461508113,1,0,0,0,0,0,0,0,1,0.20640285968190536,-0.9791719885665636,0,1,0,1,0,0,0,0,1,0
0,0,1,1,0.30589991255435406,1,0,1,1,0,1,0,1,1,0.21303956591696496,0.23967302521680722,1,0,0,1,0,0,0,0,0,1
1,0,1,1,1.1200146093262338,1,1,0,0,0,0,0,0,0,-1.3598598117922474,-0.3490150007484108,0,0,1,0,1,0,0,1,0,0
0,0,0,0,0.9571916699718578,0,0,0,0,0,0,1,1,1,-0.6663240102284806,0.11574910268646503,1,0,0,1,0,0,0,1,0,0
0,0,1,1,-0.3453918448631497,1,1,0,1,1,0,0,0,0,0.6046052337855035,-0.11778547443980246,0,1,0,0,1,0,1,0,0,0
1,0,1,1,1.6084834273893616,1,0,1,1,0,1,1,0,0,0.1151481489498308,1.1213659394038993,1,0,0,0,0,1,1,0,0,0
1,0,1,0,-0.8338606629262776,1,0,0,0,0,0,0,0,0,-1.497571466169742,-0.921611576719875,0,0,1,0,1,0,1,0,0,0
1,0,1,1,0.7943687306174818,0,0,1,0,1,0,0,1,0,-0.6862341289336606,-0.011072598014648634,1,0,0,0,1,0,1,0,0,0
0,0,1,0,-1.1595065416350294,0,0,0,0,0,0,0,0,1,-1.3200395743818876,-0.9665271383668336,1,0,0,1,0,0,0,0,1,0
1,0,1,1,-1.0780950719578415,1,0,1,0,0,0,0,0,1,-0.5236348261746914,-0.8806036250304722,1,0,0,1,0,0,0,0,1,0
0,0,0,0,-1.0780950719578415,0,0,0,0,1,0,1,1,1,-0.563455063585051,-0.8764545335586857,1,0,0,1,0,0,0,0,1,0
1,1,0,0,1.3642490183577978,1,1,0,1,1,1,1,1,0,1.5254482239000742,2.2526848807110125,0,1,0,0,1,0,0,1,0,0
1,0,1,1,1.5677776925507676,1,0,0,0,0,0,0,0,0,-1.5091857020810966,-0.4051923821045039,0,0,1,0,0,1,0,0,0,1
0,0,1,1,-0.8338606629262776,1,0,0,0,0,0,0,0,0,-1.497571466169742,-0.9096033596031174,0,0,1,0,1,0,1,0,0,0
1,0,0,0,-1.2002122764736234,1,1,0,0,0,0,0,0,1,0.31424933600162985,-0.9096253124680473,0,1,0,1,0,0,0,0,1,0
0,0,0,1,-0.7931549280876836,1,0,1,1,0,0,0,0,1,-0.2963276376238874,-0.6747296577161145,1,0,0,1,0,0,0,0,1,0
0,0,1,1,0.8350744654560759,1,1,1,1,1,1,0,1,1,1.29814103534927,1.433557631574669,0,1,0,0,0,1,1,0,0,0
0,0,0,0,-0.8745663977648716,1,0,0,0,0,0,0,0,0,-1.4892755833759168,-0.9060469954844433,0,0,1,0,1,0,0,1,0,0
0,0,0,0,-0.7931549280876836,1,1,0,0,0,0,0,1,1,0.697519121076343,-0.4766709103168678,0,1,0,1,0,0,0,0,1,0
0,0,0,0,-0.8745663977648716,1,1,0,0,0,0,0,0,0,-1.3183803978231226,-0.9027760186098602,0,0,1,0,1,0,0,0,1,0
0,0,0,0,-0.8338606629262776,1,1,1,1,1,0,0,1,1,1.1537926747367158,-0.4666604039087481,0,1,0,1,0,0,1,0,0,0
1,0,1,1,0.020959768684196134,1,0,0,0,0,0,0,0,0,-1.4876164068171518,-0.7379539087147656,0,0,1,0,1,0,0,1,0,0
0,0,1,1,1.2421318138420157,1,0,0,0,0,0,0,0,0,-1.5125040551986266,-0.45550834852426386,0,0,1,0,0,1,0,0,1,0
1,0,0,0,-0.7931549280876836,1,0,1,0,0,0,0,0,1,0.2926800407376848,-0.5903867506547195,0,1,0,1,0,0,0,1,0,0
1,0,0,0,-0.5896262538947137,1,0,0,0,1,1,0,0,0,-0.3228744625641272,-0.5458443877115726,1,0,0,1,0,0,0,1,0,0
0,1,0,0,-1.0780950719578415,1,0,0,0,1,0,0,0,0,0.31424933600162985,-0.8198161420390608,0,1,0,1,0,0,0,0,1,0
1,1,1,0,0.5501343215859179,1,0,0,0,0,0,0,1,1,0.5133505230534289,0.572478457556929,0,1,0,1,0,0,0,0,1,0
1,0,0,0,-0.9152721326034655,1,0,1,0,1,0,0,0,1,0.4950995809070136,-0.6208134214478204,0,1,0,1,0,0,0,0,0,1
0,0,0,0,0.06166550352279012,1,0,0,0,0,0,0,0,1,0.16824179883031035,0.0503954237895955,0,1,0,1,0,0,0,1,0,0
1,1,0,0,1.4049547531963917,1,1,0,0,0,0,0,0,0,-1.3216987509406526,-0.27624125350517176,0,0,1,0,0,1,0,1,0,0
1,0,0,0,-1.1595065416350294,1,0,0,0,1,1,1,1,1,0.31424933600162985,-0.8788254429711351,1,0,0,1,0,0,0,0,1,0
1,0,0,0,-0.5082147842175256,1,1,0,1,0,1,1,0,1,0.12510320830242067,-0.38861796908228813,1,0,0,0,1,0,0,0,1,0
1,0,1,0,-1.2816237461508113,1,0,0,0,0,0,0,0,0,0.16824179883031035,-0.9796769044599557,0,1,0,1,0,0,0,0,1,0
0,0,0,0,-1.2816237461508113,1,0,0,0,0,0,0,0,0,-1.4743429943470319,-1.001410240740742,0,0,1,1,0,0,0,0,0,1
0,0,0,0,-0.7524491932490895,1,0,0,0,1,0,0,0,0,0.3457736906181643,-0.5599600798616187,0,1,0,1,0,0,0,0,1,0
0,0,0,1,0.5501343215859179,1,1,0,0,1,1,0,0,1,0.659358060224748,0.7277510712074358,0,1,0,1,0,0,1,0,0,0
1,0,1,1,-0.7524491932490895,1,1,1,1,0,0,0,1,0,0.14169497389007057,-0.5956554382379404,1,0,0,1,0,0,0,0,0,1
0,0,0,0,-0.9966836022806536,1,0,0,0,0,0,0,0,0,-1.5174815848749215,-0.9415447780763943,0,0,1,1,0,0,0,0,0,1
1,0,0,0,-0.9966836022806536,1,0,0,0,0,0,0,0,1,-0.6563689508758908,-0.8179281956550732,1,0,0,1,0,0,0,0,0,1
1,0,0,1,0.14307697319997809,1,0,0,1,0,0,1,1,1,0.9878750188602166,0.5317778459765475,0,1,0,1,0,0,0,0,1,0
1,1,1,0,-1.1188008067964355,1,1,0,0,1,0,0,0,1,0.49675875746577897,-0.8593971575080079,0,1,0,1,0,0,1,0,0,0
1,0,1,1,-0.4268033145403377,1,0,0,0,0,1,0,0,1,-0.45892694038285664,-0.4690971719159877,1,0,0,1,0,0,0,0,1,0
0,0,1,0,0.387311382231542,0,0,0,1,0,1,0,0,0,-1.041297912509369,-0.3758414016929774,1,0,0,0,1,0,0,0,0,1
1,0,1,1,-1.0780950719578415,1,0,0,0,0,0,0,0,0,-1.5058673489635668,-0.9564507733639234,0,0,1,1,0,0,0,0,0,1
0,1,0,0,-0.2639803751859618,1,0,1,0,0,0,1,0,1,0.6925415914000478,-0.04727287228436233,0,1,0,1,0,0,0,1,0,0
1,0,0,0,0.9978974048104517,0,0,0,1,0,0,1,0,1,-0.8504926082513949,-0.0833633822294258,1,0,0,1,0,0,0,0,1,0
1,0,1,0,0.387311382231542,1,1,1,0,0,1,1,1,0,0.5150096996121938,0.4718026189875493,1,0,0,0,1,0,0,1,0,0
0,0,0,0,-1.2816237461508113,1,0,0,0,0,0,1,0,1,0.48846287467195404,-0.9754400015284488,0,1,0,1,0,0,0,0,1,0
1,1,1,0,-0.6710377235719016,1,0,0,0,1,1,0,1,1,0.8833468956580218,-0.3342407226504622,0,1,0,1,0,0,0,0,1,0
0,0,0,0,-0.5896262538947137,1,1,0,0,1,1,0,1,1,0.9994892547715714,-0.2730580880903091,0,1,0,1,0,0,1,0,0,0
0,1,0,0,-0.4268033145403377,1,0,1,0,1,1,0,1,1,0.1599459160364854,-0.3318917661029428,1,0,0,1,0,0,0,0,0,1
0,0,1,1,0.9571916699718578,1,1,0,0,0,0,0,0,1,-1.3432680462045974,-0.4019433580948511,0,0,1,0,0,1,0,0,0,1
0,0,0,0,-1.1595065416350294,1,0,0,1,0,0,1,1,1,0.12344403174365576,-0.8957071961023721,1,0,0,1,0,0,1,0,0,0
1,1,0,0,-0.2639803751859618,1,0,0,0,0,0,0,0,0,-1.5141632317573919,-0.7890382254070785,0,0,1,0,1,0,0,1,0,0
0,1,0,0,0.06166550352279012,0,0,0,1,1,0,1,1,1,-0.2880317548300625,-0.2350576788963282,1,0,0,1,0,0,0,0,1,0
1,0,0,0,-0.2639803751859618,1,0,0,0,0,1,0,0,0,-0.5236348261746914,-0.4671653198021401,1,0,0,1,0,0,1,0,0,0
0,0,0,0,-0.2639803751859618,1,0,0,0,0,0,0,0,1,0.1367174442137754,-0.2132365311558215,0,1,0,1,0,0,0,1,0,0
0,0,0,0,-0.019745966154397852,1,1,0,0,1,0,1,1,1,1.2085455011759603,0.45380126974487783,0,1,0,1,0,0,0,0,1,0
1,0,1,1,-1.1595065416350294,1,1,0,1,1,0,0,0,1,0.659358060224748,-0.8471255060120891,0,1,0,1,0,0,1,0,0,0
1,0,0,0,-1.2816237461508113,1,0,0,0,0,1,0,0,0,0.3009759235315097,-0.9779206752655487,0,1,0,1,0,0,0,0,1,0
0,1,0,0,-1.0373893371192475,1,0,0,0,1,0,1,0,1,0.6444254711958629,-0.7427396332695246,0,1,0,1,0,0,0,0,1,0
0,0,1,0,0.8350744654560759,1,0,0,0,0,0,0,0,0,-1.464387934994442,-0.5617821676508159,0,0,1,0,1,0,1,0,0,0
1,0,0,0,-1.2002122764736234,0,0,0,0,0,1,0,0,0,-1.1458260357115635,-0.9743423582819445,1,0,0,1,0,0,0,0,1,0
1,0,0,0,1.4049547531963917,1,0,0,0,0,0,0,0,0,-1.4925939364934466,-0.4344775039212403,0,0,1,0,0,1,1,0,0,0
0,0,0,0,0.7129572609402939,1,1,0,0,0,0,1,1,1,1.0210585500355165,1.0662203426995203,0,1,0,1,0,0,0,0,1,0
1,0,0,0,-1.2816237461508113,1,0,0,0,0,0,0,0,0,-1.5025489958460367,-1.0017834394445535,0,0,1,1,0,0,0,0,0,1
0,0,0,0,-0.9559778674420595,1,0,0,0,0,0,0,0,0,-1.4826388771408567,-0.9286803992273631,0,0,1,1,0,0,0,0,0,1
0,0,1,0,-1.2409180113122174,1,0,0,0,0,0,0,0,1,-0.6746198930223056,-0.9750448499597072,1,0,0,1,0,0,0,1,0,0
0,1,0,0,-1.2816237461508113,0,0,0,0,0,0,0,0,0,-1.3167212212643575,-0.9993247185723837,1,0,0,1,0,0,0,0,1,0
1,0,1,1,0.428017117070136,1,1,0,0,1,1,1,1,1,1.3064369181430948,0.9442063194180957,0,1,0,0,1,0,0,1,0,0
1,0,0,0,1.5270719577121736,0,0,1,0,1,1,0,1,0,-0.5485224745561663,0.501175552264006,1,0,0,0,0,1,1,0,0,0
1,1,1,1,1.5677776925507676,1,0,0,0,0,0,0,0,0,-1.497571466169742,-0.4008018091184865,0,0,1,0,0,1,0,1,0,0
1,0,1,1,0.46872285190873,1,0,0,0,1,0,1,1,1,0.9298038393034418,0.7997784210430517,0,1,0,1,0,0,1,0,0,0
1,0,0,0,-1.2409180113122174,1,0,0,0,0,0,0,0,0,0.19147027065302033,-0.9486355534488125,0,1,0,1,0,0,0,1,0,0
0,0,0,0,-1.1595065416350294,1,1,0,1,0,0,0,0,0,0.4320508716739442,-0.8762569577743149,0,1,0,1,0,0,1,0,0,0
0,0,0,1,-1.2002122764736234,1,0,1,0,0,1,0,0,1,-0.32619281568165726,-0.9425107041333181,1,0,0,1,0,0,0,0,0,1
0,1,0,0,-0.1825689055087738,1,1,0,1,1,1,0,0,0,-0.015926799192603674,-0.190427504493461,1,0,0,1,0,0,1,0,0,0
1,0,1,0,-0.1418631706701798,1,0,0,0,1,0,0,0,1,0.3441145140593994,-0.016648625706890702,0,1,0,1,0,0,0,1,0,0
1,1,0,0,-1.2816237461508113,1,0,0,0,0,0,0,0,1,0.16990097538907525,-0.9796549515950255,0,1,0,1,0,0,0,0,1,0
1,1,0,0,-0.9559778674420595,1,1,0,1,0,0,1,1,1,1.145496791942891,-0.6067416350276345,0,1,0,1,0,0,0,1,0,0
1,0,0,0,1.5677776925507676,1,1,1,0,1,1,1,1,1,1.4308751600504692,2.296634516301047,0,1,0,0,0,1,0,0,1,0
1,0,1,0,0.346605647392948,1,1,0,0,1,0,1,1,1,0.2677923923562099,0.3072878492014758,1,0,0,0,1,0,0,0,1,0
1,0,1,0,0.9571916699718578,1,1,0,1,0,0,1,1,0,1.1737027934418955,1.454654334772483,0,1,0,0,1,0,0,1,0,0
0,1,0,0,-1.2816237461508113,0,0,0,0,0,0,0,0,1,-1.3017886322354726,-0.9991271427880131,1,0,0,1,0,0,0,0,0,1
0,0,0,0,0.7943687306174818,0,0,1,1,0,1,0,0,0,-0.8571293144864547,-0.14015544380356132,1,0,0,0,0,1,0,0,0,1
0,0,0,0,1.4049547531963917,1,1,1,1,1,0,1,0,1,1.2616391510564402,2.013047407134181,0,1,0,1,0,0,0,1,0,0
0,0,0,0,-0.1418631706701798,1,0,0,0,0,0,0,0,0,-1.5108448786398618,-0.7670634076120613,0,0,1,0,0,1,0,0,0,1
0,0,0,0,0.387311382231542,1,0,1,1,0,1,0,1,1,0.09191967712712082,0.2550619835327984,1,0,0,0,1,0,0,0,0,1
0,0,0,0,-0.6710377235719016,1,0,1,0,0,0,0,0,1,-0.49045129499939155,-0.6757394895028985,1,0,0,1,0,0,0,0,1,0
1,0,0,0,-0.7524491932490895,0,0,0,1,0,0,0,0,1,-1.1225975638888535,-0.8261385671389259,1,0,0,1,0,0,0,0,0,1
0,1,0,0,-0.5896262538947137,1,0,0,1,0,0,0,0,1,0.3242043953542197,-0.4420073365922602,0,1,0,1,0,0,0,0,1,0
1,1,0,0,-0.8338606629262776,1,1,0,0,1,0,1,1,1,1.145496791942891,-0.48347629844519485,0,1,0,1,0,0,0,0,1,0
1,0,0,0,0.26519417771576004,1,0,0,0,0,0,0,0,0,-1.4942531130522119,-0.6630507335733081,0,0,1,0,1,0,0,0,0,1
1,0,1,1,-0.019745966154397852,1,0,0,0,0,0,0,0,1,0.1599459160364854,0.020451716024956653,0,1,0,1,0,0,1,0,0,0
1,0,0,0,1.2014260790034217,0,0,1,1,1,1,0,0,1,-0.7044850710800754,0.13917280956686823,1,0,0,0,0,1,1,0,0,0
1,0,0,0,-1.2816237461508113,1,0,0,0,0,0,0,0,0,-1.459410405318147,-1.0012126649563713,0,0,1,1,0,0,1,0,0,0
1,1,0,0,0.5094285867473239,1,0,1,0,1,0,0,1,0,-0.0739979787493784,0.21521753368469018,1,0,0,0,1,0,0,1,0,0
1,0,0,0,-0.6710377235719016,1,1,0,1,0,0,0,0,1,0.5183280527297236,-0.4620722551383598,0,1,0,1,0,0,0,0,0,1
1,0,0,0,-1.2816237461508113,1,0,0,0,0,0,1,1,1,-0.07067962563184861,-0.9828381170098882,1,0,0,1,0,0,0,0,0,1
1,0,1,0,1.6084834273893616,1,1,1,1,1,1,1,1,1,0.8982794846869069,1.9673415423497391,1,0,0,0,0,1,0,1,0,0
1,0,1,0,-1.2002122764736234,0,0,0,0,0,0,0,1,1,-0.9882042626288892,-0.9666149498265538,1,0,0,1,0,0,0,0,1,0
0,0,0,0,-0.1418631706701798,1,0,1,0,1,1,0,0,0,-0.22996057527328775,-0.24886603093735307,1,0,0,0,1,0,0,1,0,0
1,0,1,1,-0.7117434584104956,1,0,0,0,0,0,0,0,0,-1.5025489958460367,-0.8643585049822077,0,0,1,0,1,0,0,0,0,1
1,1,1,1,1.4456604880349857,1,1,0,0,1,1,1,1,1,1.4010099819926998,2.2297441368590714,0,1,0,0,1,0,0,1,0,0
0,0,1,1,-1.3223294809894055,0,0,1,1,1,1,1,0,0,-0.29466846106512257,-0.3968393169986058,1,0,0,0,0,1,0,1,0,0
0,1,1,1,-0.4268033145403377,1,1,0,0,0,0,1,0,0,0.6776090023711627,-0.14915611842489707,0,1,0,1,0,0,1,0,0,0
1,0,0,0,-1.2816237461508113,1,1,0,0,0,0,1,0,0,0.6494030008721581,-0.9733105736302304,0,1,0,1,0,0,0,0,1,0
0,0,0,0,0.5094285867473239,1,1,1,0,0,1,0,1,0,0.2860433345026247,0.4600358833850225,1,0,0,0,0,1,0,0,0,1
0,0,0,0,-0.2639803751859618,1,0,0,0,0,0,1,1,1,0.7920921849259474,-0.011840948287201686,0,1,0,1,0,0,1,0,0,0
1,0,1,1,1.6084834273893616,1,1,1,1,1,1,1,1,1,0.896620308128142,1.8939092091585974,1,0,0,0,0,1,0,1,0,0
1,0,1,0,1.4049547531963917,1,1,0,1,1,1,1,1,1,1.5387216363701939,2.312023474617038,0,1,0,0,0,1,1,0,0,0
1,0,0,0,-0.9152721326034655,1,1,0,1,1,0,0,1,1,1.0061259610066313,-0.5618919319754664,0,1,0,1,0,0,0,0,1,0
1,0,0,0,-1.2816237461508113,1,0,0,0,0,0,1,1,1,0.8285940692187774,-0.970939664217781,0,1,0,1,0,0,0,0,1,0
1,0,1,0,0.7536629957788878,0,0,0,1,0,0,0,0,1,-1.1574402716229184,-0.33889473001564063,1,0,0,1,0,0,0,1,0,0
1,0,0,1,-1.2816237461508113,1,1,0,0,0,0,1,1,1,0.9414180752147966,-0.969446869402535,0,1,0,1,0,0,0,0,1,0
1,0,1,0,0.9571916699718578,1,1,0,0,0,0,0,0,1,-1.3200395743818876,-0.4277160215227734,0,0,1,0,0,1,0,1,0,0
0,0,1,1,1.6084834273893616,1,1,1,1,0,0,1,0,1,1.0276952562705766,2.042859397709239,0,1,0,0,0,1,1,0,0,0
1,0,0,0,-0.9152721326034655,1,1,0,0,0,0,0,0,1,-1.3582006352334823,-0.9109424843638526,0,0,1,1,0,0,0,0,1,0
1,0,0,0,-0.4268033145403377,1,0,0,0,0,0,0,0,0,-1.480979700582092,-0.8018147927963893,0,0,1,0,1,0,0,0,0,1
0,0,0,0,-1.1188008067964355,1,0,0,0,0,0,0,0,0,-1.472683817788267,-0.9682175089664502,0,0,1,1,0,0,0,1,0,0
1,1,1,0,-0.10115743583158582,1,1,0,0,0,0,0,0,0,0.43039169511517933,0.022010369434992724,0,1,0,1,0,0,0,0,0,1
1,0,0,0,0.46872285190873,0,0,0,1,1,0,1,1,1,-0.364353876533252,0.032525791736504606,1,0,0,0,1,0,0,0,0,1
1,0,0,0,-0.5896262538947137,1,0,0,1,1,0,1,1,0,1.2068863246171952,-0.22245673442645814,0,1,0,1,0,0,0,1,0,0
0,1,0,0,-1.2409180113122174,1,0,0,0,0,0,0,0,1,-0.6845749523748957,-0.971203098596942,1,0,0,1,0,0,0,0,1,0
0,0,0,0,0.8757802002946699,0,0,1,0,0,1,0,1,0,-0.6912116586099555,0.03002316513447455,1,0,0,0,1,0,1,0,0,0
0,0,0,0,-1.2816237461508113,1,0,0,0,1,0,1,1,0,0.9779199595076267,-0.9689639063740731,0,1,0,1,0,0,0,0,1,0
1,0,1,1,1.5270719577121736,1,0,0,0,0,0,0,0,0,-1.4793205240233267,-0.3702214682708751,0,0,1,0,0,1,0,1,0,0
0,1,0,0,-0.9152721326034655,1,0,0,0,1,0,0,1,1,0.6527213539896879,-0.6303848705573384,0,1,0,1,0,0,0,1,0,0
1,0,1,1,-0.1418631706701798,1,0,1,0,0,0,1,1,0,0.9862158423014517,0.15271772722873198,0,1,0,1,0,0,0,1,0,0
1,1,0,0,-0.9559778674420595,1,1,0,0,1,0,1,1,1,1.1803394996769556,-0.6070928808665159,0,1,0,1,0,0,0,0,1,0
1,0,0,1,1.1200146093262338,1,1,1,0,1,1,1,1,1,0.6643355899010431,1.1782238595728252,1,0,0,0,0,1,0,0,1,0
0,0,0,0,-0.22327464034736777,1,0,0,0,1,1,0,1,1,0.8053655973960674,0.03612606158503883,0,1,0,1,0,0,0,0,1,0
1,0,1,1,0.387311382231542,1,0,0,0,0,0,0,0,0,-1.5125040551986266,-0.6296165202847853,0,0,1,0,0,1,0,0,0,1
1,0,1,1,1.2828375486806096,1,1,1,1,1,0,0,0,1,0.8916427784518468,1.6065901129536164,0,1,0,1,0,0,0,0,1,0
1,0,1,1,1.3235432835192036,1,1,0,0,0,0,0,0,0,-1.3333129868520075,-0.25738374253022694,0,0,1,0,0,1,0,1,0,0
0,0,0,0,-1.2409180113122174,1,0,0,0,0,0,0,0,1,0.1732193285066055,-0.9560556217951818,0,1,0,1,0,0,0,0,1,0
0,0,0,0,1.4456604880349857,0,0,0,1,0,1,0,1,0,-0.6630056571109506,0.34423452087881257,1,0,0,1,0,0,0,0,1,0
0,1,1,0,1.5270719577121736,1,1,1,1,1,1,1,1,1,1.5951336393682036,2.4966031629492114,0,1,0,0,0,1,0,1,0,0
1,1,0,0,0.7943687306174818,1,1,0,0,0,0,0,0,1,0.266133215797445,0.6710687739579507,0,1,0,1,0,0,1,0,0,0
1,0,1,1,1.4456604880349857,1,1,0,1,0,1,0,1,0,0.19478862377055015,1.1233856029774671,1,0,0,0,0,1,0,1,0,0
0,0,1,0,1.5270719577121736,1,0,0,0,0,0,0,0,0,-1.5091857020810966,-0.43809972663470464,0,0,1,0,0,1,1,0,0,0
0,0,0,0,1.4049547531963917,1,0,1,1,0,1,0,0,0,-0.14700174733503815,0.6887408302266709,1,0,0,0,1,0,0,1,0,0
1,0,1,1,-0.1825689055087738,1,0,0,0,1,0,1,0,0,0.680927355488693,-0.005013607293944489,0,1,0,1,0,0,0,0,1,0
1,0,0,0,-0.3453918448631497,1,1,0,1,1,0,0,0,1,0.6610172367835129,-0.1108703219868249,0,1,0,1,0,0,1,0,0,0
0,0,1,0,-1.2409180113122174,1,0,1,0,0,1,0,0,1,0.505054640259604,-0.9249923179191084,0,1,0,1,0,0,0,0,1,0
0,0,1,1,1.4456604880349857,1,1,1,1,1,1,0,1,1,0.44864263726159415,1.331235328135533,1,0,0,0,1,0,0,0,1,0
1,0,1,0,1.0386031396490458,1,1,1,1,1,0,1,1,1,0.7024966507526377,1.1367988034497505,1,0,0,0,0,1,0,0,1,0
0,0,1,0,-0.30468611002455576,1,1,0,0,1,1,1,1,1,1.32800621340704,0.11642964149929781,0,1,0,1,0,0,1,0,0,0
1,0,0,0,-0.9152721326034655,0,0,0,1,0,1,0,0,0,-0.9682941439237093,-0.839266380367118,1,0,0,1,0,0,0,0,1,0
0,0,1,1,0.9571916699718578,1,1,0,1,1,1,0,1,1,1.1554518512954808,1.4519980381159423,0,1,0,0,1,0,0,1,0,0
1,0,1,0,-0.06045170099299184,1,1,1,1,0,1,0,0,1,0.850163364482722,0.27591720521638124,0,1,0,1,0,0,0,1,0,0
0,0,0,1,1.2421318138420157,1,0,0,0,0,0,0,0,0,-1.5075265255223318,-0.47691239183109885,0,0,1,0,0,1,0,1,0,0
1,0,0,0,-0.4268033145403377,1,0,0,1,0,1,0,0,1,-0.32453363912289235,-0.4865936052652673,1,0,0,0,1,0,0,1,0,0
0,0,1,1,-1.0373893371192475,1,0,0,0,0,0,0,0,0,-1.469365464670737,-0.9515552844845139,0,0,1,0,1,0,0,0,0,1
0,1,0,0,0.30589991255435406,0,0,1,1,0,0,1,1,1,-0.3029643438589475,-0.08428540255648942,1,0,0,1,0,0,0,0,1,0
1,0,0,0,0.8757802002946699,1,1,0,1,0,0,0,0,1,0.4950995809070136,0.8811576913388851,0,1,0,1,0,0,1,0,0,0
0,0,0,0,0.428017117070136,1,1,0,0,0,0,0,0,1,-1.3017886322354726,-0.4887230331634857,0,0,1,0,0,1,0,1,0,0
0,0,1,0,-1.2002122764736234,1,1,0,1,0,0,0,1,1,0.881687719099257,-0.9037419446667841,0,1,0,1,0,0,0,1,0,0
0,1,0,0,-0.7524491932490895,1,0,1,1,0,0,0,0,0,0.4619160497317138,-0.5521229070815775,0,1,0,1,0,0,0,0,1,0
1,0,1,1,-1.2816237461508113,1,0,0,0,0,0,0,0,0,-1.5025489958460367,-1.0017834394445535,0,0,1,0,1,0,0,0,0,1
1,1,1,1,1.4456604880349857,1,1,0,1,1,0,0,0,1,0.6543805305484532,1.4850151469707937,0,1,0,1,0,0,0,0,1,0
1,0,1,1,1.2014260790034217,1,0,0,0,0,0,0,0,0,-1.4760021709057967,-0.44079992902110543,0,0,1,0,0,1,1,0,0,0
1,0,0,0,1.2421318138420157,1,1,0,1,0,0,0,1,0,0.8468450113651922,1.547317377642381,0,1,0,0,1,0,0,1,0,0
1,0,1,1,-0.1418631706701798,1,1,0,1,1,0,1,1,0,0.5033954637008385,-0.039303982314740644,1,0,0,1,0,0,0,1,0,0
0,0,1,1,-0.1418631706701798,1,0,0,0,0,0,1,1,1,0.7589086537506474,0.14068755724704415,0,1,0,1,0,0,0,1,0,0
0,0,0,0,-0.38609757970174374,0,0,0,0,0,0,1,1,1,-0.6630056571109506,-0.5727366472509294,1,0,0,1,0,0,0,0,1,0
0,0,0,1,-1.2409180113122174,1,1,1,0,0,0,0,0,0,0.5183280527297236,-0.9278242374950898,0,1,0,1,0,0,0,1,0,0
0,0,0,0,-0.9966836022806536,1,0,0,0,0,0,1,0,1,0.5000771105833088,-0.7361757266554286,0,1,0,1,0,0,1,0,0,0
0,0,1,0,0.14307697319997809,1,0,0,0,0,0,0,1,0,0.5133505230534289,0.2793857578753351,0,1,0,1,0,0,0,0,1,0
0,1,1,1,1.3642490183577978,1,1,0,1,1,0,1,1,1,1.326347036848275,2.0153305050869097,0,1,0,0,1,0,0,0,1,0
0,0,1,1,-0.6710377235719016,1,0,0,1,1,0,1,0,1,0.8136614801898924,-0.3824492140369336,0,1,0,1,0,0,0,1,0,0
1,0,0,1,-1.3223294809894055,1,1,1,1,0,1,0,0,1,-0.10054480368961842,-0.3968393169986058,1,0,0,0,0,1,1,0,0,0
1,1,1,1,1.3235432835192036,1,1,1,1,0,0,0,0,1,0.6908824148412829,1.487144574869012,0,1,0,1,0,0,0,0,1,0
0,1,0,0,0.6722515261016999,1,1,1,1,1,1,0,1,0,1.2632983276152052,1.2578469006742512,0,1,0,0,1,0,1,0,0,0
0,0,1,0,-0.9559778674420595,1,1,1,1,1,0,0,0,0,0.8899836018930819,-0.630275106232688,0,1,0,1,0,0,1,0,0,0
1,0,1,0,-0.1418631706701798,1,1,0,1,1,0,0,0,1,0.6925415914000478,0.06099865755082766,0,1,0,1,0,0,0,0,1,0
0,1,1,0,-1.2816237461508113,1,0,0,1,0,0,0,0,1,0.38061639835222955,-0.9768669377489045,0,1,0,1,0,0,0,0,0,1
0,1,0,0,-0.38609757970174374,1,0,0,1,0,0,1,1,1,0.9895341954189815,-0.0033890952891181174,0,1,0,1,0,0,0,0,1,0
0,0,1,0,1.6084834273893616,1,1,1,1,0,0,0,0,1,0.634470411843273,1.6468736201003265,0,1,0,0,0,1,1,0,0,0
1,0,0,0,1.3235432835192036,1,0,0,0,0,0,0,0,1,-1.5058673489635668,-0.4753537384210626,0,0,1,0,0,1,0,1,0,0
1,0,1,1,-0.9559778674420595,1,1,0,1,1,0,1,1,1,1.250024915145085,-0.6162472255423622,0,1,0,1,0,0,0,1,0,0
0,1,1,0,-0.22327464034736777,1,1,1,0,0,1,1,1,1,1.3064369181430948,0.24869565270307314,0,1,0,1,0,0,1,0,0,0
1,1,0,0,1.5677776925507676,0,0,1,1,0,0,1,1,1,-0.2813950485950024,0.739386089620382,1,0,0,0,1,0,0,0,1,0
0,0,1,1,-0.3453918448631497,1,0,0,0,0,0,0,0,1,-1.5008898192872717,-0.7934946569878862,0,0,1,0,0,1,0,0,0,1
1,1,1,0,1.2828375486806096,1,1,0,0,0,0,0,0,0,-1.3034478087942378,-0.2460999699561621,0,0,1,0,0,1,0,1,0,0
1,0,0,0,1.6084834273893616,0,0,1,0,1,1,1,1,1,-0.12377327551232817,0.9171603898242282,1,0,0,0,0,1,0,1,0,0
1,0,1,1,1.0386031396490458,1,1,0,0,0,0,1,0,0,0.5830359385215584,1.1093796751520717,0,1,0,0,0,1,1,0,0,0
1,0,1,0,-0.6303319887333076,0,0,0,0,1,1,1,1,0,-0.34278458126930716,-0.5999801526291676,1,0,0,0,1,0,0,0,1,0
1,0,0,0,-1.1188008067964355,1,0,0,0,0,0,1,0,1,0.5033954637008385,-0.8354246290043528,0,1,0,1,0,0,0,0,0,1
1,0,1,1,1.1607203441648277,1,0,1,1,1,1,0,0,1,0.10353391303847558,0.8152990965486235,1,0,0,0,0,1,1,0,0,0
0,1,1,0,1.4863662228735797,1,0,1,1,0,0,0,1,0,0.7423168881629976,1.6483225091857123,0,1,0,0,1,0,0,1,0,0
1,0,0,0,0.7129572609402939,1,1,1,1,1,1,1,1,0,1.6399314064548582,1.5322138065704811,0,1,0,0,1,0,0,1,0,0
0,0,1,1,0.5094285867473239,1,1,0,0,0,0,0,0,1,-1.3366313399695375,-0.4961431015098552,0,0,1,0,0,1,0,1,0,0
0,0,1,1,-0.9152721326034655,1,0,0,0,0,0,0,0,1,-1.497571466169742,-0.9240263918621846,0,0,1,1,0,0,1,0,0,0
1,0,1,0,-0.1418631706701798,1,1,1,1,0,0,0,0,1,0.6477438243133932,0.07278734601828445,0,1,0,1,0,0,0,0,1,0
0,1,1,0,1.3642490183577978,1,1,0,0,1,1,1,1,1,1.3611897445823398,2.052123506709736,0,1,0,0,1,0,0,1,0,0
0,0,1,0,-0.8338606629262776,1,0,0,0,0,0,0,0,1,-1.4892755833759168,-0.8942583070169864,0,0,1,0,0,1,0,0,1,0
0,0,0,0,1.0386031396490458,1,1,0,0,0,0,0,0,0,-1.3465863993221274,-0.3852591807479848,0,0,1,0,0,1,0,1,0,0
1,0,0,0,-0.9966836022806536,1,0,0,0,0,0,1,1,1,0.04380355692293595,-0.7704880545411548,1,0,0,1,0,0,0,0,1,0
1,0,1,1,0.8757802002946699,1,1,0,0,0,0,0,0,1,-1.3565414586747175,-0.4699752865131912,0,0,1,0,0,1,1,0,0,0
0,0,1,0,0.387311382231542,1,1,1,0,1,1,1,1,0,0.6444254711958629,0.5577261323239106,1,0,0,0,0,1,0,1,0,0
1,0,0,1,0.22448844287716607,1,1,0,0,1,0,1,1,1,1.1388600857078308,0.647974360051499,0,1,0,1,0,0,1,0,0,0
1,0,0,0,-0.8338606629262776,1,1,0,0,0,0,1,0,1,0.6477438243133932,-0.5452077546286,0,1,0,1,0,0,0,0,1,0
0,0,0,0,-0.7524491932490895,1,0,0,1,0,1,0,0,1,0.5017362871420736,-0.5220474821273581,0,1,0,1,0,0,0,1,0,0
0,0,1,1,1.4456604880349857,1,1,1,1,1,1,1,1,0,0.7655453599857075,1.6950162528920074,1,0,0,0,0,1,0,1,0,0
0,0,0,0,-0.9559778674420595,1,1,0,0,0,0,0,0,1,0.3955489873811141,-0.7190744448748907,0,1,0,1,0,0,0,0,1,0
1,0,1,1,-1.0780950719578415,1,0,0,1,0,0,0,1,1,0.6178786462556232,-0.800739102414815,0,1,0,1,0,0,0,1,0,0
1,0,1,0,1.4049547531963917,1,0,1,1,0,0,0,1,1,0.8518225410414869,1.648585943564873,0,1,0,0,1,0,0,1,0,0
0,1,1,0,0.7943687306174818,1,1,0,1,1,0,1,1,1,1.3794406867287545,1.457903358782136,0,1,0,0,1,0,0,0,1,0
1,0,1,0,0.30589991255435406,1,0,0,1,1,0,0,0,1,0.5000771105833088,0.38085189958219806,0,1,0,1,0,0,0,0,1,0
0,0,0,0,-1.2816237461508113,1,0,0,0,0,0,0,0,1,0.16658262227154547,-0.9796988573248858,0,1,0,1,0,0,0,0,0,1
1,0,0,0,-0.9152721326034655,1,0,0,0,0,1,1,1,1,1.0011484313303363,-0.6305824463417092,0,1,0,1,0,0,0,1,0,0
0,0,1,0,0.387311382231542,1,1,0,0,0,0,0,0,0,-1.3167212212643575,-0.5238476170516252,0,0,1,0,0,1,0,0,1,0
1,1,0,0,-0.5082147842175256,1,0,0,0,0,0,0,0,0,0.21138038935820005,-0.40047251614453516,0,1,0,1,0,0,0,1,0,0
1,0,0,0,0.5501343215859179,1,0,0,0,0,0,0,0,0,-1.4925939364934466,-0.612163992665366,0,0,1,0,0,1,0,0,1,0
1,0,0,0,-1.0373893371192475,1,1,0,0,0,0,1,1,0,1.0376503156231662,-0.7295459614465422,0,1,0,1,0,0,0,0,1,0
1,0,1,1,1.5270719577121736,1,1,0,0,0,0,0,0,0,-1.3200395743818876,-0.22443249227016598,0,0,1,0,0,1,0,1,0,0
0,1,0,0,1.3642490183577978,1,1,1,0,0,0,1,1,1,1.2433882089100254,1.8311020625936183,0,1,0,0,0,1,1,0,0,0
1,0,1,1,-0.6710377235719016,1,1,0,0,1,0,1,0,1,0.858459247276547,-0.37720247931864276,0,1,0,1,0,0,1,0,0,0
0,0,1,1,-0.4268033145403377,1,1,0,0,0,0,0,0,0,-1.3167212212643575,-0.7665584917186692,0,0,1,0,0,1,0,1,0,0
0,1,0,0,-1.2816237461508113,1,0,0,0,0,0,0,0,1,0.1566275629189556,-0.9798305745144662,0,1,0,1,0,0,0,0,1,0
0,1,1,0,-1.2002122764736234,0,0,0,1,0,0,0,0,1,-1.1342117998002084,-0.9740350181729234,1,0,0,1,0,0,0,0,1,0
0,1,0,0,-0.8745663977648716,1,1,1,0,0,0,0,0,1,-0.30960105009400735,-0.7554064363341849,1,0,0,1,0,0,0,0,1,0
0,0,0,0,-1.2409180113122174,1,0,0,0,0,0,0,0,1,-1.4909347599346818,-0.9924534718492664,0,0,1,1,0,0,0,0,0,1
1,0,0,0,-0.6303319887333076,1,0,1,0,0,0,1,1,0,0.9596690173612115,-0.2966574178901528,0,1,0,1,0,0,0,0,1,0
0,0,0,0,-1.2816237461508113,1,0,0,0,0,0,0,0,1,0.17156015194784016,-0.9796329987300956,0,1,0,1,0,0,0,0,1,0
1,0,0,0,-1.2816237461508113,1,0,0,0,0,0,0,0,0,-1.4842980536996218,-1.0015419579303226,0,0,1,1,0,0,0,0,0,1
1,0,0,1,-1.2816237461508113,1,0,0,0,0,0,0,0,0,-0.6945300117274855,-0.9910923942236011,1,0,0,1,0,0,0,0,1,0
0,0,0,0,1.2828375486806096,1,1,0,0,0,0,0,0,0,-1.3349721634107725,-0.2891495380840631,0,0,1,0,1,0,0,0,0,1
0,1,0,0,-1.2409180113122174,1,1,0,0,1,0,0,0,1,0.4519609903791239,-0.9447498963561869,0,1,0,1,0,0,0,0,1,0
1,1,1,0,-1.2816237461508113,1,1,1,0,0,0,0,0,1,0.5100321699358986,-0.9751546142843577,0,1,0,1,0,0,0,0,1,0
0,0,1,1,1.6084834273893616,0,0,1,0,1,0,1,1,1,-0.3693314062095472,0.7249411044963846,1,0,0,0,0,1,0,1,0,0
1,0,1,0,1.6084834273893616,1,1,1,1,1,1,1,1,1,1.726208587510638,2.7630231317407494,0,1,0,0,0,1,0,1,0,0
1,0,1,1,1.4049547531963917,1,0,1,0,1,1,0,1,0,0.0968972068034155,1.021392592512282,1,0,0,0,0,1,0,0,0,1
1,1,1,0,1.6084834273893616,1,1,0,0,1,0,1,1,1,0.2827249813850949,1.3293254288866152,1,0,0,0,0,1,0,1,0,0
0,1,1,0,1.3235432835192036,1,1,0,1,1,0,1,1,1,1.455762808431944,2.0991904491198428,0,1,0,1,0,0,1,0,0,0
0,0,0,1,1.6084834273893616,1,0,0,0,0,0,0,0,1,-1.4992306427285067,-0.32240812845314515,0,0,1,0,0,1,0,0,0,1
0,0,0,0,-0.5082147842175256,1,0,1,0,1,0,1,0,1,0.8120023036311275,-0.18886885108342472,0,1,0,1,0,0,1,0,0,0
1,1,1,0,-1.2409180113122174,1,1,0,0,0,0,1,0,1,0.7273842991341125,-0.9417643067256951,0,1,0,1,0,0,0,0,0,1
1,0,1,0,1.5270719577121736,1,1,1,1,1,0,1,0,1,1.1421784388253606,2.0386224947777323,0,1,0,0,0,1,0,1,0,0
1,0,1,1,1.4456604880349857,0,0,1,1,0,0,1,0,0,-0.6679831867872458,0.2995823936110153,1,0,0,0,1,0,0,0,0,1
1,1,1,0,0.6722515261016999,1,1,1,1,1,0,0,0,1,0.7721820662207676,0.8158259653069456,0,1,0,1,0,0,0,0,1,0
1,0,1,0,1.4456604880349857,0,0,1,0,1,0,1,1,1,-0.3593763468569571,0.6555920041822393,1,0,0,0,0,1,1,0,0,0
1,0,0,0,-0.10115743583158582,1,0,0,0,0,0,0,0,0,-1.5008898192872717,-0.7359781508710578,0,0,1,0,1,0,0,0,0,1
0,0,0,0,0.06166550352279012,1,0,1,1,0,0,0,1,0,-0.019245152310133944,-0.10900432846776748,1,0,0,0,1,0,0,0,1,0
0,0,1,1,1.0386031396490458,1,0,1,1,0,0,1,1,0,1.1388600857078308,1.5566034395078077,0,1,0,0,1,0,0,1,0,0
1,0,0,1,-0.8338606629262776,1,0,0,0,0,0,0,0,0,-1.456092052200617,-0.9068812043517864,0,0,1,1,0,0,0,1,0,0
1,0,0,0,-0.5489205190561197,1,0,0,0,1,1,0,0,1,-0.3295111687991873,-0.5509374523753529,1,0,0,1,0,0,0,1,0,0
0,0,0,0,-0.3453918448631497,1,1,0,0,0,1,0,1,1,0.8169798333074222,-0.018426807766227845,0,1,0,1,0,0,0,0,1,0
1,0,1,0,-0.4268033145403377,1,0,0,0,1,0,1,1,1,0.9878750188602166,-0.16966009426959844,0,1,0,1,0,0,0,1,0,0
1,1,1,0,1.0793088744876398,1,1,0,0,0,0,1,1,1,0.9596690173612115,1.4372237600179938,0,1,0,1,0,0,1,0,0,0
1,0,0,0,-0.4268033145403377,1,1,0,0,0,0,0,0,0,-1.3167212212643575,-0.7616849557041898,0,0,1,0,0,1,0,0,0,1
1,0,1,0,0.9571916699718578,0,0,0,0,1,1,1,1,1,-0.3610355234157222,0.2891108770393638,1,0,0,0,1,0,1,0,0,0
0,1,0,0,-0.019745966154397852,1,0,0,0,0,0,1,1,0,0.8634367769528422,0.26195518312084576,0,1,0,1,0,0,0,0,1,0
1,0,0,0,-1.2816237461508113,1,0,0,0,0,0,0,0,0,-1.5174815848749215,-1.0019810152289244,0,0,1,1,0,0,0,0,1,0
1,0,1,1,1.6084834273893616,1,1,1,0,1,0,1,1,1,1.3661672742586346,2.435530292713709,0,1,0,0,1,0,1,0,0,0
1,0,1,0,1.5270719577121736,1,1,0,1,1,1,1,0,0,0.3706613389996392,1.3008964688021523,1,0,0,0,0,1,0,1,0,0
0,0,0,0,-0.5896262538947137,1,1,0,0,0,1,1,1,1,1.1587702044130104,-0.230228048611709,0,1,0,1,0,0,1,0,0,0
1,0,1,0,1.5270719577121736,1,1,1,1,1,1,1,0,0,0.47187110908430413,1.420429818346477,1,0,0,0,0,1,0,0,0,1
1,0,1,1,1.3642490183577978,1,0,1,1,1,1,1,0,1,0.3374778078243394,1.190583322528464,1,0,0,0,1,0,0,0,1,0
0,0,1,1,0.7536629957788878,0,0,1,0,0,1,0,0,0,-1.0197286172454239,-0.22801080925377024,1,0,0,0,0,1,1,0,0,0
1,0,1,1,-1.0780950719578415,1,0,0,0,0,0,0,0,0,-1.4959122896109767,-0.9494478094512256,0,0,1,1,0,0,0,1,0,0
1,1,0,0,-1.2409180113122174,1,1,0,0,0,0,1,1,1,0.9596690173612115,-0.9240263918621846,0,1,0,1,0,0,0,0,1,0
1,0,0,0,1.4049547531963917,1,0,0,0,0,1,0,0,0,-0.4771778825292717,0.4209597838094673,1,0,0,0,0,1,1,0,0,0
0,0,0,0,-1.2002122764736234,1,0,1,1,0,0,0,0,0,-0.3178969328878323,-0.9378786496330698,1,0,0,1,0,0,0,0,1,0
1,0,0,0,1.5677776925507676,1,0,0,0,0,0,0,0,1,-1.4942531130522119,-0.4154443700268547,0,0,1,0,0,1,0,1,0,0
1,0,0,0,-0.6303319887333076,1,0,1,1,0,0,0,0,0,-0.29300928450635744,-0.5946456064511564,1,0,0,0,1,0,0,0,0,1
1,0,0,0,0.5094285867473239,1,1,0,1,0,0,1,1,1,1.1919537355883103,1.070720680010188,0,1,0,1,0,0,0,1,0,0
0,0,1,1,-0.9966836022806536,1,0,0,0,0,0,0,0,1,-1.4992306427285067,-0.9467476070648249,0,0,1,0,1,0,0,0,0,1
0,0,1,0,1.5677776925507676,1,1,1,1,1,1,1,1,0,0.6908824148412829,1.7221938996754556,1,0,0,0,0,1,0,1,0,0
0,0,1,0,1.4456604880349857,1,1,0,1,1,0,0,0,0,0.7141108866639929,1.519854343614842,0,1,0,0,1,0,0,1,0,0
0,0,0,0,-1.2409180113122174,1,0,0,0,0,0,1,0,1,0.5216464058472539,-0.9471208057686363,0,1,0,1,0,0,0,0,1,0
0,0,0,0,0.18378270803857208,1,0,0,0,0,0,0,0,0,-1.497571466169742,-0.6533256144092795,0,0,1,0,0,1,0,0,0,1
1,0,1,0,-0.06045170099299184,1,1,0,0,1,0,1,0,0,0.7871146552496526,0.16766762824612125,0,1,0,1,0,0,0,1,0,0
1,1,0,0,1.2828375486806096,1,1,1,1,0,0,1,1,1,1.2798900932028552,1.864821663126232,0,1,0,1,0,0,1,0,0,0
0,0,0,0,0.7943687306174818,1,1,0,0,1,1,1,1,1,0.5316014651998437,0.8485357340527755,1,0,0,0,0,1,1,0,0,0
1,1,0,0,0.8757802002946699,1,0,0,0,1,1,0,1,0,0.010620025747636104,0.5394393958371478,1,0,0,0,1,0,1,0,0,0
0,1,1,0,0.387311382231542,1,0,1,0,0,0,0,0,1,0.30595345320780487,0.40748072474239383,0,1,0,1,0,0,0,1,0,0
1,0,0,0,-0.22327464034736777,1,0,0,0,0,0,0,0,1,-1.5108448786398618,-0.7777983585628739,0,0,1,1,0,0,0,0,1,0
0,1,0,0,-1.1188008067964355,1,0,1,1,0,0,0,0,0,0.5233055824060188,-0.8458522398461442,0,1,0,1,0,0,0,0,1,0
1,0,1,0,1.5677776925507676,1,1,0,1,1,1,1,1,0,0.6394479415195682,1.6049875538137202,1,0,0,0,0,1,0,1,0,0
1,0,0,0,-1.0373893371192475,1,1,0,0,1,0,1,0,1,0.8103431270723621,-0.732992561240566,0,1,0,1,0,0,0,1,0,0
0,0,0,0,-1.1595065416350294,0,0,1,0,0,0,0,0,1,-1.1873054496806883,-0.9620926596509558,1,0,0,1,0,0,0,0,0,1
1,0,0,0,-0.9559778674420595,1,1,0,0,0,0,0,1,0,-0.1669118660402181,-0.7722662366004919,1,0,0,1,0,0,0,0,0,1
0,0,1,1,1.6084834273893616,1,0,1,1,1,1,1,1,1,1.4507852787556494,2.381899443689506,0,1,0,0,0,1,1,0,0,0
0,0,1,0,1.2014260790034217,1,1,1,1,0,1,1,1,1,0.6643355899010431,1.250975653951134,1,0,0,0,0,1,0,0,1,0
1,0,1,1,1.5677776925507676,1,1,0,0,0,0,0,0,0,-1.3615189883510124,-0.29632812491620153,0,0,1,0,0,1,0,1,0,0
1,0,0,0,-0.7524491932490895,1,1,0,0,0,1,1,0,1,0.8302532457775423,-0.49302579468978275,0,1,0,1,0,0,0,0,1,0
0,0,1,0,-1.2409180113122174,1,0,0,0,0,0,0,0,1,0.17985603474166512,-0.957614275205218,0,1,0,1,0,0,0,0,1,0
0,0,0,0,0.631545791263106,1,1,0,0,1,1,1,1,1,1.2915043291142099,1.1611884363870775,0,1,0,1,0,0,0,0,1,0
0,0,0,0,1.6084834273893616,1,1,1,1,1,1,1,1,1,1.5868377565743785,2.586609909162569,0,1,0,0,0,1,0,1,0,0
1,0,1,1,-0.5489205190561197,0,0,1,1,0,0,0,0,1,-0.994840968863949,-0.7424981517552937,1,0,0,1,0,0,0,0,0,1
0,0,1,0,-0.5896262538947137,1,0,0,0,0,1,0,0,1,-0.48547376532309666,-0.6114175952577431,1,0,0,1,0,0,0,0,0,1
0,0,0,0,0.8757802002946699,1,0,1,0,1,1,1,1,0,0.5199872292884885,0.8775135157604906,1,0,0,0,0,1,0,0,1,0
0,0,0,0,0.020959768684196134,1,1,0,1,1,0,1,1,0,1.4142833944628193,0.5901724666905794,0,1,0,1,0,0,0,0,1,0
1,0,0,0,-1.0780950719578415,1,0,1,0,1,1,1,1,0,0.45527934349665417,-0.798214522947855,1,0,0,1,0,0,0,1,0,0
0,0,1,0,0.9978974048104517,0,0,1,0,1,1,0,1,1,-0.49874717779321653,0.21122211226741436,1,0,0,1,0,0,1,0,0,0
1,0,0,0,-0.6303319887333076,1,0,0,0,0,0,0,0,1,-1.4743429943470319,-0.8498037555335599,0,0,1,0,1,0,0,0,0,1
0,0,0,0,-1.2816237461508113,1,0,0,1,0,0,0,0,1,0.3109309828840996,-0.9777889580759681,0,1,0,1,0,0,0,1,0,0
0,0,1,1,-1.2816237461508113,1,0,0,0,0,0,0,0,0,-1.4793205240233267,-1.0014760993355323,0,0,1,0,0,1,0,0,0,1
1,0,0,1,0.9978974048104517,1,0,0,0,0,0,0,0,1,-1.5042081724048018,-0.49647239448380653,0,0,1,0,0,1,0,0,0,1
1,0,0,0,-1.2816237461508113,1,0,0,0,0,0,0,0,0,-1.5008898192872717,-1.0017614865796234,0,0,1,1,0,0,0,0,0,1
0,0,1,1,0.26519417771576004,1,1,0,1,1,1,0,0,1,0.8169798333074222,0.5150717157647511,0,1,0,0,1,0,0,0,1,0
1,0,0,0,0.020959768684196134,1,0,0,0,0,0,0,0,0,0.11017061927353564,-0.057151661502901574,0,1,0,1,0,0,0,0,1,0
1,0,1,1,1.1200146093262338,1,1,1,0,1,0,1,0,1,1.0111034906829266,1.5413901041112574,0,1,0,0,1,0,1,0,0,0
1,1,1,0,-0.3453918448631497,1,0,0,0,1,0,1,1,1,0.9364405455385019,-0.030852129316657075,0,1,0,1,0,0,0,0,1,0
1,0,0,0,0.020959768684196134,1,1,1,0,0,0,0,0,0,0.5033954637008385,0.13258695008784208,0,1,0,0,1,0,1,0,0,0
0,1,1,0,1.5270719577121736,1,1,0,1,0,1,1,1,1,1.3479163321122196,2.14876001813198,0,1,0,0,1,0,1,0,0,0
1,0,1,0,0.14307697319997809,1,1,0,0,0,0,1,1,1,0.9978300782128064,0.5000559561525715,0,1,0,1,0,0,1,0,0,0
0,0,1,0,1.6084834273893616,1,1,0,1,1,1,1,1,1,1.4458077490793544,2.50371589118656,0,1,0,0,1,0,1,0,0,0
0,1,0,0,-1.2816237461508113,1,0,0,0,0,0,1,0,1,0.473530285643069,-0.9756375773128197,0,1,0,1,0,0,0,0,1,0
1,0,0,0,-1.2002122764736234,1,0,1,0,0,0,0,0,1,-0.49045129499939155,-0.9397885488819873,1,0,0,1,0,0,0,0,0,1
0,0,1,1,-1.2816237461508113,1,0,0,0,0,0,0,0,0,-1.4909347599346818,-1.001629769390043,0,0,1,1,0,0,0,0,1,0
0,1,1,0,0.9571916699718578,1,1,0,0,0,1,0,0,1,0.3955489873811141,0.8668883291343285,0,1,0,1,0,0,1,0,0,0
1,0,1,0,1.3642490183577978,1,1,0,1,1,0,0,1,0,1.0077851375653963,1.743971141686102,0,1,0,0,1,0,0,0,1,0
1,1,0,0,0.9978974048104517,1,1,0,1,0,1,1,1,1,1.326347036848275,1.5861519957037051,0,1,0,1,0,0,1,0,0,0
0,1,0,0,1.2014260790034217,1,1,0,0,0,0,1,0,0,0.6477438243133932,1.16694008699876,0,1,0,0,1,0,0,0,1,0
1,0,0,0,-1.0373893371192475,1,0,0,0,0,0,0,0,1,-1.5108448786398618,-0.9363639019528937,0,0,1,1,0,0,0,0,0,1
0,0,0,0,-0.3453918448631497,0,0,0,1,1,0,1,1,1,-0.3577171702981922,-0.46587010077126495,1,0,0,1,0,0,0,1,0,0
1,0,1,0,1.1200146093262338,1,0,0,0,0,0,0,0,0,-1.4925939364934466,-0.4580109751262937,0,0,1,0,0,1,0,0,0,1
0,0,1,1,1.2421318138420157,1,0,1,1,1,1,0,0,0,-0.045791977250373726,0.7520528926850423,1,0,0,0,0,1,0,0,0,1
0,0,1,0,0.9164859351332638,1,1,0,1,1,0,1,1,1,1.2848676228791502,1.4819636987455114,0,1,0,1,0,0,0,1,0,0
1,0,1,1,1.4456604880349857,1,1,1,1,1,0,1,1,1,1.5022197520773641,2.2682494619464446,0,1,0,0,0,1,0,0,1,0
1,1,1,0,-0.38609757970174374,1,0,0,0,0,0,0,0,1,-1.466047111553207,-0.7973803140805116,0,0,1,0,1,0,0,0,1,0
1,0,0,1,-0.1825689055087738,1,0,1,0,0,0,0,0,1,0.33084110158927976,-0.10219894033944045,0,1,0,1,0,0,1,0,0,0
0,0,1,0,1.5677776925507676,1,0,1,1,1,1,1,1,1,0.6460846477546283,1.6104538171813119,1,0,0,0,0,1,0,1,0,0
1,1,0,0,1.2828375486806096,1,0,0,0,0,0,0,0,1,-1.4892755833759168,-0.4843983187722586,0,0,1,0,0,1,1,0,0,0
0,0,0,0,-0.5896262538947137,1,0,0,1,1,0,0,0,0,0.427073341997649,-0.4139076694817486,0,1,0,1,0,0,0,0,1,0
0,0,0,0,-1.0780950719578415,1,1,0,1,0,0,1,0,1,0.8236165395424823,-0.767765899289824,0,1,0,1,0,0,0,0,1,0
1,1,0,0,-0.9559778674420595,1,1,0,0,0,0,0,1,1,0.667653943018573,-0.682654641955876,0,1,0,1,0,0,0,0,1,0
0,0,0,0,-0.5896262538947137,1,1,0,0,0,1,0,1,1,0.8352307754538371,-0.3023212570421154,0,1,0,1,0,0,0,0,1,0
0,0,0,0,1.0793088744876398,1,1,1,1,1,1,0,1,0,0.4950995809070136,1.0909612214757287,1,0,0,0,1,0,0,1,0,0
1,0,0,0,-1.2816237461508113,1,0,0,0,0,0,0,0,1,-1.4842980536996218,-1.0015419579303226,0,0,1,1,0,0,0,0,0,1
0,0,1,1,1.5677776925507676,1,1,1,0,1,1,0,1,0,1.1786803231181906,2.1331076254368275,0,1,0,0,0,1,0,0,1,0
0,0,0,0,-0.8338606629262776,1,0,0,0,0,0,0,1,0,0.4370284013502389,-0.5944919363966459,0,1,0,1,0,0,1,0,0,0
1,0,1,0,-0.6303319887333076,1,0,0,0,1,0,1,1,1,1.0525829046520514,-0.3130781608578581,0,1,0,0,1,0,1,0,0,0
1,1,1,0,0.22448844287716607,0,0,0,0,0,0,0,0,1,-1.3299946337344775,-0.590781902223461,1,0,0,1,0,0,0,0,1,0
1,0,1,1,-0.4268033145403377,1,0,0,0,0,0,0,0,0,-1.4859572302583868,-0.8260507556792055,0,0,1,0,1,0,0,0,0,1
0,0,0,0,-1.0373893371192475,1,0,0,0,0,0,0,0,0,-1.5141632317573919,-0.9467695599297551,0,0,1,1,0,0,0,0,0,1
0,0,1,1,1.5677776925507676,1,1,1,1,1,1,0,0,0,0.20474368312314,1.2836415169671036,1,0,0,0,0,1,0,0,0,1
0,0,0,0,0.428017117070136,1,0,0,1,1,0,1,0,1,0.8866652487755522,0.7256655490390775,0,1,0,1,0,0,0,0,1,0
1,0,0,0,-0.6303319887333076,0,0,0,0,0,0,0,0,0,-1.3216987509406526,-0.8423397814573302,1,0,0,1,0,0,0,1,0,0
0,1,1,0,-1.0780950719578415,1,1,0,0,0,0,0,1,1,0.6444254711958629,-0.8019026042561096,0,1,0,1,0,0,0,0,1,0
0,0,0,0,-0.9559778674420595,1,0,0,0,0,0,1,1,1,0.7788187724558276,-0.6641703296847427,0,1,0,1,0,0,0,0,0,1
1,0,0,0,1.2828375486806096,1,1,0,1,0,1,1,1,1,1.3512346852297499,2.02044552261562,0,1,0,0,1,0,0,1,0,0
1,0,1,0,1.6084834273893616,1,0,1,1,0,1,1,1,1,0.4785078153193637,1.515595487818405,1,0,0,0,0,1,1,0,0,0
0,0,1,0,-0.1825689055087738,1,0,0,1,1,0,0,1,0,0.8285940692187774,0.05803502078526589,0,1,0,1,0,0,0,1,0,0
1,0,0,0,-1.1188008067964355,1,0,0,0,0,0,1,0,1,0.5199872292884885,-0.8279606549281231,0,1,0,1,0,0,0,0,1,0
1,0,0,0,1.6084834273893616,1,1,1,0,1,1,1,1,0,0.642766294637098,1.6226596100824404,1,0,0,0,0,1,0,1,0,0
0,0,0,0,-1.2816237461508113,1,0,0,0,0,0,0,0,0,-1.5058673489635668,-1.0018273451744135,0,0,1,1,0,0,0,0,0,1
1,1,1,0,0.7536629957788878,0,0,0,1,0,0,0,0,1,-1.1773503903280982,-0.3696726466476229,1,0,0,1,0,0,0,1,0,0
1,0,0,0,0.1023712383613841,1,1,0,0,1,1,1,0,0,1.0144218438004564,0.490374742718403,0,1,0,1,0,0,0,0,1,0
0,0,0,0,-1.2409180113122174,1,0,0,0,0,0,1,0,1,0.5067138168183688,-0.946286596901293,0,1,0,1,0,0,0,0,1,0
0,0,0,0,-0.9152721326034655,1,0,0,0,0,0,0,0,0,-0.6530505977583607,-0.8221870514515102,1,0,0,1,0,0,0,0,0,1
1,0,1,1,-0.10115743583158582,1,0,0,1,1,0,0,0,0,0.5681033494926734,0.1180541535041242,0,1,0,1,0,0,1,0,0,0
0,0,1,1,0.428017117070136,1,0,0,1,0,0,0,0,0,-0.4887921184406264,-0.057920011775454625,1,0,0,1,0,0,0,0,0,1
0,0,0,0,0.1023712383613841,1,1,0,0,1,0,1,1,1,1.1720436168831305,0.5384076111854338,0,1,0,1,0,0,0,0,1,0
0,0,0,0,-0.22327464034736777,1,0,0,0,0,0,0,0,0,-1.5191407614336867,-0.7902895387080935,0,0,1,0,1,0,0,0,0,1
0,0,0,0,0.8350744654560759,1,1,1,1,1,0,0,0,0,0.858459247276547,1.150277862516824,0,1,0,1,0,0,0,0,1,0
1,1,1,0,-0.22327464034736777,1,0,0,0,0,0,0,0,1,0.18649274097672516,-0.15692743261014785,0,1,0,1,0,0,0,0,1,0
0,0,1,0,1.6084834273893616,1,1,0,1,1,1,1,1,1,1.4706953974608292,2.5502559648383447,0,1,0,0,1,0,0,0,1,0
1,0,0,0,-1.2002122764736234,0,0,0,0,0,0,0,0,0,-1.3333129868520075,-0.9810160292206911,1,0,0,1,0,0,0,0,1,0
0,0,0,0,0.5094285867473239,1,1,0,0,1,1,0,0,1,0.7406577116042327,0.7202212385364158,0,1,0,1,0,0,0,0,1,0
0,0,1,1,1.4049547531963917,1,1,0,1,0,1,1,0,0,0.9679649001550363,1.7568794262649934,0,1,0,0,0,1,0,1,0,0
0,0,1,0,0.6722515261016999,1,0,0,1,1,0,1,1,0,1.1438376153841259,1.195852010111685,0,1,0,1,0,0,0,0,1,0
1,0,0,0,-1.2409180113122174,1,0,0,0,0,0,0,0,1,-1.5025489958460367,-0.9967123276457034,0,0,1,1,0,0,0,0,1,0
1,0,0,0,-1.2816237461508113,1,0,0,0,0,0,0,0,1,-0.6580281274346557,-0.9906094311951391,1,0,0,1,0,0,1,0,0,0
1,0,0,1,0.22448844287716607,1,1,0,1,0,0,0,0,1,0.5614666432576133,0.3689753996550208,0,1,0,1,0,0,0,0,0,1
0,0,0,0,-1.2002122764736234,1,0,0,1,0,0,1,1,1,1.0011484313303363,-0.8754447017719017,0,1,0,1,0,0,0,0,1,0
1,0,0,0,-0.7931549280876836,0,0,1,0,0,1,1,0,1,-0.6430955384057709,-0.7482937080968367,1,0,0,1,0,0,0,1,0,0
0,0,1,0,-0.30468611002455576,1,0,0,0,0,1,1,1,1,1.0028076078891015,0.04143865489811989,0,1,0,1,0,0,0,0,1,0
0,0,1,0,0.7129572609402939,1,1,1,0,1,0,1,1,1,1.309755271260625,1.2871320224909875,0,1,0,0,1,0,0,0,0,1
1,0,1,1,-1.2409180113122174,1,0,1,1,0,1,0,0,0,-0.180185278510338,-0.9531139378945502,1,0,0,0,0,1,0,0,0,1
1,1,0,0,-0.6710377235719016,1,1,0,0,0,0,1,0,1,0.7190884163402875,-0.4479785158532439,0,1,0,1,0,0,0,0,1,0
0,1,1,0,1.1200146093262338,1,0,1,1,1,1,1,1,1,1.495583045842304,1.917376821768861,0,1,0,0,0,1,1,0,0,0
1,0,1,1,1.4456604880349857,1,0,0,1,1,1,1,1,0,1.3545530383472797,2.2045861536491915,0,1,0,0,1,0,0,1,0,0
0,1,0,0,0.428017117070136,0,0,1,1,0,0,0,0,1,-1.044616265626899,-0.3517152031348116,1,0,0,1,0,0,0,1,0,0
1,0,1,1,-0.6303319887333076,1,1,0,1,1,1,0,0,1,0.05873614595182097,-0.5375242519030695,1,0,0,1,0,0,0,0,0,1
0,0,1,0,0.9571916699718578,1,0,1,0,1,0,0,0,0,0.5100321699358986,0.9713400604716832,0,1,0,0,0,1,1,0,0,0
0,0,1,1,-1.2816237461508113,0,0,0,0,0,1,1,0,0,-0.8239457833111549,-0.9928047176881478,1,0,0,1,0,0,0,0,1,0
0,0,1,1,1.6084834273893616,1,1,1,1,1,1,1,1,1,1.7859389436261777,2.797291553896616,0,1,0,0,0,1,1,0,0,0
0,0,0,0,-0.7117434584104956,1,0,0,0,0,0,0,0,0,-1.4942531130522119,-0.8697150040251489,0,0,1,1,0,0,0,0,0,1
1,0,0,1,-0.10115743583158582,1,1,0,0,0,0,0,0,0,-1.3134028681468275,-0.6928407712834365,0,0,1,0,1,0,1,0,0,0
0,0,1,1,-0.4268033145403377,0,0,0,1,0,0,1,0,0,-0.8538109613689248,-0.6372561172804556,1,0,0,1,0,0,0,0,1,0
0,0,0,0,0.631545791263106,1,0,1,0,1,1,1,1,1,1.2467065620275553,1.1428358413055244,0,1,0,0,0,1,0,1,0,0
0,1,1,0,-1.1188008067964355,1,0,0,0,0,0,0,0,1,0.14667250356636527,-0.8604289421597221,0,1,0,1,0,0,0,0,1,0
0,0,0,1,-0.5489205190561197,1,0,0,0,0,0,0,0,0,-1.4743429943470319,-0.8354246290043528,0,0,1,0,0,1,0,0,0,1
0,0,0,0,-0.1825689055087738,1,0,1,0,0,1,0,0,0,-0.3527396406218973,-0.33149661453420126,1,0,0,0,1,0,0,0,0,1
1,0,0,0,0.8757802002946699,1,0,1,1,0,0,1,0,1,0.012279202306401001,0.5319534688959883,1,0,0,0,0,1,1,0,0,0
1,1,0,0,-0.3453918448631497,1,0,0,0,0,0,0,0,0,0.16824179883031035,-0.2497002398046964,0,1,0,1,0,0,0,1,0,0
1,0,0,1,0.26519417771576004,1,0,0,0,0,0,0,0,0,-1.5125040551986266,-0.668297468291599,0,0,1,0,1,0,1,0,0,0
0,0,1,1,-0.1825689055087738,1,0,0,0,0,0,0,0,1,-1.5058673489635668,-0.7716515563824494,0,0,1,1,0,0,1,0,0,0
0,1,0,0,-0.5896262538947137,1,0,0,1,0,0,0,0,1,0.2860433345026247,-0.4135344707779371,0,1,0,1,0,0,0,0,1,0
1,0,1,0,0.020959768684196134,1,1,0,1,1,0,0,1,1,0.9430772517735615,0.3471542519145142,0,1,0,1,0,0,0,0,1,0
0,0,0,0,0.428017117070136,1,1,0,1,1,1,1,1,0,0.6693131195773377,0.5975266764421586,1,0,0,0,1,0,0,1,0,0
0,0,1,1,1.5677776925507676,1,0,1,0,1,0,1,1,0,0.4187774592038241,1.4370481370985533,1,0,0,0,0,1,0,1,0,0
0,0,1,0,-0.8745663977648716,1,0,0,0,0,0,0,0,1,-0.6928708351687206,-0.7980389000284143,1,0,0,1,0,0,0,0,1,0
1,0,0,0,-0.6710377235719016,1,0,0,0,0,1,0,0,1,-0.5136797668221014,-0.6596041337792844,1,0,0,1,0,0,0,0,0,1
0,0,0,0,-1.2002122764736234,1,1,0,0,0,0,0,0,0,0.3706613389996392,-0.8973097552422686,0,1,0,1,0,0,0,0,1,0
1,0,1,0,1.2421318138420157,1,1,0,1,0,1,0,1,0,0.07698708809823579,0.8486235455124957,1,0,0,0,0,1,0,0,0,1
0,0,1,1,-0.5896262538947137,1,0,0,0,0,0,0,0,1,-1.4826388771408567,-0.8339318341891068,0,0,1,1,0,0,0,0,0,1
0,0,1,1,1.2828375486806096,1,1,0,1,1,1,1,1,1,1.543699166046489,2.1801965207118648,0,1,0,0,1,0,0,0,1,0
1,0,0,0,0.8350744654560759,0,0,0,0,1,1,1,1,0,-0.33282952191671733,0.3268478518541836,1,0,0,0,1,0,0,1,0,0
0,0,0,0,0.590840056424512,1,0,0,0,0,0,0,0,0,-1.4859572302583868,-0.5510691695649333,0,0,1,0,0,1,0,0,0,1
1,0,1,1,-0.3453918448631497,1,0,1,1,0,1,0,1,1,0.1781968581829002,-0.261181588163132,1,0,0,1,0,0,0,1,0,0
1,1,1,1,-0.4268033145403377,0,0,1,0,0,0,0,1,0,-0.82560495986992,-0.6239526811328228,1,0,0,1,0,0,0,0,0,1
1,0,1,1,-1.2816237461508113,1,0,0,0,0,0,0,0,0,-1.4942531130522119,-1.001673675119903,0,0,1,1,0,0,0,0,0,1
0,0,0,0,-0.8338606629262776,1,0,1,0,0,1,1,1,1,1.127245849796476,-0.518249636494453,0,1,0,1,0,0,1,0,0,0
1,0,0,0,0.428017117070136,1,0,1,0,0,0,0,0,1,0.34079616094186965,0.39395775994546006,0,1,0,1,0,0,0,0,1,0
1,0,0,0,-0.5082147842175256,1,1,0,0,1,0,1,0,1,0.7887738318084175,-0.23703343674003605,0,1,0,1,0,0,0,0,1,0
1,1,0,0,-0.3453918448631497,1,1,0,1,0,0,1,1,1,1.2052271480584305,0.060954751820967525,0,1,0,1,0,0,0,0,1,0
0,0,0,1,0.631545791263106,1,0,0,0,0,0,0,0,0,-1.4925939364934466,-0.5991459437618243,0,0,1,0,1,0,0,0,0,1
0,0,1,1,1.2014260790034217,1,0,1,0,1,1,1,0,1,0.19312944721178524,0.861487924361527,1,0,0,0,1,0,1,0,0,0
0,0,0,1,-0.6303319887333076,1,1,0,0,1,0,0,0,1,-0.30130516730018236,-0.5987946979229429,1,0,0,0,1,0,0,0,0,1
1,0,1,1,-0.38609757970174374,0,0,0,0,0,1,0,0,1,-1.1474852122703283,-0.7124007739361441,1,0,0,1,0,0,1,0,0,0
0,0,0,0,1.3642490183577978,1,1,0,0,1,0,1,0,1,0.903257014363202,1.6489152365388244,0,1,0,0,1,0,1,0,0,0
0,0,1,1,0.9571916699718578,1,1,0,0,0,0,0,0,1,-1.3266762806169474,-0.36547964944597616,0,0,1,0,0,1,0,1,0,0
0,0,1,0,-0.5082147842175256,1,1,1,0,0,0,0,0,0,0.5797175854040286,-0.311278025933591,0,1,0,1,0,0,0,0,1,0
1,0,1,1,-1.3223294809894055,1,0,0,0,0,0,0,0,0,-1.4959122896109767,-0.3968393169986058,0,0,1,0,0,1,0,0,0,1
0,0,0,0,-1.0373893371192475,1,0,0,0,0,0,0,1,1,0.4768486387605988,-0.7807180895985755,0,1,0,1,0,0,0,0,1,0
1,0,0,0,-0.9152721326034655,1,0,0,0,0,0,0,0,1,-0.634799655611946,-0.818894121711997,1,0,0,1,0,0,0,1,0,0
1,0,0,0,-0.30468611002455576,1,0,1,1,0,1,1,1,1,0.46689357940800896,-0.17532393342156097,1,0,0,1,0,0,0,0,0,1
1,1,0,0,-0.5489205190561197,1,1,0,1,0,0,1,0,1,0.7721820662207676,-0.23073296450510106,0,1,0,1,0,0,0,0,1,0
1,0,0,0,-1.2816237461508113,1,1,0,1,0,0,0,0,0,-0.3527396406218973,-0.9865701040480029,1,0,0,1,0,0,0,0,1,0
0,0,1,1,0.06166550352279012,1,1,0,0,0,0,0,0,0,-1.3266762806169474,-0.6177619732225382,0,0,1,0,0,1,0,1,0,0
0,0,0,0,-0.7117434584104956,1,1,0,1,0,0,0,0,1,0.4917812277894838,-0.5222450579117289,0,1,0,1,0,0,0,0,1,0
1,0,1,1,1.6084834273893616,1,1,1,1,1,1,1,1,0,1.6465681126899183,2.6364209596889365,0,1,0,0,0,1,1,0,0,0
0,0,1,1,0.8757802002946699,1,1,1,0,0,1,0,0,0,-0.16359351292268806,0.4270407273951014,1,0,0,0,0,1,1,0,0,0
0,0,1,0,0.9164859351332638,1,0,1,1,0,1,0,0,0,-0.2697808126836477,0.3559573507514793,1,0,0,0,0,1,0,0,0,1
0,0,0,0,-0.38609757970174374,1,1,0,1,0,0,1,1,1,1.1206091435614158,-0.02292714507689572,0,1,0,1,0,0,0,1,0,0
0,1,1,0,1.4456604880349857,1,1,0,1,0,0,1,1,1,1.1703844403243657,1.9978560246025603,0,1,0,1,0,0,0,0,1,0
0,0,0,0,-0.1418631706701798,1,1,0,0,0,0,0,0,1,0.3673429858821094,-0.037789234634564704,0,1,0,1,0,0,0,1,0,0
0,0,1,1,0.30589991255435406,1,0,0,0,0,0,0,0,0,-1.4859572302583868,-0.6691097242940122,0,0,1,0,0,1,1,0,0,0
0,0,1,1,-0.8338606629262776,1,1,0,1,1,0,0,0,1,0.6494030008721581,-0.6078392782741388,0,1,0,1,0,0,0,0,1,0
1,0,0,0,-1.1188008067964355,1,1,0,1,1,0,0,1,0,1.0492645515345211,-0.7908383603313457,0,1,0,1,0,0,0,0,1,0
0,0,0,0,-0.9559778674420595,0,0,1,0,1,1,1,1,0,-0.21336880968563784,-0.7733858327119264,1,0,0,1,0,0,0,0,0,1
1,0,0,0,1.2421318138420157,1,1,1,1,1,1,1,0,0,1.313073624378155,1.8833279282622957,0,1,0,0,1,0,0,1,0,0
1,0,0,0,-1.2816237461508113,1,0,1,0,0,0,0,0,0,-0.4539494107065617,-0.9879092288087384,1,0,0,1,0,0,0,0,0,1
0,1,1,0,0.428017117070136,0,0,0,1,1,0,1,1,0,-0.3112602266527725,0.017949089422926594,1,0,0,1,0,0,0,1,0,0
0,0,1,0,1.5677776925507676,1,1,0,1,1,1,1,1,0,1.4706953974608292,2.373711025070583,0,1,0,0,0,1,0,0,1,0
1,0,0,0,-1.2409180113122174,1,0,0,0,0,0,0,0,0,-0.626503772818121,-0.9751326614194277,1,0,0,1,0,0,1,0,0,0
0,1,0,0,-0.30468611002455576,1,1,1,1,0,0,1,1,1,1.2566616213801451,0.15756931037828115,0,1,0,1,0,0,0,0,0,1
0,0,1,0,-0.3453918448631497,1,0,0,0,0,0,0,0,0,-1.477661347464562,-0.7984340515971559,0,0,1,0,1,0,0,1,0,0
1,0,0,0,-1.0780950719578415,1,0,0,0,0,0,0,0,0,-1.469365464670737,-0.962421952624907,0,0,1,1,0,0,0,0,0,1
0,0,1,1,0.2993102764603474,1,1,0,0,1,1,0,0,1,0.6862651965475146,0.45199983492751367,0,1,0,0,0,0,0,0,1,0
1,0,1,1,-1.1979577575777045,1,0,0,0,0,0,0,0,1,-0.4890728731683275,-0.9351863884359791,1,0,0,1,0,0,0,0,1,0
1,0,0,0,0.9124361960763369,1,0,0,0,0,0,0,0,0,-1.503435022299742,-0.5417978026560577,0,0,1,0,0,1,0,0,0,0
0,0,1,0,0.9765095076269901,1,1,0,1,1,0,1,1,1,1.3395735736650927,1.602548568588168,0,1,0,1,0,0,0,0,1,0
1,0,0,1,-0.9020455904451277,1,0,0,0,1,0,1,1,0,1.025318371912255,-0.5984111950298459,0,1,0,1,0,0,0,0,0,1
0,0,0,0,-0.26931669412643244,1,0,0,0,0,0,0,0,1,0.35381623626698133,-0.19437922179597095,0,1,0,1,0,0,1,0,0,0
1,1,1,0,0.31164835580175504,1,1,0,0,1,0,1,1,1,1.2404658342781103,0.8644732731518401,0,1,0,1,0,0,0,0,1,0
1,0,0,0,0.4835659830432576,1,0,0,1,0,1,0,1,0,1.1758477415847888,0.9303209916393128,0,1,0,1,0,0,0,0,1,0
0,0,1,0,0.4238515754139177,1,1,0,0,1,0,0,0,1,0.6277578465816254,0.5914709224882164,0,1,0,1,0,0,0,0,1,0
0,0,0,0,-0.8043213664782269,1,1,0,0,0,0,1,1,1,1.0163209521332075,-0.452080229999145,0,1,0,1,0,0,0,0,1,0
1,0,0,0,-1.2540857716546032,0,0,0,0,1,0,0,1,1,-0.6233669832765495,-0.9779429667934156,1,0,0,1,0,0,0,0,1,0
0,0,1,0,-0.5233746857528607,1,1,0,0,0,1,0,1,1,0.3815645942513145,-0.34012221082323496,1,0,0,1,0,0,0,0,1,0
0,1,0,0,-0.6849230411702028,1,0,0,0,0,1,0,0,0,-0.23330892401255043,-0.6008184695545337,1,0,0,1,0,0,0,0,0,0
1,0,0,0,-1.09662515078195,1,0,0,0,0,1,0,0,1,0.41668071020381936,-0.8096641375201267,0,1,0,1,0,0,0,0,1,0
1,0,0,0,-0.790266424325032,1,0,0,0,0,0,0,0,1,0.24912644226921093,-0.5824791997170854,0,1,0,1,0,0,0,1,0,0
1,0,0,0,-0.6520267268701041,1,0,0,0,0,1,0,0,0,-0.427437292219618,-0.6265363480068824,1,0,0,1,0,0,0,0,0,1
1,1,0,0,-1.1980577963231591,1,0,0,0,0,0,0,0,0,0.22937411323360818,-0.9080517433917052,0,1,0,1,0,0,0,0,0,1
0,0,1,0,0.8756847414013821,1,1,0,1,0,1,1,1,0,1.5071622633851594,1.5769468990090154,0,1,0,0,1,0,0,0,1,0
0,0,0,0,-1.2816237461508113,1,0,0,0,0,0,1,0,0,0.48274475301259273,-0.9755156590296222,0,1,0,1,0,0,0,0,1,0
1,0,0,0,0.14028954838629312,1,0,0,0,0,1,0,1,1,0.02203580536462657,0.08559430060584639,1,0,0,0,1,0,0,0,0,1
0,0,1,0,-1.12497359844193,1,0,0,0,1,0,0,0,0,0.4367866113802249,-0.8502642748666582,0,1,0,1,0,0,1,0,0,0
1,0,0,0,-1.1279400869587812,1,0,0,0,0,0,1,1,1,0.7849812487701278,-0.8197294443002431,0,1,0,1,0,0,0,0,1,0
1,0,1,1,-1.1276589655793883,1,1,0,1,0,0,0,0,1,0.5386333043034718,-0.8426254980641336,0,1,0,1,0,0,0,0,0,0
0,0,0,0,-0.6941185371407959,1,0,0,1,1,0,0,1,1,1.0895653163727588,-0.3484569780612287,0,1,0,1,0,0,0,0,0,0
0,0,0,0,-1.239037277610651,1,0,0,0,0,1,0,0,1,-0.4827686858454193,-0.9690325809316241,1,0,0,1,0,0,0,0,1,0
1,0,0,0,1.1816456256086907,1,1,0,0,1,0,1,1,1,1.0877483907746583,1.6840151603897942,0,1,0,0,1,0,0,0,1,0
0,0,1,1,-1.0192531599958021,1,1,0,0,0,0,0,1,1,0.7401753218866051,-0.7177238603808623,0,1,0,1,0,0,1,0,0,0
0,0,0,0,0.293357146760867,1,1,0,1,1,0,1,1,1,1.4880740112619235,0.8563272420739924,0,1,0,1,0,0,1,0,0,0
0,0,1,1,-0.8606960372958373,1,1,0,0,0,1,0,0,1,0.7636760072043048,-0.5556838107508343,0,1,0,1,0,0,0,0,1,0
1,0,0,0,0.28243459614785726,1,1,0,0,0,1,1,1,0,1.2847705826744291,0.7483736260185474,0,1,0,1,0,0,1,0,0,0
0,0,0,0,-0.9910078475190648,1,0,0,0,0,0,1,1,0,0.799612499076479,-0.6719582466344333,0,1,0,1,0,0,0,0,1,0
0,0,1,0,0.37863625308487636,1,1,0,0,1,1,0,1,1,1.3582610977920504,0.9110514240894791,0,1,0,0,1,0,0,0,1,0
0,0,0,0,-1.1397778348476828,1,1,0,0,0,0,1,1,1,0.9867247946186667,-0.8167781244576788,0,1,0,1,0,0,0,0,1,0
1,0,0,0,-1.2519629777786345,1,0,0,0,0,0,0,0,0,-0.6402083488613319,-0.9762969603019525,1,0,0,1,0,0,0,0,1,0
1,0,0,0,-1.2767305482176974,1,0,0,0,0,0,0,0,1,-0.34896457899642735,-0.9838046933078823,1,0,0,1,0,0,0,0,0,1
0,1,0,0,-1.2445399341618224,1,0,0,0,0,0,1,0,1,0.5891635563146329,-0.9472882313284736,0,1,0,1,0,0,0,0,1,0
0,0,1,0,0.1023712383613841,1,0,0,0,0,0,0,0,1,0.1791332123647204,0.05099665574779293,0,1,0,1,0,0,0,0,1,0
1,0,1,0,-1.1077247434036257,1,0,0,0,0,0,0,0,1,0.17604267738178894,-0.8544694891888033,0,1,0,1,0,0,0,0,1,0
0,0,0,0,-1.2816237461508113,0,0,0,0,0,0,0,0,0,-1.1985995933186329,-0.9977618299636243,1,0,0,1,0,0,0,0,0,1
1,0,0,0,-1.2816237461508113,1,0,0,0,0,0,0,1,0,0.4928148348069334,-0.9753824199573258,0,1,0,1,0,0,0,0,1,0
1,0,0,0,-1.1595065416350294,1,1,0,0,0,0,0,0,0,-0.46851302306061066,-0.9204370678715726,1,0,0,1,0,0,0,0,0,0
0,0,1,1,0.1275027993158694,1,0,0,0,0,0,0,0,0,-0.30940132976128026,-0.11116635166813066,1,0,0,1,0,0,0,0,1,0
0,0,0,0,-1.2367410837261053,1,1,0,1,0,0,0,1,1,1.0119685587257203,-0.931854160012162,0,1,0,1,0,0,0,1,0,0
1,0,1,0,-0.8628688881377815,0,0,0,0,0,0,0,0,0,-0.6072383791746047,-0.7502035591957399,1,0,0,0,1,0,0,0,0,0
1,0,1,1,-1.1795747606288116,1,0,0,0,0,0,0,0,0,-1.3688475101598365,-0.9699924501800784,0,0,1,1,0,0,1,0,0,0
0,0,0,0,-1.2816237461508113,1,0,0,0,0,0,0,0,1,-1.4865605363280674,-1.0015718932469027,0,0,1,1,0,0,0,0,0,1
0,0,1,1,-1.278644252286627,0,0,0,0,0,0,0,0,0,-1.1573239678255112,-0.9968252376671461,1,0,0,1,0,0,0,0,0,0
0,0,0,0,-0.23099465473184108,1,1,0,1,0,0,0,1,1,0.8269635017865078,0.06609632524787895,0,1,0,1,0,0,0,0,1,0
0,0,0,1,-1.254612462461094,1,0,1,0,0,0,0,0,0,-0.4259742867282886,-0.9730372787659957,1,0,0,1,0,0,0,0,0,1
1,0,0,0,1.2089813155164815,1,1,0,1,0,0,1,1,1,1.2899028586592842,1.8326119634562763,0,1,0,0,1,0,1,0,0,0
0,0,1,0,-0.7653720518029704,1,1,0,0,0,0,1,1,1,1.0714655197771732,-0.4293334031784524,0,1,0,1,0,0,0,0,1,0
1,0,0,0,-1.2058849194253622,1,1,0,0,0,0,0,0,1,0.27149188727960133,-0.9147673434064283,0,1,0,1,0,0,1,0,0,0
0,0,1,0,-0.9890854044076391,1,0,0,0,0,1,0,0,1,-0.50073271206945,-0.8385963550260277,1,0,0,1,0,0,0,0,1,0
0,0,0,0,-1.103885105979152,0,0,0,0,0,0,1,1,1,-0.6506568130720054,-0.9024950039312158,1,0,0,1,0,0,0,0,1,0
1,0,0,0,-1.1060746920985125,1,0,0,0,0,0,0,0,0,-0.6429925212880284,-0.9082433415221638,1,0,0,1,0,0,0,1,0,0
0,0,0,0,0.8361182445875064,1,0,0,0,1,0,1,1,1,1.0005956865763026,1.1921557771516635,0,1,0,0,1,0,1,0,0,0
0,0,1,1,-1.2816237461508113,1,0,0,0,0,0,0,0,1,-1.4887881822400209,-1.0016013676325903,0,0,1,1,0,0,0,0,0,0
0,0,0,0,0.553120044954503,1,0,0,0,0,0,0,0,0,-1.444376396087685,-0.5956465318092675,0,0,1,0,0,1,0,0,0,0
0,0,0,0,-1.2571523856789972,1,1,0,0,1,0,0,0,0,0.5060911636960108,-0.9553576247660349,0,1,0,1,0,0,0,0,0,1
1,0,1,1,0.08124635474168794,0,0,1,0,0,0,0,0,0,-0.8874979739088109,-0.44274583066375495,1,0,0,1,0,0,1,0,0,0
0,0,1,0,1.1795410172919694,1,1,0,1,1,1,1,1,0,1.4940420744875051,1.9418061556987785,0,1,0,0,1,0,0,0,1,0
0,0,0,0,-0.04214212970119979,0,0,0,0,1,0,1,1,1,-0.42407374754071386,-0.32195952706778336,1,0,0,1,0,0,0,0,0,0
1,0,1,0,-0.9224193958237774,1,1,0,0,0,0,0,0,1,0.33679138013929305,-0.6879034663674308,0,1,0,1,0,0,0,0,1,0
1,1,0,0,-1.2485305642430755,1,1,0,0,0,0,1,1,1,0.9618539399312135,-0.9378721986222144,0,1,0,1,0,0,0,0,1,0
0,0,0,0,-0.9559778674420595,1,1,0,0,0,0,0,1,1,0.6203394859025794,-0.6627656003194556,0,1,0,1,0,0,0,0,1,0
0,0,0,0,-0.8899259636566379,1,1,0,0,1,0,1,1,1,1.1809274732740787,-0.518616675584784,0,1,0,1,0,0,0,0,1,0
0,0,0,0,-0.2758551059995093,1,0,0,0,0,0,0,1,1,0.7869192513091631,-0.023275102142057892,0,1,0,1,0,0,1,0,0,0
1,1,0,0,0.20940917030848072,1,1,0,0,0,0,1,1,1,1.0226476759224352,0.5764358768927791,0,1,0,1,0,0,0,0,0,0
0,0,0,0,0.5575227787893825,1,0,0,0,1,1,0,0,0,-0.3483324203342799,0.07737180113122072,1,0,0,0,0,1,0,1,0,0
0,0,0,1,-1.1595065416350294,1,1,0,1,1,0,0,0,0,0.6505845348650487,-0.8530612729802807,0,1,0,1,0,0,1,0,0,0
0,0,0,0,0.2693449191518389,0,0,0,0,0,0,1,1,1,-0.4534534586820877,-0.12290580116775976,1,0,0,1,0,0,0,0,1,0
0,0,0,0,-1.2618014945461578,1,0,0,1,0,0,0,0,0,-0.43839579110972016,-0.9759601767254509,1,0,0,1,0,0,0,0,1,0
0,0,1,0,-0.5013987195057381,1,0,0,0,0,0,0,0,1,0.267407469364602,-0.3464359108784052,0,1,0,1,0,0,0,0,1,0
1,0,0,0,-0.8068751504323275,1,1,0,0,1,1,1,1,1,1.575675487871143,-0.3737070510620339,0,1,0,1,0,0,0,0,0,1
0,0,0,0,-1.273617257027353,1,0,0,0,0,0,0,0,1,0.1561649906418519,-0.9741312421143182,0,1,0,1,0,0,0,0,1,0
0,0,0,0,0.7362040998960534,1,1,1,1,1,0,1,1,1,1.497333258202898,1.3727878832928955,0,1,0,0,1,0,0,0,1,0
1,0,0,0,-0.9158504912645149,1,0,0,0,0,0,0,0,1,0.27361455403131796,-0.6949131466206623,0,1,0,1,0,0,0,0,1,0
1,0,0,0,0.8734797985974809,1,0,0,1,0,0,0,1,1,0.8243277624513935,1.0621569564068551,0,1,0,1,0,0,0,0,1,0
1,1,0,0,0.8642245407412875,1,1,0,0,0,0,1,1,1,1.097513161634822,1.3657931463163175,0,1,0,1,0,0,0,0,1,0
0,0,0,0,-1.2816237461508113,1,0,0,0,0,0,0,0,0,0.1928686899177241,-0.9793510616128916,0,1,0,1,0,0,0,0,1,0
0,0,1,1,0.3090802559003972,1,0,0,1,0,1,0,1,0,0.1928175723243984,0.23213048312076168,1,0,0,0,1,0,0,0,0,0
1,0,1,0,-1.2094619659947679,1,0,0,0,0,0,0,0,1,0.1462452787783023,-0.9289819405618353,0,1,0,1,0,0,0,0,1,0
1,0,0,0,-1.2816237461508113,1,0,0,0,0,0,0,0,1,0.15854664136680383,-0.9798051828406669,0,1,0,1,0,0,0,0,1,0
0,0,1,1,-1.1975225676002006,1,0,0,0,0,0,0,0,0,-1.4886177838893755,-0.9846660917153376,0,0,1,1,0,0,0,0,0,1
0,0,0,0,-0.7428972072069917,1,1,0,0,1,0,1,1,1,1.140496047233434,-0.3786854600431725,0,1,0,1,0,0,0,0,1,0
0,0,1,0,0.852671609516301,1,1,0,1,1,0,1,1,1,1.3135012603563467,1.3502072404276262,0,1,0,1,0,0,0,0,1,0
0,0,0,0,-1.2113096367581193,1,1,0,0,0,0,0,0,1,0.3207415478235085,-0.9082738685069812,0,1,0,1,0,0,0,1,0,0
0,0,1,1,-1.1974546458036626,1,0,0,0,0,0,0,0,1,-0.6794850209403847,-0.9516375185883226,1,0,0,1,0,0,1,0,0,0
0,0,0,0,-1.2051737394695092,1,0,0,0,0,0,0,0,0,-1.5002417954730272,-0.9860333522627247,0,0,1,1,0,0,0,0,0,0
1,0,0,0,-1.2816237461508113,1,0,0,0,0,0,0,0,0,-1.4895761421303002,-1.0016117932723152,0,0,1,1,0,0,0,0,0,1
0,0,1,1,-1.138840093256916,1,0,0,0,0,0,0,0,0,-1.4941811818385766,-0.9722991428335398,0,0,1,0,0,0,1,0,0,0
1,0,1,0,-1.1188008067964355,1,1,0,1,0,0,0,0,1,0.47395064753542343,-0.8291408229189307,0,1,0,1,0,0,0,0,1,0
1,0,1,1,-0.8400064270654365,1,1,0,0,0,0,0,0,1,0.40839025262676576,-0.627101981669902,0,1,0,1,0,0,1,0,0,0
1,0,0,0,-1.2816237461508113,1,0,0,0,0,0,0,0,0,-1.4943139652903281,-1.001674480266864,0,0,1,1,0,0,0,0,0,1
0,0,0,0,0.2738951850994789,1,1,0,1,1,0,1,1,1,1.2826641087808834,0.7598967975671702,0,1,0,1,0,0,0,0,1,0
1,0,0,0,-1.0902279592863044,1,1,0,1,0,0,1,1,1,1.1628542712338918,-0.7628886939957458,0,1,0,1,0,0,0,0,1,0
1,0,1,1,1.2785632617501976,1,1,0,0,1,1,0,1,1,0.5348106088836868,1.2797259524284101,0,0,0,0,0,0,1,0,0,0
0,0,0,0,-1.197194098901189,1,0,1,0,0,0,0,0,0,-0.31931168265784976,-0.9355501924524947,1,0,0,1,0,0,0,0,1,0
0,0,0,0,-1.013687536992154,1,1,0,0,0,0,0,0,0,0.5392121893995313,-0.7341934899994833,0,1,0,1,0,0,0,0,1,0
1,0,0,0,-1.1030063751453072,1,1,0,0,0,0,1,1,0,1.2412157562257689,-0.7628092732861007,0,1,0,1,0,0,0,0,0,1
1,0,0,0,-0.5146249560864191,1,0,0,0,1,0,0,1,1,0.05331874781692357,-0.4614684462971189,1,0,0,0,1,0,0,0,0,1
1,0,0,0,0.8032659625369956,1,0,0,1,0,0,1,1,1,0.9846111370441631,1.1032276684190263,0,1,0,0,1,0,1,0,0,0
1,0,0,1,-1.2368252176578933,1,0,0,0,0,0,0,0,1,-0.6203899354344076,-0.9683673120603167,1,0,0,1,0,0,0,0,1,0
0,0,0,0,-1.2796455834846336,1,0,0,0,0,0,0,0,1,0.1567422559399811,-0.9781018497256027,0,1,0,1,0,0,0,0,1,0
0,0,0,0,-0.8821826621447179,0,0,0,0,1,0,1,1,1,-0.5075569707351381,-0.7687770225712687,1,0,0,1,0,0,0,0,1,0
0,0,0,0,-0.8481298477215682,1,0,0,1,0,0,0,1,1,0.707333371351682,-0.5788303930320067,0,1,0,1,0,0,0,0,1,0
1,0,0,0,1.0591723977969671,0,0,0,0,0,0,1,0,1,-0.8276300995728058,-0.024744865229773816,1,0,0,0,0,0,0,0,1,0
0,0,0,0,0.2958930282103186,1,0,0,1,0,1,0,0,1,-0.35014867807526956,-0.10471863882549322,1,0,0,0,1,0,0,1,0,0
0,0,0,0,-1.2470979820420258,1,0,0,0,0,1,0,0,1,-0.4801402342244964,-0.9726429220672873,1,0,0,1,0,0,0,0,1,0
0,1,0,0,-0.7456490139426729,1,0,0,0,0,0,1,1,1,0.9917438400810229,-0.40624567825170327,0,1,0,1,0,0,0,0,1,0
1,0,0,0,-0.6498172879925652,1,1,0,0,0,1,1,1,1,1.2180099993017837,-0.2717238262860652,0,1,0,1,0,0,0,0,0,1
0,0,0,0,-0.9706093489090328,1,0,0,0,1,0,1,1,1,1.1327375169902176,-0.6331774904537373,0,1,0,1,0,0,0,0,1,0
1,1,1,0,0.1797130758096207,1,1,0,0,0,0,1,1,1,0.9281415934806816,0.5129734005655605,0,1,0,1,0,0,0,0,1,0
0,0,1,0,-0.7692885662192419,1,1,0,0,1,0,1,1,1,1.1814851874091605,-0.4194242921446763,0,1,0,1,0,0,0,0,1,0
1,1,1,0,0.8918355129989188,1,1,0,0,1,0,1,1,0,1.1868019334257816,1.4016040499309903,0,1,0,1,0,0,0,0,1,0
1,0,1,0,-0.9669250137309887,1,0,0,0,1,0,1,1,1,0.9813998706681636,-0.6551909712941578,0,1,0,1,0,0,0,0,0,0
1,0,0,0,0.13810718832833913,1,1,0,0,0,0,1,1,1,1.045629810526283,0.45488885993728745,0,1,0,1,0,0,1,0,0,0
0,0,0,0,-0.1747150487591368,0,0,0,0,0,0,1,0,1,-0.9377767599411039,-0.5406291924134966,1,0,0,1,0,0,1,0,0,0
0,0,0,0,-0.973226444436055,1,1,0,0,1,0,1,1,0,1.1502221823191643,-0.6315459884368255,0,1,0,1,0,0,0,0,0,0
1,0,0,0,-1.2274932435647903,1,0,0,0,0,0,0,0,0,-1.5058585563303646,-0.9862528014147804,0,0,1,1,0,0,0,0,0,1
0,0,0,0,-1.0607223480353027,1,0,0,0,0,0,0,0,0,-1.4897511132356631,-0.9441123165516708,0,0,1,1,0,0,0,0,0,1
1,0,0,0,-1.235690498375636,0,0,0,0,0,0,0,0,1,-1.1103267515615867,-0.9838279890694493,1,0,0,1,0,0,1,0,0,0
1,0,1,0,-0.23381084736680363,1,1,0,0,1,0,0,1,1,0.983011872584798,0.11351457241047952,0,1,0,1,0,0,0,0,1,0
1,1,1,0,-0.6905906915897018,1,0,0,0,0,0,0,1,0,0.4780247931837853,-0.47153693937510305,0,1,0,1,0,0,0,0,1,0
0,1,0,0,-1.2816237461508113,1,0,1,0,0,0,0,0,1,-0.3378099982376661,-0.9863725672512201,1,0,0,1,0,0,0,0,1,0
0,0,1,0,0.020959768684196134,1,0,0,0,1,0,1,1,1,0.9754727573778158,0.3512860757539868,0,1,0,0,1,0,0,0,1,0
1,0,0,0,0.3338246414573816,1,1,0,1,0,0,1,1,1,1.296455621668549,0.8043552574694226,0,1,0,1,0,0,0,1,0,0
0,0,1,0,-1.1791601414919626,0,0,0,0,0,0,1,1,0,-0.6447722965823575,-0.9349383246098042,1,0,0,1,0,0,0,0,1,0
1,1,0,0,0.23832854647933827,1,1,0,0,1,0,1,1,1,1.1897683334899254,0.6825783291318959,0,1,0,1,0,0,0,0,1,0
1,0,0,0,-0.8008527362121752,1,0,0,0,0,0,1,0,1,0.604224939776046,-0.5514415208570687,0,1,0,1,0,0,0,0,1,0
0,0,0,0,-1.0665369634544797,1,0,0,0,0,0,1,0,1,0.5640891268748232,-0.7966316633104125,0,1,0,1,0,0,0,0,0,1
1,0,0,0,-1.0330021735270778,1,0,0,0,0,0,0,0,0,-0.5890421232387846,-0.8566987527072543,1,0,0,1,0,0,0,0,1,0
1,0,1,0,-1.0449927471175968,0,0,0,0,0,0,0,0,0,-1.3394621340734372,-0.9346048485604458,1,0,0,0,0,0,0,0,0,0
0,0,0,0,-0.6651588698233438,0,0,0,0,0,0,0,1,1,-0.9954908394136796,-0.7903424854413427,1,0,0,1,0,0,0,0,1,0
0,0,1,1,-1.1347129226125818,1,0,0,0,0,0,0,1,0,0.5838658092345967,-0.8503558320135286,0,1,0,1,0,0,0,0,1,0
0,0,0,0,-1.1990880522973788,1,0,0,0,0,0,0,0,1,-0.6007454745947762,-0.9510904372948261,1,0,0,1,0,0,1,0,0,0
0,0,0,0,-1.2209599660508437,1,0,0,0,0,0,0,0,1,-0.665585615932963,-0.9576331783886792,1,0,0,1,0,0,0,0,0,1
0,0,0,0,-1.2414152106875416,0,0,0,0,0,0,1,0,1,-0.656617409980867,-0.973134564442869,1,0,0,1,0,0,0,0,1,0
0,0,0,0,-1.2816237461508113,1,0,0,0,0,0,0,0,1,0.16748813282804878,-0.9796868763510499,0,1,0,1,0,0,0,0,0,1
1,0,0,0,-0.895432237749716,1,1,0,0,1,0,0,0,1,0.632450250975095,-0.6243548848246834,0,1,0,1,0,0,0,0,1,0
0,1,1,0,-1.0304787805565074,1,0,0,0,0,1,1,0,1,0.7994874200376876,-0.7186394807736289,0,1,0,1,0,0,0,0,0,1
0,1,0,0,-1.2583481912953676,1,0,0,0,0,0,0,0,1,0.1585206801779741,-0.9642276794717958,0,1,0,1,0,0,0,0,1,0
1,1,1,0,-1.247137574743977,1,1,0,0,0,0,0,0,0,0.31940344284262073,-0.9486940167792323,0,1,0,1,0,0,0,0,1,0
1,0,0,0,1.3862093231125585,1,1,0,0,1,1,1,1,1,1.4314915649894617,2.1522940739857863,0,1,0,0,0,1,0,0,0,0
1,0,0,0,-0.423955864926052,1,1,0,0,0,0,1,1,1,0.9860417480981034,-0.0834678522262918,0,1,0,1,0,0,0,1,0,0
0,1,0,0,-0.8264236062812074,1,0,0,0,1,0,0,1,0,0.6684854848449642,-0.5400649313538046,0,1,0,1,0,0,0,1,0,0
0,1,0,0,-1.2816237461508113,0,0,0,0,0,0,1,0,0,-0.8335826519285836,-0.9929322248386014,1,0,0,1,0,0,0,0,1,0
0,0,0,0,-0.8844736921281473,1,1,0,0,0,1,1,1,1,1.2428966234318604,-0.5258811466446595,0,1,0,1,0,0,1,0,0,0
1,0,0,0,-1.2816237461508113,1,0,0,0,0,0,1,0,1,0.46733299448175875,-0.975719574792279,0,1,0,1,0,0,0,0,1,0
1,0,0,0,-1.2297580999160618,1,0,0,0,1,0,1,1,0,1.0302869730008977,-0.9183057979593046,0,1,0,1,0,0,0,0,1,0
0,0,1,0,0.3808457346813137,1,1,0,0,1,1,0,0,1,0.6442157729458208,0.5551522392842446,0,1,0,1,0,0,0,0,1,0
0,0,0,0,0.8409123803465658,1,1,0,0,0,0,1,1,1,1.1556963144232164,1.3379586989706729,0,1,0,1,0,0,0,0,1,0
0,0,0,0,-1.2471674405554036,1,0,0,0,0,0,0,1,1,0.5311367582418561,-0.9449645070354535,0,1,0,1,0,0,0,0,1,0
1,0,0,0,1.4205749540847747,1,1,0,1,0,1,1,1,1,1.6857582286104607,2.3668783520904997,0,1,0,0,1,0,1,0,0,0
1,0,1,0,-0.978654510606257,1,0,0,0,0,0,0,0,0,-0.4703478981842009,-0.7971937491737834,1,0,0,0,0,0,0,1,0,0
0,1,0,0,-1.1209772110014382,1,1,0,0,0,0,0,0,1,0.341570783946314,-0.8426129339664314,0,1,0,1,0,0,0,0,0,1
1,0,0,0,-1.2816237461508113,1,0,0,0,0,0,0,0,1,0.1980571157814386,-0.979282412612528,0,1,0,1,0,0,0,0,0,1
1,1,0,0,0.5795362622873171,1,0,0,0,0,0,0,1,0,0.6919166314602581,0.7587346449029707,0,1,0,1,0,0,0,0,0,1
0,0,1,0,-1.1125940644381067,0,0,0,0,1,0,1,1,1,-0.5113733675698503,-0.8990029449992046,1,0,0,1,0,0,0,0,1,0
0,0,1,0,-0.31844720545126715,0,0,0,0,0,0,0,0,1,-1.047791928973214,-0.6468847189359592,1,0,0,1,0,0,0,0,0,0
1,0,0,0,-1.2816237461508113,1,0,0,0,0,0,0,0,1,0.15331216734853462,-0.9798744411124861,0,1,0,1,0,0,0,0,1,0
1,1,1,0,-0.5367550503219912,1,0,0,1,0,0,0,0,1,0.31107678565728836,-0.3914618090848214,0,1,0,1,0,0,0,0,1,0
0,0,0,0,-1.2002122764736234,1,1,0,0,0,0,0,0,1,0.33120598205318025,-0.901326466935073,0,1,0,1,0,0,0,1,0,0
1,0,1,0,1.5580147548241166,1,1,0,1,1,1,1,1,1,1.4483302223295893,2.346711405455433,0,1,0,0,0,1,0,0,0,0
0,0,1,0,-1.0070386057492553,1,0,0,0,0,0,0,0,1,-0.5827189468866396,-0.8588798566293244,1,0,0,1,0,0,0,0,1,0
0,0,1,1,0.867272167541491,1,1,1,1,1,0,0,1,0,0.3650023685934484,0.7606502516054197,1,0,0,0,0,0,0,1,0,0
0,0,0,0,-0.818460412016692,1,0,0,0,0,0,0,0,0,0.298956645064643,-0.6102846291275492,0,1,0,1,0,0,0,0,1,0
0,1,0,0,-1.2816237461508113,1,0,0,0,0,0,0,0,1,0.15110082358299987,-0.9799036998015282,0,1,0,1,0,0,0,0,1,0
1,1,1,0,-0.9276926917116717,1,1,0,0,0,0,1,1,1,0.9989970275547156,-0.6072213033900639,0,1,0,1,0,0,0,0,1,0
0,0,0,0,-1.2411565729203333,1,0,0,0,0,0,1,0,1,0.5214519291576293,-0.9472867743454917,0,1,0,1,0,0,0,0,1,0
0,0,0,0,-1.2546830955830126,0,0,0,0,0,0,0,1,0,-0.9896712079146968,-0.9869918349809887,1,0,0,1,0,0,0,0,1,0
1,1,1,0,-0.7790422292944913,1,1,0,0,1,0,0,1,1,0.9909332657045506,-0.44410265599741605,0,1,0,1,0,0,0,0,1,0
0,0,0,0,-1.0342387963213941,1,0,0,0,0,0,0,0,1,0.2814457435424789,-0.7777911508052786,0,1,0,1,0,0,0,0,0,1
1,0,0,0,-1.2816237461508113,1,0,0,0,0,0,0,0,0,-1.4779713654516653,-1.0014582483746224,0,0,1,1,0,0,0,0,0,1
1,0,0,0,-1.2791756079003318,1,1,0,0,0,0,1,0,0,0.6516980964679041,-0.9707491979862639,0,1,0,1,0,0,0,0,1,0
0,0,1,0,1.2243147840911335,1,0,0,1,1,0,1,1,1,1.2293669940038343,1.8272455115033113,0,1,0,1,0,0,0,0,1,0
0,0,1,1,-1.2764490643524566,1,0,0,0,0,0,0,0,1,-0.6308060667276428,-0.9869989702482542,1,0,0,1,0,0,0,0,1,0
1,0,1,0,0.1602659270848401,1,0,1,1,0,0,0,0,1,0.5109120217011299,0.2704699787672858,0,1,0,1,0,0,0,0,1,0
1,0,0,0,0.428017117070136,1,0,0,0,0,0,0,0,1,0.4014726777768603,0.4446264289917205,0,1,0,1,0,0,0,0,1,0
0,0,0,0,0.4120388749985172,1,1,0,1,1,0,1,1,1,1.5728978914558667,1.0222905118752375,0,1,0,1,0,0,1,0,0,0
1,1,0,0,0.3407720784967798,1,0,0,0,0,0,1,1,1,0.9254418268084598,0.6599385112821398,0,1,0,1,0,0,0,0,0,0
1,0,1,0,1.2067142405219111,1,1,0,1,1,0,1,1,1,1.2794589994680177,1.8324491806934673,0,1,0,1,0,0,0,0,1,0
0,0,0,0,-0.11544974072399683,1,1,0,0,0,0,0,1,1,0.829341314118966,0.1861191125145838,0,1,0,1,0,0,0,0,1,0
1,0,0,0,-1.2816237461508113,0,0,0,0,0,0,0,0,1,-1.3337948894032736,-0.9995506233614398,1,0,0,1,0,0,0,0,1,0
0,0,0,0,-1.1436196592611516,1,1,0,0,0,0,0,0,1,0.35032599418784177,-0.8572758680101825,0,1,0,1,0,0,0,0,1,0
0,0,0,0,-0.386526196967826,1,1,0,1,0,0,0,1,1,0.8825581596751269,-0.10855019400156894,0,1,0,1,0,0,0,0,1,0
1,1,1,0,0.09682306904804416,1,0,0,0,0,0,0,1,0,0.642690132057488,0.2427533160022351,0,1,0,1,0,0,0,0,1,0
0,0,0,0,-1.1276936479083484,1,1,0,0,0,0,1,0,1,0.673477246679013,-0.8111339831035627,0,1,0,1,0,0,0,0,1,0
0,1,0,0,-1.2313667329462337,0,0,0,0,0,0,0,0,0,-1.1858002782114865,-0.9832538000051371,1,0,0,1,0,0,0,0,1,0
1,0,0,0,-1.2571724590979814,1,0,0,0,0,0,0,0,0,-0.6703275992821316,-0.9810403561445428,1,0,0,1,0,0,0,0,1,0
0,0,0,0,-0.035634877697857524,1,1,0,0,0,0,1,0,1,0.7169234696285262,0.19609939461874132,0,1,0,1,0,0,0,0,0,0
1,0,0,0,-1.2803998878785872,1,0,0,0,0,0,0,0,1,0.16488603212171207,-0.9788802560662782,0,1,0,1,0,0,0,0,1,0
1,0,1,0,1.0228507688678345,1,1,0,0,0,0,1,1,1,0.9675417057453267,1.3773593545548852,0,1,0,1,0,0,1,0,0,0
1,0,0,1,0.6282928225628828,1,1,0,0,0,1,1,1,1,1.3046022215899207,1.2271435739600522,0,1,0,0,0,0,1,0,0,0
0,0,0,0,-1.2816237461508113,1,0,0,0,0,0,0,1,1,0.5807727703323379,-0.9742186326147926,0,1,0,1,0,0,0,0,1,0
0,0,1,1,-0.5091896634379544,1,0,0,0,0,0,0,0,1,-1.4237231897250153,-0.8215400056285871,0,0,1,0,0,0,0,0,0,1
0,1,0,0,-1.2816237461508113,0,0,0,0,0,0,0,0,1,-1.3005395566297737,-0.999110616042915,1,0,0,1,0,0,0,0,0,1
1,0,0,0,-1.2816237461508113,1,0,0,0,0,0,0,0,0,-0.6513914211995958,-0.9905216197354186,1,0,0,1,0,0,0,0,1,0
1,0,0,0,-1.0049292089372233,1,0,0,0,0,0,0,0,1,-0.6646161662278207,-0.8722963227558568,1,0,0,1,0,0,0,0,1,0
0,0,1,1,-1.2816237461508113,1,0,0,0,0,0,0,0,0,-1.5045239192788091,-1.001809570013442,0,0,1,1,0,0,0,0,0,1
0,0,0,0,-0.4409453105161475,0,0,0,0,1,0,0,0,0,-1.0625808357954245,-0.7064031335493265,1,0,0,1,0,0,0,1,0,0
0,1,0,0,0.14463408108721135,1,1,0,0,0,1,1,1,0,1.1423053750871042,0.5457343703742945,0,1,0,1,0,0,0,0,1,0
1,1,0,0,-0.7967145215633761,1,0,0,1,0,0,0,0,1,0.2705467662018487,-0.6089680195303062,0,1,0,1,0,0,0,0,1,0
0,1,0,0,-0.3498076494470606,1,1,0,0,0,0,1,1,1,0.9505539083887394,-0.02097218031348423,0,1,0,1,0,0,0,0,1,0
0,0,1,1,-0.8277569884000193,1,0,0,0,0,0,0,0,0,-1.4016560241267282,-0.882406599153382,0,0,1,1,0,0,0,0,0,1
0,0,0,0,-1.0802300991332148,1,0,0,0,1,0,1,0,1,0.7127127829286826,-0.7949385704445174,0,1,0,1,0,0,0,0,1,0
0,0,0,0,-1.174166158743289,1,1,0,0,0,0,0,0,0,-0.46961294271761994,-0.9191888752125253,1,0,0,1,0,0,0,0,0,1
1,1,0,0,0.24022124084369606,1,1,0,0,0,0,1,1,1,1.0208535213865149,0.6115597801335706,0,1,0,1,0,0,0,0,0,0
0,0,0,0,0.3414732911142575,1,1,0,1,1,0,1,1,1,1.3170953780572057,0.8881660582098174,0,1,0,1,0,0,0,0,1,0
0,0,0,0,-1.2816237461508113,1,0,0,0,0,0,0,0,1,0.18284349972279076,-0.9794837067163226,0,1,0,1,0,0,0,0,0,1
1,0,0,0,-1.2816237461508113,1,0,0,0,0,0,0,0,1,-1.4979848606077906,-1.0017230505462904,0,0,1,1,0,0,0,0,0,1
1,0,0,0,1.437887949764034,1,1,0,1,0,1,1,1,1,1.3111477190571108,2.102157227706774,0,1,0,0,1,0,0,0,0,0
0,0,0,0,-0.07005877148048101,1,1,0,0,0,0,0,1,1,0.7091843523543655,0.17446647612916347,0,1,0,1,0,0,0,0,1,0
0,1,0,0,-1.2816237461508113,1,0,0,0,0,0,0,0,1,0.16060367003611137,-0.979777965922554,0,1,0,1,0,0,0,0,1,0
1,0,0,0,-1.2816237461508113,1,0,0,0,0,0,0,0,0,0.1798040048638876,-0.9795239228221618,0,1,0,1,0,0,0,0,1,0
1,0,0,1,-1.0570765909044249,1,0,0,0,0,0,0,0,0,0.1660476504775817,-0.7942013374104366,0,1,0,1,0,0,1,0,0,0
1,0,0,1,-0.7100130071751418,0,0,0,0,0,0,0,0,0,-1.0655490568371921,-0.7690526515978741,1,0,0,1,0,0,0,0,0,1
0,0,0,0,-1.2771547533818655,1,0,0,0,0,0,0,0,1,-0.6899105348120212,-0.9888605827820005,1,0,0,1,0,0,0,0,1,0
1,0,1,0,-1.1188008067964355,1,1,0,1,0,0,0,0,1,0.5107244214881216,-0.8393320638559443,0,1,0,1,0,0,0,0,1,0
0,0,1,0,-0.041744419872165935,1,1,0,0,1,0,1,1,1,1.1616013973136154,0.39255815578942477,0,1,0,1,0,0,0,0,1,0
0,0,0,0,-0.9124469598142313,1,1,0,0,1,0,1,1,1,1.1773243391833943,-0.5435450023584139,0,1,0,1,0,0,0,0,0,0
0,0,0,0,-1.2096858359465203,1,0,0,0,0,1,0,0,1,-0.09355933498908114,-0.9474285923191501,1,0,0,1,0,0,0,0,1,0
0,0,1,0,0.3246409278026848,1,0,1,0,1,1,1,1,1,1.356964959842672,0.8964723414449521,0,1,0,0,1,0,0,1,0,0
0,0,1,0,-0.35905419337538164,1,1,0,0,1,1,1,1,1,1.3497477218559715,0.11048665144532357,0,1,0,1,0,0,0,0,1,0
1,0,0,0,1.3384447183855903,1,1,0,1,1,1,1,1,0,1.4645425742841107,2.0497827797131514,0,1,0,0,0,0,0,0,1,0
0,0,1,0,-1.2816237461508113,1,0,0,0,0,0,0,0,1,0.1371206842928585,-0.9800886735512592,0,1,0,1,0,0,0,0,1,0
1,0,0,0,-1.2488179605139358,1,0,0,0,0,0,1,0,1,0.5103050175377929,-0.9523986145004961,0,1,0,1,0,0,0,0,1,0
0,0,0,0,-1.0654899224125691,1,1,0,0,0,0,0,0,0,-0.4147131675402384,-0.8708595924137408,1,0,0,1,0,0,0,1,0,0
0,1,1,0,-0.8090562864323256,1,1,0,1,0,0,1,1,1,1.1969186220086285,-0.45516468968832835,0,1,0,1,0,0,0,0,1,0
1,0,0,0,-0.7105642701224625,1,0,0,0,0,0,1,1,1,0.9573683420308096,-0.39870785455738916,0,1,0,1,0,0,0,0,1,0
0,0,0,0,-1.2816237461508113,1,0,0,0,0,0,0,0,1,0.16264510031524218,-0.9797509553895608,0,1,0,1,0,0,0,0,1,0
0,0,0,0,-0.7433470750538909,1,0,0,0,0,0,1,0,1,-0.07183435750175834,-0.609677791001156,1,0,0,1,0,0,0,0,0,1
1,0,0,1,-0.8228422410495184,0,0,0,0,0,0,0,0,0,-1.1611415077227145,-0.8268597073891366,1,0,0,1,0,0,0,0,0,1
1,0,0,0,-0.16062840311596774,1,1,0,0,0,0,1,1,1,1.092539570840307,0.229445488762372,0,1,0,1,0,0,0,1,0,0
0,0,0,0,-1.0423533606020619,1,1,0,0,1,0,1,0,1,0.8476138840423103,-0.7541341629585282,0,1,0,1,0,0,0,0,1,0
0,0,1,1,-0.5426450162179148,1,0,1,0,0,1,1,0,0,0.9886124691243262,-0.1998319874616194,0,1,0,1,0,0,0,0,1,0
0,0,1,1,1.2676596301938607,1,1,1,0,0,0,0,1,1,1.0286882065315228,1.6722214547256466,0,1,0,0,1,0,0,1,0,0
1,0,0,0,0.14307697319997809,1,1,0,0,0,0,0,1,1,0.6620167678508644,0.3352735608911443,0,1,0,1,0,0,0,0,1,0
0,0,0,0,-1.2703901423584578,1,0,0,0,0,0,1,0,1,0.4873181629896425,-0.9654437159996238,0,1,0,1,0,0,0,0,1,0
0,1,1,0,-0.6993357514622498,1,1,0,0,0,0,0,1,1,0.7015748211729947,-0.4304506084181111,0,1,0,1,0,0,0,1,0,0
0,0,1,0,0.020959768684196134,1,0,0,0,1,0,1,1,1,0.9920520344181872,0.34166150609308704,0,1,0,0,1,0,0,0,1,0
1,0,0,0,-1.2816237461508113,1,0,0,0,0,0,0,0,0,0.1734681659964397,-0.9796077534513623,0,1,0,1,0,0,0,0,1,0
0,0,0,0,-0.8457737167455988,1,1,0,0,0,0,0,0,1,-0.43905492632579857,-0.7760099944665239,1,0,0,1,0,0,0,0,1,0
0,1,0,0,-0.610977058297132,1,1,0,1,0,0,0,0,1,0.6504680995373947,-0.3714106232762114,0,1,0,1,0,0,0,0,1,0
0,1,0,0,-1.2816237461508113,1,0,0,0,0,0,0,0,1,0.16488086997361914,-0.9797213735171157,0,1,0,1,0,0,0,0,1,0
1,1,0,0,0.15132696504167048,1,1,0,0,1,0,1,1,1,1.1731300720105653,0.5724853071046907,0,1,0,1,0,0,0,0,1,0
0,1,0,0,-1.1932519240144337,1,0,0,0,1,0,0,1,1,0.9501477690425608,-0.8872289571529859,0,1,0,1,0,0,0,1,0,0
0,0,0,0,-1.2816237461508113,1,0,0,0,0,0,0,0,1,-1.491615707675686,-1.0016387791326793,0,0,1,1,0,0,0,0,0,1
1,0,0,0,-1.2788487422016308,1,0,0,0,0,0,0,1,1,0.4773385502579303,-0.972567096080569,0,1,0,1,0,0,0,0,1,0
1,0,0,0,-1.2774209755909542,1,1,0,0,0,0,0,0,0,-0.3572474816395883,-0.9846351566271472,1,0,0,1,0,0,0,0,1,0
0,0,0,0,-1.2112163627245291,1,0,0,0,0,0,0,1,1,-0.29780242981200694,-0.9323608476671997,1,0,0,1,0,0,0,0,1,0
1,1,1,0,-1.0510693951882015,1,0,0,0,1,0,1,1,1,1.0195354023986383,-0.7316625137421747,0,1,0,1,0,0,0,0,1,0
0,0,0,0,-0.510422426243432,1,0,1,0,0,0,0,0,1,-0.2846435832979611,-0.521667280317845,1,0,0,1,0,0,1,0,0,0
0,0,1,0,0.7185221971221067,1,1,0,1,0,1,1,1,0,1.449508380123697,1.4572463229621484,0,1,0,0,1,0,0,0,1,0
0,1,0,0,-1.2816237461508113,1,1,0,0,0,0,0,0,1,0.31120058147377455,-0.9777853909683007,0,1,0,1,0,0,0,0,1,0
1,0,0,0,0.8451395499445391,1,0,0,1,0,0,0,1,1,0.7717681617672478,1.002090527506993,0,1,0,1,0,0,0,0,1,0
0,1,1,0,-1.2012123126343834,1,1,0,1,0,0,0,0,1,0.6944981548915709,-0.9096916850019077,0,1,0,1,0,0,0,0,1,0
0,0,0,0,-1.2816237461508113,1,0,0,0,0,0,0,0,1,0.1732193285066055,-0.9796110458651653,0,1,0,1,0,0,0,0,0,1
0,1,1,0,-0.7971455426163501,1,1,0,0,1,0,1,1,1,1.280609398627631,-0.4282757345730617,0,1,0,1,0,0,1,0,0,0
0,1,0,0,-0.2900656812293347,1,0,0,1,0,0,0,1,0,0.7653437698605492,-0.05275814314424988,0,1,0,1,0,0,0,0,1,0
0,0,0,0,-0.8954186137320104,1,1,0,0,0,0,1,1,1,1.1187166534561483,-0.5743344040185137,0,1,0,1,0,0,0,0,0,1
1,0,0,0,-0.3958334108656653,1,1,0,1,0,0,0,0,1,0.48986888878166046,-0.2287830936047844,0,1,0,1,0,0,0,0,1,0
0,0,0,0,-1.2531461029914701,1,0,0,0,0,0,0,0,1,-0.607630532374552,-0.9744846070172147,1,0,0,1,0,0,0,0,0,1
0,1,1,0,0.6155931898658358,1,1,1,0,0,0,0,0,0,0.49731389035300116,0.6681216194987065,0,1,0,1,0,0,0,0,1,0
1,0,0,1,-0.46176525769092636,0,0,0,0,0,0,0,0,0,-0.8552258100584992,-0.6418651221631966,1,0,0,1,0,0,0,0,0,1
1,0,0,0,-1.2816237461508113,1,0,0,0,0,0,0,0,1,-0.6262218221732232,-0.9901885962215248,1,0,0,1,0,0,0,0,0,1
0,0,0,0,1.0166139189390788,1,0,0,0,1,0,1,1,1,1.177013340008163,1.5264033436504334,0,1,0,0,0,0,0,0,1,0
1,1,0,0,-0.9682724018360284,1,1,0,0,1,0,1,1,1,1.1797011885455546,-0.6245125545657636,0,1,0,1,0,0,0,0,1,0
1,0,1,0,-0.4253405222161074,1,1,0,0,0,0,0,1,1,0.6700115698467264,-0.18589050961017148,0,1,0,1,0,0,0,0,1,0
0,0,1,0,0.6369715231805503,1,1,0,0,0,0,1,1,1,1.021670791164642,1.0498394331603484,0,1,0,1,0,0,0,0,1,0
0,0,0,0,-0.7931549280876836,1,0,0,1,1,0,0,0,1,0.5278124637526439,-0.5294361056769399,0,1,0,1,0,0,0,0,1,0
0,0,1,0,0.8324170200940424,1,1,0,1,0,0,0,1,0,1.1061318002578213,1.2461989883514142,0,1,0,1,0,0,0,1,0,0
1,0,0,0,-0.7506874660140186,1,1,0,0,0,0,0,0,0,-0.42653330237549847,-0.6908522221261645,1,0,0,1,0,0,0,0,1,0
0,0,0,0,-0.6243684443911441,1,1,0,1,0,0,1,0,1,0.8307323382461826,-0.36948004874473894,0,1,0,1,0,0,0,0,0,0
1,0,0,0,-0.3180999250747176,0,0,0,1,1,0,0,1,1,-0.6617404891216427,-0.5352392423642638,1,0,0,0,1,0,0,0,0,0
1,0,1,0,0.030638460655341926,1,0,0,0,0,0,1,0,1,0.7363054558355058,0.2310677701795679,0,1,0,1,0,0,0,0,0,1
0,0,0,0,-0.24469177040893142,0,0,0,1,0,0,0,0,1,-1.1289625061760975,-0.6663003789417453,1,0,0,1,0,0,0,0,1,0
1,0,0,0,-0.23580543914543498,1,1,0,0,0,1,0,0,1,0.4937005187105141,-0.0654253436879432,0,1,0,1,0,0,0,0,1,0
1,1,1,0,-1.14429274113122,1,1,0,0,0,0,0,0,0,0.3544111334953175,-0.8600216897439562,0,1,0,1,0,0,0,0,1,0
0,0,0,0,-0.5043794377167198,1,0,0,1,1,0,1,1,1,1.1756444041844496,-0.16665646094411415,0,1,0,1,0,0,0,0,1,0
1,0,0,0,0.9156791931861007,1,1,0,0,0,0,1,1,1,1.0574946682964583,1.3087254796056373,0,1,0,1,0,0,0,0,1,0
0,1,0,0,-0.19298473282103534,1,1,0,0,0,0,0,0,1,0.6042256991019739,-0.011902716671453019,0,1,0,1,0,0,0,0,1,0
1,0,0,1,-0.02912614995616443,1,0,0,0,0,1,1,1,1,0.41096167182943,0.09488063481668649,1,0,0,0,1,0,0,0,0,1
1,0,0,0,-1.1969053776783267,1,0,0,0,0,0,0,0,1,0.171321603264848,-0.928540442536704,0,1,0,1,0,0,0,0,1,0
0,0,0,0,-1.1132181861951707,1,0,0,0,0,0,0,0,1,-0.6607517693807782,-0.9186399743738478,1,0,0,1,0,0,0,0,1,0
0,0,0,0,-0.8063638400033049,0,0,0,0,0,0,0,1,1,-0.7493972202583234,-0.7569899573845336,1,0,0,0,0,0,0,1,0,0
1,1,1,0,-0.29795950586413056,1,1,0,0,0,0,1,1,1,0.9809930311916518,0.013638920361902646,0,1,0,1,0,0,0,0,1,0
0,1,1,0,-0.2711605977735213,1,1,0,0,0,1,1,1,0,1.286701603173299,0.18949854342761574,0,1,0,1,0,0,1,0,0,0
1,0,0,0,-0.43141917328657353,1,1,0,1,0,0,0,0,1,0.4897964329955104,-0.24458918097770552,0,1,0,1,0,0,0,0,1,0
1,0,0,0,-1.025300341059339,1,1,0,0,0,0,0,0,0,-0.3928717042288664,-0.8461093724318225,1,0,0,1,0,0,0,0,1,0
0,0,0,0,0.06166550352279012,1,0,0,0,0,0,0,0,1,0.19375193447456748,0.05965397834460398,0,1,0,1,0,0,0,1,0,0
0,0,0,0,-1.1014730046292243,1,0,0,0,0,0,0,0,1,-0.5516612806683286,-0.9015669497976455,1,0,0,1,0,0,0,0,1,0
0,0,1,1,0.9555550636233598,1,1,1,1,1,0,1,0,1,1.18406001936877,1.4140787117423925,0,1,0,1,0,0,0,0,1,0
1,0,0,0,-1.2816237461508113,0,0,0,0,0,0,0,0,1,-1.3438957057396923,-0.9996842690880177,1,0,0,1,0,0,0,0,1,0
0,0,0,0,-1.259936901371447,1,1,0,0,0,0,0,0,0,0.3607132742516402,-0.9576274412924728,0,1,0,1,0,0,0,0,1,0
0,0,0,0,-1.2722331323228144,1,1,0,0,0,0,1,1,1,0.9696208790912058,-0.9587676213393512,0,1,0,1,0,0,0,0,1,0
1,0,0,0,0.13813758022754188,1,1,0,0,0,0,0,1,1,0.6577171864813366,0.3239038963148545,0,1,0,1,0,0,0,0,1,0
0,0,0,0,-1.1188008067964355,1,0,0,0,0,0,0,1,0,0.47973433498018403,-0.8380410367178874,0,1,0,1,0,0,0,0,1,0
1,0,0,0,1.5497030251816353,1,1,0,1,0,1,1,1,1,1.5451722365395517,2.4932204710788364,0,1,0,0,1,0,1,0,0,0
1,1,1,0,-0.5872825467007889,1,0,0,0,0,0,0,0,0,0.44594259235025063,-0.385347028376156,0,1,0,1,0,0,0,0,1,0
0,0,1,1,0.5876444254397829,0,0,0,1,0,0,0,1,1,-0.30896212879160756,0.12671499982163895,1,0,0,0,1,0,1,0,0,0
0,1,0,0,0.708225939780739,0,0,0,1,0,0,1,1,1,-0.3370236302735267,0.1644704025440192,1,0,0,1,0,0,0,0,1,0
0,0,0,0,-1.2537179895247998,1,0,0,0,0,0,1,1,0,0.8459078215886442,-0.9413154028251555,0,1,0,1,0,0,0,0,1,0
1,0,0,0,-1.2816237461508113,1,0,0,0,0,0,0,0,0,-1.4883874093541412,-1.0015960649341014,0,0,1,1,0,0,0,0,0,1
0,0,0,0,-0.6648496898580625,1,0,1,0,0,0,0,0,1,-0.11581946053914212,-0.5718034817522658,1,0,0,1,0,0,1,0,0,0
0,0,0,0,-0.5161089448366084,0,0,0,0,0,0,0,0,1,-1.3432680462045974,-0.8005425149106251,1,0,0,1,0,0,0,0,1,0
0,0,1,0,-1.2816237461508113,1,0,0,0,0,0,0,0,1,-1.4655301290664007,-1.0012936361273688,0,0,1,1,0,0,0,0,0,1
0,0,0,0,-1.273767133868553,1,1,0,0,0,0,0,1,1,0.6646337566494632,-0.9654822338716117,0,1,0,1,0,0,0,0,1,0
0,0,0,0,-1.2816237461508113,1,1,0,0,0,0,0,0,1,0.646352433455096,-0.973350936239088,0,1,0,1,0,0,0,0,0,1
0,0,0,0,-0.9966836022806536,1,1,0,0,1,0,1,1,0,1.1544138606397025,-0.65087432863314,0,1,0,1,0,0,0,0,1,0
0,0,0,0,-0.053447905390651806,1,1,0,1,0,0,1,0,1,0.8205803184233685,0.19342388952720713,0,1,0,1,0,0,0,1,0,0
1,0,0,0,-1.168440326846153,1,1,0,0,0,0,0,1,1,0.8188237888870832,-0.8585576978060276,0,1,0,1,0,0,0,0,1,0
0,0,0,0,-0.8968714914253262,1,1,0,0,0,1,1,0,0,0.9887199290686877,-0.5597310886165546,0,1,0,1,0,0,0,0,1,0
0,1,0,0,-1.2816237461508113,1,0,0,0,0,0,0,0,1,0.23989838012977777,-0.9787288032815072,0,1,0,1,0,0,0,0,1,0
1,1,0,0,0.7790052330569135,1,1,0,0,0,0,1,1,1,1.0959087471007705,1.1949487169237125,0,1,0,1,0,0,0,0,1,0
1,1,0,0,-1.0166462199090958,1,1,0,0,1,0,1,1,1,1.1979786488542,-0.6732537449976452,0,1,0,1,0,0,0,0,1,0
1,0,1,0,0.12894659683981424,1,1,0,1,1,0,0,1,1,1.0879812362233285,0.5078506862730445,0,1,0,1,0,0,0,0,1,0
1,0,0,0,-1.2816237461508113,1,0,0,0,0,0,1,0,1,0.46805484151250537,-0.9757100239037477,0,1,0,1,0,0,0,0,1,0
1,1,0,0,-1.1166863702500165,1,0,0,0,0,0,0,0,0,0.26143574888639026,-0.8386709274007195,0,1,0,1,0,0,0,0,0,1
0,1,1,0,-0.504097668574029,1,0,0,0,0,0,0,1,0,0.5077396758861563,-0.29963399477915925,0,1,0,1,0,0,0,0,1,0
0,0,0,0,-1.2816237461508113,1,0,0,0,0,0,0,0,1,0.13734808170522472,-0.9800856648149961,0,1,0,1,0,0,0,0,1,0
0,0,0,0,0.11276462186866108,1,0,1,0,1,1,1,0,1,1.18590491084245,0.5200417271616147,0,1,0,0,1,0,0,0,1,0
0,1,0,0,-1.1595065416350294,1,1,0,0,0,0,1,1,1,0.9896552396611182,-0.8289631994602785,0,1,0,1,0,0,0,0,1,0
1,0,0,0,-1.1936092801051674,1,0,0,0,0,0,0,0,1,0.19635756763576334,-0.9172064999828893,0,1,0,1,0,0,0,0,0,1
1,1,1,0,-1.121452740422344,1,1,0,0,0,0,1,1,1,1.0327105597260442,-0.7990401854169171,0,1,0,1,0,0,0,0,1,0
1,0,0,0,-1.2728382020767648,1,0,0,0,0,0,0,0,1,-1.488690710143805,-0.9997830164217717,0,0,1,1,0,0,0,0,0,1
0,0,1,1,-1.2779874773355038,1,0,0,0,0,0,0,0,1,0.17716769723519038,-0.9762298995224434,0,1,0,1,0,0,0,0,1,0
1,0,0,0,0.43669137132423025,1,0,0,1,0,0,1,1,0,1.2041940743280095,0.9654915558858033,0,1,0,1,0,0,0,0,1,0
0,0,0,0,-0.5896262538947137,1,1,0,0,0,1,1,1,0,1.1564984827512765,-0.21240391559134944,0,1,0,1,0,0,1,0,0,0
1,0,0,0,-0.8925043376450525,1,1,0,0,0,0,1,0,1,0.6853705961484662,-0.6120348431127132,0,1,0,1,0,0,0,0,1,0
0,0,0,0,-1.1213742994070275,1,0,0,0,0,0,0,0,1,-0.5613954653718845,-0.9113768171360417,1,0,0,1,0,0,0,0,1,0
1,1,0,0,-0.712503942820647,1,1,0,0,1,0,1,1,1,1.1281839294884497,-0.3567026301649909,0,1,0,1,0,0,0,0,1,0
1,0,0,0,-0.8227468834194903,1,0,0,1,0,0,0,0,1,0.3387645044264102,-0.6017533497256968,0,1,0,1,0,0,0,0,1,0
1,0,0,1,-1.1641990599500565,1,0,0,0,0,0,0,0,1,-0.5217145531245878,-0.9318107411557899,1,0,0,1,0,0,0,0,1,0
1,0,0,0,-0.9072744320050512,1,0,0,0,0,0,0,0,1,-0.5966421914545982,-0.8196198833574079,1,0,0,0,0,0,0,0,1,0
0,0,0,0,-1.2816237461508113,1,0,0,0,0,0,0,0,1,0.17462284231465483,-0.9795924757202987,0,1,0,1,0,0,0,0,1,0
1,0,0,0,-1.1742745221199051,1,0,0,0,0,0,0,0,1,0.17608239867583886,-0.9105725509400943,0,1,0,1,0,0,0,0,1,0
0,0,0,0,-0.7202516358615856,1,0,0,0,0,0,1,1,1,0.8358515677920909,-0.43583408316892736,0,1,0,1,0,0,1,0,0,0
0,0,1,0,0.8501643436782356,1,1,0,1,1,1,1,1,0,1.5319078641727626,1.556101699630197,0,1,0,0,0,0,0,0,1,0
0,0,0,0,0.23561492256271258,1,0,1,0,1,1,0,0,1,1.0600875480491079,0.6208123643989724,0,1,0,0,1,0,0,0,1,0
1,0,1,0,-1.1873330433777507,1,0,0,0,0,0,0,0,1,0.14259800671647568,-0.9153075624776024,0,1,0,1,0,0,0,0,1,0
0,0,0,0,-0.700890977252437,1,0,0,1,0,0,0,0,1,0.34090747646392705,-0.49850700890792393,0,1,0,1,0,0,0,1,0,0
1,0,1,0,-0.8413537835283226,1,1,1,1,0,0,0,0,0,0.9159608679812162,-0.5497311800045384,0,1,0,1,0,0,0,1,0,0
1,0,1,0,0.422041963590821,1,1,0,0,0,0,1,1,1,1.051320296090364,0.740301813745513,0,1,0,1,0,0,1,0,0,0
1,0,0,0,-1.249559891986835,1,0,0,0,0,0,1,1,1,0.7963838757097497,-0.9388333698867664,0,1,0,1,0,0,0,0,1,0
0,0,1,0,1.2173014260123476,1,0,1,1,0,0,0,1,1,1.1050827890030814,1.6821739778880207,0,1,0,0,1,0,0,1,0,0
0,1,1,0,-1.0520619455012552,1,1,0,0,0,0,0,1,1,0.6407115611856908,-0.78245743590724,0,1,0,1,0,0,0,0,1,0
0,0,0,0,-0.8406459670937806,1,0,1,0,0,1,1,1,1,1.1333995500800305,-0.5232565533963124,0,1,0,1,0,0,1,0,0,0
1,0,0,0,-0.685556329878752,1,0,0,0,0,1,0,0,0,-0.4463569525397048,-0.6466561670379326,1,0,0,1,0,0,0,0,0,1
1,0,0,0,-1.2700764812053802,1,0,0,0,0,0,0,0,0,-0.6521565906366804,-0.9861538012455219,1,0,0,1,0,0,0,0,0,1
0,0,0,0,-1.2438522571793955,1,0,0,0,0,0,0,0,1,-0.6497429597893328,-0.9758534858401935,1,0,0,1,0,0,0,1,0,0
1,0,1,0,-0.9966836022806536,1,0,1,0,0,0,0,0,0,0.31874996404278383,-0.7419087315683585,0,1,0,1,0,0,0,0,1,0
0,0,0,0,-0.9599209424997476,1,0,0,0,0,0,0,0,0,0.20122442902288906,-0.7183236162881395,0,1,0,1,0,0,0,0,1,0
0,1,0,0,0.36783431421816126,1,1,0,0,0,0,0,0,1,0.6388635805881333,0.5191545761579042,0,1,0,1,0,0,0,0,1,0
0,0,0,0,-0.745832129392366,1,0,0,1,0,1,0,0,0,-0.25843961880824373,-0.6687884284939067,1,0,0,1,0,0,0,0,0,1
1,1,0,0,-0.8196959845482316,1,1,0,0,0,0,1,1,1,0.9940072606388964,-0.48224190700410274,0,1,0,1,0,0,0,0,1,0
0,0,0,0,-0.30468611002455576,1,0,0,1,1,0,1,1,1,1.1238125350326005,0.07466163758931933,0,1,0,1,0,0,0,0,1,0
1,0,0,0,-0.9864467673146379,1,0,0,0,0,1,1,1,1,1.1152537493141061,-0.657876656686038,0,1,0,1,0,0,0,0,1,0
0,1,0,0,-1.1440303420525268,1,0,0,0,0,0,1,1,1,0.8471945771160561,-0.8305202957488029,0,1,0,1,0,0,0,0,1,0
0,0,1,0,-0.10051069632721132,1,1,0,0,1,0,0,1,1,1.0423280283974297,0.286304747026887,0,1,0,1,0,0,1,0,0,0
0,1,0,0,-1.0750819455137275,1,1,0,0,0,0,1,0,1,0.663967142399641,-0.7994999978257098,0,1,0,1,0,0,0,0,1,0
0,0,1,0,-0.4446133229816128,1,0,0,1,1,0,1,1,1,1.1566964374261097,-0.0470638675718651,0,1,0,1,0,0,0,1,0,0
1,0,0,0,-0.47887178848489914,0,0,0,0,0,0,0,0,0,-0.7669854064284561,-0.6414917554132296,1,0,0,0,1,0,1,0,0,0
0,0,0,0,-1.0527712593626615,1,0,1,0,0,0,1,1,1,0.2785830331607294,-0.7845345912495117,1,0,0,1,0,0,0,0,1,0
0,0,0,0,-1.2528495943538338,1,0,0,0,0,0,0,0,0,0.13712718918426214,-0.9583011956380787,0,1,0,1,0,0,0,0,1,0
0,0,0,0,-0.8456388674422572,1,1,1,0,0,1,0,1,0,0.27720402984056375,-0.6257237313043348,1,0,0,1,0,0,0,0,1,0
0,0,0,0,-1.1968019563539074,1,1,0,0,0,0,0,0,1,0.3089937952184008,-0.9153096178271565,0,1,0,1,0,0,0,0,1,0
1,0,0,0,-0.4970453347986896,0,0,1,0,0,0,0,0,0,-0.8538267818955246,-0.6546370799602255,1,0,0,1,0,0,0,0,0,1
0,1,0,0,0.5999980227197509,1,1,0,1,0,0,0,0,1,0.9829049070915454,0.9654494933072594,0,1,0,1,0,0,0,0,1,0
0,0,0,0,-0.11410210352459481,1,0,0,0,0,0,0,0,1,0.1752556878876998,-0.11441374673133978,0,1,0,1,0,0,0,0,1,0
0,1,0,0,-1.2816237461508113,1,0,0,0,0,0,0,0,1,0.15892496017943084,-0.9798001772360793,0,1,0,1,0,0,0,0,1,0
0,0,1,1,-0.9560874248581378,0,0,0,1,0,0,0,0,0,-0.8456250962406193,-0.886893075129178,1,0,0,1,0,0,0,0,0,1
1,0,0,0,-1.2816237461508113,0,0,0,0,0,0,0,1,1,-0.9823510883234583,-0.9949006069090833,1,0,0,1,0,0,0,0,0,0
1,0,0,0,-1.0050562534352623,1,1,0,1,0,0,1,1,0,1.1847870344270106,-0.6637936389207973,0,1,0,1,0,0,0,0,1,0
0,0,0,0,-1.2013890245073895,0,0,0,0,0,1,0,0,1,-1.1342693076129768,-0.9721013508823388,1,0,0,1,0,0,0,0,1,0
0,0,0,0,-0.4359700229822936,1,1,0,0,1,0,0,1,1,0.7990020313214868,-0.15195289503814935,0,1,0,1,0,0,0,0,1,0
0,0,0,0,-1.2724500485838768,1,0,0,0,0,0,0,1,0,0.49540391212416396,-0.9675609020183585,0,1,0,1,0,0,0,0,1,0
0,0,1,0,1.346974197066368,1,1,0,1,1,0,1,1,0,1.3399763605416672,2.0548001759615673,0,1,0,0,1,0,0,0,1,0
1,0,0,1,-1.2816237461508113,1,0,0,0,0,0,0,0,0,-1.5039065128697962,-1.0018014009976537,0,0,1,1,0,0,0,0,0,1
1,1,0,0,0.07675640770394215,1,1,0,0,1,0,1,1,1,1.2062372220025563,0.4942093163969456,0,1,0,1,0,0,0,0,1,0
1,0,1,0,-1.2611007467318838,1,0,0,0,0,0,0,0,1,0.31649429698620146,-0.961892685573134,0,1,0,1,0,0,1,0,0,0
0,0,0,0,-0.671561121307523,1,1,0,0,0,1,1,1,1,1.182148013050326,-0.3123868000414484,0,1,0,1,0,0,1,0,0,0
1,0,0,0,-1.2002122764736234,1,0,0,0,0,0,1,0,1,0.48315514060862513,-0.8982843287047168,0,1,0,1,0,0,0,0,1,0
1,0,0,0,-0.6376698908915146,1,0,1,0,0,0,1,1,0,0.9639560434021891,-0.30363383539736133,0,1,0,1,0,0,0,0,0,0
1,0,0,0,-1.2816237461508113,1,0,0,0,0,0,0,0,1,0.3385438253937222,-0.9774236075659534,0,1,0,1,0,0,0,0,0,1
1,0,1,0,-0.6880355161215224,1,1,0,0,0,0,0,0,1,0.3105479191316673,-0.47901561267586984,0,1,0,1,0,0,1,0,0,0
0,0,0,0,-1.1896436795278598,1,0,0,0,0,0,1,0,1,0.5078527003651683,-0.9052216206114799,0,1,0,1,0,0,0,0,1,0
0,0,0,0,-1.2586375988669656,1,0,0,0,0,0,0,0,1,-0.5163189349249155,-0.9728172460629569,1,0,0,1,0,0,1,0,0,0
0,1,0,0,-1.2816237461508113,1,0,0,0,0,0,0,0,1,0.14734388894388453,-0.9799534084827701,0,1,0,1,0,0,0,0,1,0
0,0,1,1,0.09597524357303798,1,0,0,0,0,0,0,0,1,-1.5065049493425118,-0.6916461258797585,0,0,1,1,0,0,0,0,0,1
0,0,0,0,-1.1463396616034844,1,0,1,0,0,0,0,0,0,-0.34314934685905385,-0.8963171198952568,1,0,0,1,0,0,0,0,1,0
1,1,0,0,-1.2816237461508113,1,1,0,0,0,0,0,0,1,0.3417167447206315,-0.9773816260968627,0,1,0,1,0,0,0,0,1,0
1,0,0,0,1.4680799358009309,1,1,0,1,0,1,1,1,1,1.4214511401210002,2.217310295048076,0,1,0,0,1,0,1,0,0,0
0,0,0,0,-0.2876916838129694,1,1,0,0,1,0,0,1,1,0.8106868359637779,-0.004300971026147932,0,1,0,1,0,0,0,0,1,0
0,0,0,0,-1.2816237461508113,1,0,0,0,0,0,0,0,1,0.14599632490466208,-0.979971238346133,0,1,0,1,0,0,0,0,1,0
0,0,0,0,-1.2816237461508113,1,0,0,0,0,0,0,0,1,-1.4884207093825685,-1.001596505532796,0,0,1,1,0,0,0,0,0,1
1,0,0,0,-1.0597059171666268,1,1,0,0,0,0,0,1,1,0.705869611493607,-0.7779867250061753,0,1,0,1,0,0,0,0,1,0
0,1,0,0,-0.21400608092867562,1,1,0,0,0,0,0,0,1,0.6528511267630541,-0.007929116255477969,0,1,0,1,0,0,0,0,1,0
0,0,1,0,-0.30317067000770603,1,0,0,1,0,0,0,1,0,0.6511569836248868,-0.09199012699666617,0,1,0,1,0,0,0,0,1,0
0,1,0,0,-1.2816237461508113,0,0,0,0,0,0,1,0,0,-0.8357468478498374,-0.9929608597059942,1,0,0,1,0,0,0,0,1,0
0,1,0,0,0.9566768421266931,1,1,0,0,1,0,1,1,1,1.2030643430281194,1.48930133127342,0,1,0,0,1,0,0,0,1,0
0,0,1,1,-0.7892716334805218,1,1,0,0,0,1,0,0,1,0.8448278720210796,-0.4788226822352731,0,1,0,1,0,0,0,0,1,0
0,1,0,0,0.9571916699718578,1,1,0,0,1,0,1,1,1,1.3190188575839379,1.4532448419498547,0,1,0,0,1,0,1,0,0,0
0,0,0,0,0.5210117807165738,1,0,0,0,0,0,0,0,0,0.18364652192054093,0.3871558511651935,0,1,0,1,0,0,1,0,0,0
1,0,0,0,-0.18906022420021157,1,1,0,0,0,0,0,1,1,0.6369542126899553,0.04501044688371547,0,1,0,1,0,0,0,0,1,0
1,0,0,0,-1.2816237461508113,1,0,0,0,0,0,0,0,1,0.16349428080639053,-0.9797397197290009,0,1,0,1,0,0,0,0,1,0
1,1,1,0,0.10218047488459336,1,0,0,0,0,0,0,1,1,0.9094242458239958,0.3867743920750022,0,1,0,1,0,0,0,0,1,0
0,0,1,1,-1.1628181652827085,0,0,1,0,0,0,0,0,0,-1.1164117347789573,-0.9465340068573779,1,0,0,1,0,0,1,0,0,0
0,0,0,0,-0.47850648444508337,1,1,0,0,1,0,0,0,1,0.528657005492472,-0.2622875235109812,0,1,0,1,0,0,0,0,1,0
0,0,0,0,-0.6103895921432528,1,1,1,1,0,0,0,0,1,0.9840163898531935,-0.2817639143369353,0,1,0,1,0,0,0,0,1,0
1,1,1,0,0.1746737219431704,1,1,0,0,0,0,1,1,0,1.1128121650389982,0.5853981084724115,0,1,0,1,0,0,0,0,1,0
0,0,0,0,0.20950896807925723,1,1,0,1,1,0,1,1,1,1.292858822240906,0.6143308135539463,0,1,0,1,0,0,1,0,0,0
0,0,1,0,-0.9670298539437251,1,0,0,0,0,0,1,1,0,0.9190742457117607,-0.6370670570532023,0,1,0,1,0,0,0,0,1,0
1,1,0,0,-1.2816237461508113,1,1,0,0,0,0,0,0,1,0.3164748149401481,-0.9777156066320374,0,1,0,1,0,0,0,0,1,0
0,1,1,0,0.8872107446581391,1,1,0,0,1,0,1,0,1,1.10716014336006,1.3454999740265123,0,1,0,1,0,0,1,0,0,0
0,1,0,0,-0.6119564182343699,0,0,0,0,0,0,1,0,1,-0.7963034636074727,-0.7041643358770279,1,0,0,1,0,0,0,0,1,0
0,0,0,0,-1.263103732552732,1,0,0,0,0,0,0,0,0,-1.5075265255223318,-0.9994421990536401,0,0,1,1,0,0,0,0,0,1
0,0,0,0,-0.8720702796931837,1,1,0,0,0,0,0,0,1,0.3855880660431047,-0.6406592686911844,0,1,0,1,0,0,0,0,1,0
0,1,1,0,-0.15460649448467959,1,1,0,0,0,0,1,1,1,0.9777092195237868,0.1439832928732307,0,1,0,1,0,0,0,0,1,0
0,0,1,0,-0.4941554350867683,1,0,0,0,0,0,1,1,1,0.8035282921370513,-0.19629713437872623,0,1,0,1,0,0,0,0,0,1
1,0,1,1,-0.13379740532581919,1,0,0,0,0,0,0,0,1,0.18811197455241715,-0.06932562324809123,0,1,0,1,0,0,1,0,0,0
1,0,0,0,-1.205574392996478,1,0,0,0,0,0,1,0,1,0.49828868651699365,-0.9025901405375255,0,1,0,1,0,0,0,0,1,0
1,0,1,0,1.1495661550402416,1,1,0,1,1,0,1,0,1,1.2588053809555377,1.6827123221329385,0,1,0,1,0,0,0,0,1,0
0,0,0,0,-0.5785892472423,1,0,0,1,0,0,0,0,1,0.30476585682678364,-0.40713853623023266,0,1,0,1,0,0,0,1,0,0
0,0,0,0,-1.2816237461508113,1,0,0,0,0,0,0,0,0,-1.4625986828042599,-1.0012548496320421,0,0,1,1,0,0,0,0,0,1
0,1,0,0,-1.2816237461508113,1,0,0,0,0,0,0,0,0,-0.5686614659356579,-0.9894270047446349,1,0,0,1,0,0,0,0,0,1
0,0,0,0,-1.2816237461508113,1,0,0,0,0,0,0,0,0,-0.6594230021916148,-0.9906278870351592,1,0,0,1,0,0,0,0,0,1
0,0,0,0,-1.0401896401527613,0,0,1,0,0,0,0,0,1,-1.115793776691227,-0.9213805373640832,1,0,0,1,0,0,0,0,1,0
0,0,0,0,-1.2070894624219208,1,0,0,0,0,1,0,0,1,-0.4931862972753724,-0.9547233462546291,1,0,0,1,0,0,0,0,1,0
0,0,1,0,-0.8500331124213643,1,1,0,0,0,0,0,0,1,0.33469948353303636,-0.6365555643954587,0,1,0,1,0,0,0,1,0,0
1,0,0,0,-1.1394939964216122,1,0,0,0,0,0,1,1,1,0.9052825973704364,-0.8298120872248514,0,1,0,1,0,0,0,0,1,0
0,0,0,0,-1.228806082951199,1,0,0,0,0,0,1,0,1,0.4988148501699686,-0.9334054121243105,0,1,0,1,0,0,0,0,1,0
1,0,0,0,-1.134681414796412,0,0,1,0,0,0,0,0,1,-0.8188643368815873,-0.9442287120916368,1,0,0,1,0,0,0,0,1,0
1,0,1,1,-0.988543769357116,1,0,0,0,0,0,1,0,1,0.5872403819947327,-0.7223786948133185,0,1,0,1,0,0,1,0,0,0
0,0,0,0,-0.6515040594598683,1,1,0,0,0,0,1,1,1,1.1322875686974179,-0.29922557674836076,0,1,0,1,0,0,1,0,0,0
0,0,1,0,-0.38980692797342403,1,1,0,0,1,0,1,1,1,1.2329874828261442,0.017753133895017426,0,1,0,1,0,0,0,0,1,0
1,0,0,0,-0.7142238163762455,1,0,0,0,0,0,0,0,1,0.26389472861853847,-0.5202497363429242,0,1,0,1,0,0,0,1,0,0
0,0,0,0,-1.0569368377021706,1,0,0,0,0,0,0,0,0,-1.487682060749278,-0.9441713318119043,0,0,1,1,0,0,0,0,0,1
1,0,0,0,1.4425308255293978,1,1,0,1,0,1,1,1,1,1.5636006727681937,2.2977509276812684,0,1,0,0,1,0,1,0,0,0
1,0,0,0,1.4445209367080971,1,1,0,1,1,1,1,1,0,1.4443653317888032,2.139541484716417,0,1,0,0,0,0,0,0,1,0
0,1,1,0,0.42855787411071944,0,0,0,1,0,0,0,0,1,-1.0742234139396178,-0.38334808696568573,1,0,0,1,0,0,0,0,1,0
0,0,0,0,-1.1591434003298595,1,0,0,0,0,0,0,0,1,-0.6581991458527351,-0.938242533555703,1,0,0,1,0,0,0,0,1,0
0,0,0,0,0.8771137280894219,1,0,1,1,0,1,1,1,1,1.3429659799093976,1.4693862993144795,0,1,0,0,1,0,0,1,0,0
1,0,0,0,-0.9640521022892452,1,1,0,0,0,0,1,1,1,1.0089915625271835,-0.6548144411432616,0,1,0,1,0,0,0,0,1,0
0,0,1,1,-0.17394114073933736,1,0,0,0,0,0,1,1,1,0.890484031906529,0.11286163067151656,0,1,0,0,1,0,0,0,1,0
1,1,0,0,-1.2734854880161424,1,1,0,0,0,0,1,1,1,0.9646465470375066,-0.9614411969488714,0,1,0,1,0,0,0,0,1,0
0,0,1,1,1.2919643364869848,1,1,0,1,1,0,1,0,1,1.205018793900493,1.8288102211779846,0,1,0,1,0,0,0,0,1,0
1,0,0,0,-0.9918542408803996,1,0,0,0,0,1,0,0,0,-0.4502584475927648,-0.8220140159823317,1,0,0,1,0,0,0,0,0,1
0,1,0,0,-0.8502389546507201,1,1,0,1,0,0,0,0,1,0.48339255863729647,-0.6122128771465504,0,1,0,1,0,0,0,0,1,0
1,0,0,0,-1.1940232280046037,1,1,0,1,0,0,0,0,1,0.6097702327963128,-0.8928445647795644,0,1,0,1,0,0,0,0,1,0
1,1,0,0,-0.08097544607721491,1,1,0,0,0,0,1,1,1,1.0784185466357008,0.27207443301322015,0,1,0,1,0,0,0,1,0,0
1,0,0,0,-1.2816237461508113,1,0,0,0,0,0,0,0,1,0.14667250356636527,-0.9799622917040468,0,1,0,1,0,0,0,0,1,0
0,0,0,0,-1.2816237461508113,1,0,0,0,0,0,0,0,1,0.1821428618158368,-0.9794929769831034,0,1,0,1,0,0,0,0,1,0
0,0,0,0,-1.2816237461508113,1,0,0,0,0,0,0,0,1,0.15312926707920257,-0.9798768610990072,0,1,0,1,0,0,0,0,1,0
0,0,0,0,-1.2816237461508113,1,0,0,1,0,0,0,0,1,0.2680874053310711,-0.9783558291941591,0,1,0,1,0,0,0,0,1,0
1,0,0,0,-1.2506470580584876,1,0,0,0,0,0,0,0,1,-0.6557946611561309,-0.9733894805375178,1,0,0,1,0,0,0,0,0,1
0,0,0,0,0.3408561487889926,1,1,0,1,1,0,1,1,1,1.6013342193376159,0.990762726815719,0,1,0,1,0,0,1,0,0,0
0,0,0,0,-1.2816237461508113,1,1,0,0,0,0,0,0,1,0.42356812112023723,-0.9762986357418278,0,1,0,1,0,0,0,0,0,1
0,0,0,0,-1.053368711981673,1,1,0,0,1,0,1,1,0,1.4143240609494043,-0.6938988175723108,0,1,0,1,0,0,0,1,0,0
1,1,1,0,1.4980589110957592,1,1,0,1,1,0,1,1,1,1.2628912940380175,2.0778069290515777,0,1,0,1,0,0,0,0,1,0
0,0,1,0,0.8350744654560759,1,0,0,0,1,0,1,1,1,1.228809573604305,1.3985213837474886,0,1,0,0,1,0,1,0,0,0
0,0,1,1,-0.8651672049976689,1,0,1,1,0,0,0,0,0,-0.24269007695595193,-0.6983208039337978,1,0,0,1,0,0,0,0,0,0
0,0,0,0,-0.11680758760305618,1,1,0,0,0,0,0,0,0,-1.331336734348073,-0.6650258958956695,0,0,1,0,0,1,0,1,0,0
0,0,0,0,-0.8711801954101812,1,1,0,0,0,0,0,0,1,0.42264208939874914,-0.6328708703094981,0,1,0,1,0,0,0,0,1,0
1,0,1,0,-0.9776746443265647,1,1,0,0,0,0,1,0,1,0.5983340213942042,-0.7211224514894391,0,1,0,1,0,0,0,0,1,0
0,1,0,0,-0.957022361805931,1,1,0,0,0,0,0,1,1,0.6482425467620531,-0.6765684286196605,0,1,0,1,0,0,0,0,1,0
0,0,1,1,-1.2516391259761337,0,0,1,0,0,0,0,0,0,-1.1522851312242206,-0.9871230777188915,1,0,0,1,0,0,0,0,0,0
1,0,0,0,-1.034731942209787,1,0,0,0,0,0,0,0,0,-0.48521324807683197,-0.8327306619846175,1,0,0,0,0,0,0,1,0,0
0,0,0,0,-1.2816237461508113,1,0,0,0,0,0,0,0,0,0.20013234927980433,-0.9792549548230317,0,1,0,1,0,0,0,0,0,1
0,0,1,1,-0.45262497161070386,1,1,0,0,1,0,0,1,1,1.301980288635905,0.008642368302254289,0,1,0,1,0,0,1,0,0,0
0,0,0,0,-1.0525390891018105,0,0,1,0,1,1,0,0,0,-0.5774359549943465,-0.8557702049780957,1,0,0,1,0,0,0,0,0,1
0,0,0,0,-1.2073185653925957,1,0,0,0,0,0,0,0,1,0.1660736156403271,-0.9267554545881048,0,1,0,1,0,0,0,0,1,0
1,0,0,0,-1.102004731554239,1,0,0,0,0,0,0,0,0,-0.622863287851875,-0.9037756098274764,1,0,0,1,0,0,0,0,1,0
0,0,0,0,-1.2816237461508113,1,0,0,0,0,0,1,0,0,0.48745282819946206,-0.975453365635883,0,1,0,1,0,0,0,0,1,0
1,0,1,0,-1.1190628103662683,1,0,0,0,0,0,0,0,1,-1.2957232704263524,-0.9512566602789635,0,0,1,1,0,0,0,0,0,0
1,0,0,0,0.7863947468544418,1,1,0,1,1,0,1,1,1,1.3301906723811538,1.3773701114528478,0,1,0,0,1,0,0,0,0,0
0,0,0,0,-0.8446849742118946,1,0,0,0,0,0,0,0,1,-0.45920550890921474,-0.7441494672590507,1,0,0,1,0,0,0,0,0,1
0,0,1,1,-0.6303319887333076,1,0,1,0,1,0,1,0,1,1.2020455277773687,-0.26335230261812675,0,1,0,1,0,0,0,0,1,0
0,0,0,0,-1.163291793962141,1,0,0,0,0,0,0,0,1,0.1854840522567643,-0.8930713751326316,0,1,0,1,0,0,0,1,0,0
1,0,0,0,-1.2648612168220783,1,0,0,0,0,0,1,1,1,0.9225873499196922,-0.9512812569275494,0,1,0,1,0,0,0,0,1,0
0,0,0,0,0.22293941787908572,0,0,0,0,0,0,1,1,1,-0.22941704424415724,-0.051223839432902527,1,0,0,1,0,0,0,0,1,0
1,0,0,0,-1.2816237461508113,1,0,0,0,1,0,0,0,0,-0.47446532316421636,-0.9881806785545301,1,0,0,1,0,0,0,0,0,1
0,0,0,0,0.09181158547997045,1,1,0,0,1,0,0,1,1,1.1497696791935477,0.5178860793958553,0,1,0,1,0,0,0,0,1,0
0,0,1,0,-0.37958598201687177,1,0,0,0,1,0,1,1,1,1.0764062052801497,-0.038148108208317294,0,1,0,1,0,0,0,1,0,0
1,0,0,0,-0.3682474876165873,1,1,0,0,1,0,1,0,1,1.0915098795318865,0.015372206621734191,0,1,0,1,0,0,0,0,0,1
1,1,0,0,-0.7456407097639106,1,0,0,0,0,0,1,1,0,1.0918421938659513,-0.412203182191034,0,1,0,1,0,0,0,1,0,0
0,0,0,0,-1.2247776854084604,1,0,0,0,0,0,0,0,0,0.31515245679576204,-0.9352566113784919,0,1,0,1,0,0,0,1,0,0
1,0,0,0,-1.1044342926759356,1,0,0,0,0,0,0,0,0,-0.5671141717644961,-0.9021943557416385,1,0,0,1,0,0,0,0,1,0
0,0,1,1,-1.1356923434262187,1,0,0,0,0,0,0,0,1,0.2619420610967418,-0.8519837865381921,0,1,0,1,0,0,0,0,1,0
1,0,0,0,-1.1485232909475318,1,1,0,1,0,0,0,1,1,0.831333197825543,-0.8328601449993724,0,1,0,1,0,0,0,0,1,0
0,0,1,1,-1.2816237461508113,1,0,0,0,0,0,0,0,1,0.16027906303163889,-0.9797822608564999,0,1,0,1,0,0,0,0,0,1
1,0,1,0,-0.9356960037580206,1,0,0,1,1,1,1,0,1,0.9539979235672114,-0.6098703036941258,0,1,0,1,0,0,0,0,0,1
0,0,0,0,1.3016578319459724,1,0,1,0,0,1,0,0,0,0.16234888260632213,0.9664357883865501,1,0,0,0,0,1,0,1,0,0
0,0,0,0,-1.1595065416350294,1,1,0,1,0,0,0,0,0,0.44390272384799734,-0.8755371558152294,0,1,0,1,0,0,1,0,0,0
0,0,0,0,-1.227312594938478,1,1,0,0,0,0,0,0,1,0.2966070093366313,-0.9323788505395494,0,1,0,1,0,0,0,1,0,0
1,1,1,0,-1.2816237461508113,1,1,0,0,0,0,0,0,1,0.3081821398155954,-0.9778253285154359,0,1,0,1,0,0,0,0,1,0
0,0,0,0,0.24139605299835618,0,0,0,0,0,0,0,0,0,-1.1703313632868924,-0.5339517886704899,1,0,0,1,0,0,0,1,0,0
1,0,0,0,1.203743260149287,1,1,1,0,1,0,1,1,1,1.5097462101234764,2.0183419307016717,0,1,0,0,0,1,0,1,0,0
0,0,1,0,-0.8380783607208268,1,0,0,0,0,0,1,1,0,0.7928371476805851,-0.521929866508688,0,1,0,1,0,0,0,0,1,0
0,1,1,0,-1.2132624126960023,1,1,0,0,0,0,1,1,1,1.1680031502255757,-0.9054819825894624,0,1,0,1,0,0,0,0,1,0
0,0,0,0,-0.17187398793711328,1,0,1,0,0,0,0,0,1,0.03564592450380555,-0.1944574645943698,1,0,0,1,0,0,1,0,0,0
1,0,0,0,-1.1175453003454594,1,0,0,0,0,0,0,0,0,0.27843831118830126,-0.8396162895281636,0,1,0,1,0,0,0,0,0,1
0,1,0,0,-0.36079201397589455,1,1,0,0,0,0,0,0,1,0.3034184884812257,-0.25055302410814906,0,1,0,1,0,0,0,0,1,0
1,0,0,0,-0.9224852237977135,0,0,0,0,0,0,0,0,0,-1.1874515142510076,-0.8998995115396516,1,0,0,1,0,0,0,0,0,1
0,0,0,0,-0.6788380455539786,1,0,0,0,0,0,0,1,1,-0.1606465457736966,-0.6032498747901581,1,0,0,1,0,0,0,0,0,1
0,0,0,0,-1.2816237461508113,1,0,0,0,0,0,0,0,1,-0.6391105701142467,-0.9903591295750565,1,0,0,1,0,0,0,0,1,0
1,0,0,0,-1.141743392812901,0,0,0,0,1,0,1,1,1,-0.4803059362485613,-0.9114268729551812,1,0,0,1,0,0,0,0,1,0
0,0,1,1,-1.200145010710561,1,0,0,0,0,0,0,1,1,0.5103419899866288,-0.9005294110913403,0,1,0,1,0,0,0,0,1,0
1,0,0,1,-1.259842378162283,1,0,0,0,0,0,0,0,0,-0.5160665029404841,-0.9771487349103732,1,0,0,1,0,0,0,0,1,0
1,1,1,0,1.2131988941667207,1,1,0,0,1,0,1,1,1,1.1710181761499503,1.743926232411357,0,1,0,1,0,0,0,0,1,0
0,0,0,0,-1.2816237461508113,0,0,0,0,0,0,0,0,0,-1.3068573778633537,-0.9991942082775451,1,0,0,1,0,0,0,0,0,1
1,0,0,0,-1.2816237461508113,1,0,0,0,0,0,0,0,1,0.20881064436758942,-0.9791401307322022,0,1,0,1,0,0,0,0,0,1
0,0,0,0,0.16925259839250134,1,1,0,1,0,0,1,1,1,1.1661269283096827,0.6126986897372654,0,1,0,1,0,0,0,0,1,0
0,0,0,0,-1.2098461996926966,1,0,0,0,0,0,0,0,1,-0.4948679772533393,-0.9494889211248799,1,0,0,1,0,0,0,0,0,1
0,0,1,1,1.273486844272143,1,0,0,1,1,0,1,1,1,1.2734859650325812,1.9302865555537543,0,1,0,1,0,0,0,0,1,0
1,0,0,0,-1.2816237461508113,1,0,0,0,0,0,0,0,1,-1.463831739181656,-1.0012711644238352,0,0,1,1,0,0,0,0,0,1
0,0,0,0,-0.46792309284378497,1,0,0,0,0,0,1,0,1,0.5065130830327959,-0.25364344656446025,0,1,0,1,0,0,0,0,1,0
1,0,0,0,-1.2816237461508113,1,0,0,0,0,0,0,0,1,0.1509345405167883,-0.9799058999228313,0,1,0,1,0,0,0,0,1,0
0,1,0,0,-1.2816237461508113,0,0,0,0,0,0,0,0,1,-1.3258025314202255,-0.9994448750284202,1,0,0,1,0,0,0,0,1,0
0,0,0,0,-1.2002122764736234,1,1,0,0,0,0,0,0,0,0.345822202923964,-0.9038107678254205,0,1,0,1,0,0,0,0,1,0
1,0,0,0,-1.1777810461445917,1,0,0,0,0,0,0,0,1,0.1897599578020892,-0.9061262208812297,0,1,0,1,0,0,0,0,0,1
1,0,0,0,-0.8070591531508137,1,0,0,0,0,0,0,0,1,0.3018514177892093,-0.5990139156432583,0,1,0,1,0,0,0,0,0,1
1,0,0,0,-0.6066879542331163,1,1,0,1,0,0,0,0,1,0.5228199598945102,-0.38751935064002385,0,1,0,1,0,0,0,0,1,0
0,0,0,0,-0.02270019673311599,1,0,0,0,0,0,1,0,0,0.6303361558642104,0.20675643216431933,0,1,0,0,0,0,0,0,1,0
1,0,1,1,-0.6516839517464011,1,1,0,0,1,0,1,1,0,1.261245881211923,-0.24693209301518215,0,1,0,1,0,0,0,0,1,0
0,0,0,0,-1.2186869153463906,1,1,0,0,0,0,1,0,1,0.8262660070008933,-0.9100570299505049,0,1,0,1,0,0,0,0,1,0
0,0,0,0,-0.33166216262638804,0,0,0,0,0,0,0,0,1,-1.2449181792545951,-0.7193942204602032,1,0,0,1,0,0,0,0,1,0
1,0,0,0,-1.2816237461508113,1,0,0,0,0,0,0,0,1,0.15895463909808122,-0.9797997845489423,0,1,0,1,0,0,0,0,1,0
0,0,1,0,0.7488336059413675,1,1,0,0,0,0,1,1,1,0.9880858908145562,1.1019002760795378,0,1,0,1,0,0,0,0,1,0
1,0,0,0,-0.7494217420391013,1,1,0,0,0,0,1,0,1,0.6546273299785744,-0.46836730615876304,0,1,0,1,0,0,0,0,1,0
0,1,0,0,-1.0958938377696317,1,0,0,0,0,0,1,0,1,0.5047581871859796,-0.8072471274520029,0,1,0,1,0,0,0,0,1,0
0,0,0,0,-1.2816237461508113,1,0,0,0,0,0,1,0,0,-0.3706589104971894,-0.986807197146468,1,0,0,1,0,0,0,0,0,1
0,0,0,0,1.2957059693147195,1,1,0,0,1,0,1,1,1,1.196353604891452,1.7855822710232518,0,1,0,0,1,0,0,1,0,0
1,0,1,0,1.1578915841659185,1,0,0,1,1,0,0,0,0,0.8560261743117988,1.40978060137806,0,1,0,0,1,0,0,0,1,0
0,0,1,0,-0.8681468166794,1,1,0,0,0,0,0,0,1,0.6084513522507974,-0.6378583706229498,0,1,0,1,0,0,0,1,0,0
1,0,0,0,-1.2816237461508113,1,0,0,0,0,0,0,0,0,-1.4850582666416308,-1.00155201644516,0,0,1,1,0,0,0,0,0,1
1,1,1,0,0.6960707164054755,1,1,0,0,1,0,1,1,1,1.2366081226378582,1.2865506252287473,0,1,0,1,0,0,0,0,1,0
1,0,0,0,-1.2816237461508113,1,0,0,0,0,0,0,0,0,-1.4761147290774088,-1.0014336828831845,0,0,1,1,0,0,0,0,0,1
0,1,0,0,-0.7445528968763636,1,1,0,0,0,0,0,0,1,0.3315506832251661,-0.5369059500057956,0,1,0,1,0,0,0,1,0,0
0,0,1,0,-1.2002122764736234,1,1,0,0,0,0,0,0,1,0.3355258105876608,-0.9137222554202181,0,1,0,1,0,0,0,1,0,0
1,0,0,0,-1.241206114099936,1,0,0,0,0,0,0,0,1,-1.492558707055104,-0.9932919190038365,0,0,1,1,0,0,0,0,0,1
1,1,0,0,1.224772367012155,0,0,0,0,0,0,1,1,1,-0.5196851077938821,0.3442498426605004,1,0,0,0,0,0,0,0,1,0
0,0,0,0,-1.1968757460302288,1,0,0,0,1,0,0,1,1,0.8292332456188279,-0.8881343625815938,0,1,0,1,0,0,0,0,0,1
1,0,0,0,0.322463996256191,1,0,1,0,1,0,0,1,0,0.3654639071242673,0.3467854544572023,1,0,0,0,1,0,0,1,0,0
1,0,0,0,-1.2751552724139759,1,0,0,0,0,0,0,0,0,-0.6564008986286682,-0.9880133957553441,1,0,0,1,0,0,0,0,1,0
0,0,0,0,-0.8697550285837277,1,0,1,0,0,0,0,0,1,-0.4965261225808845,-0.7820248632115918,1,0,0,1,0,0,0,0,1,0
1,0,0,0,-1.1417436384269168,1,0,0,0,0,0,0,0,0,0.1941651864983997,-0.8744394485959432,0,1,0,1,0,0,0,1,0,0
1,0,1,1,-0.32537482076752433,1,0,1,0,0,0,1,1,0,1.1158688909777112,0.04786005620433441,0,1,0,1,0,0,0,0,0,0
1,1,0,0,0.7269211533870306,1,1,0,0,0,0,1,1,1,1.0449637724952403,1.1189459134876814,0,1,0,1,0,0,0,0,1,0
1,0,1,0,0.7501309283187905,1,1,0,0,0,0,1,0,0,0.9716030895520846,1.0920348470158139,0,1,0,1,0,0,0,0,1,0
0,0,0,0,-1.2816237461508113,1,0,0,0,0,0,0,0,1,-1.5035216912591367,-1.0017963093533702,0,0,1,1,0,0,0,0,0,1
0,0,0,0,-1.204857185174569,1,0,0,0,0,0,0,0,0,-0.6610624889844826,-0.956659604117983,1,0,0,1,0,0,0,0,1,0
0,0,1,0,0.8173419950921617,1,1,0,1,1,0,1,1,1,1.3243015938318083,1.4162656853002074,0,1,0,1,0,0,0,0,1,0
0,0,1,1,-0.1997224900060701,0,0,1,0,0,0,0,0,0,-0.9048653217291598,-0.5372727472562997,1,0,0,1,0,0,1,0,0,0
1,0,0,0,-1.2509714648179966,1,0,0,0,0,0,0,0,0,-0.6396969819960959,-0.9787456146790882,1,0,0,1,0,0,0,0,0,1
0,0,0,0,-1.1709544701979597,1,0,0,0,0,0,0,0,0,-0.6414881275156429,-0.9325362636360601,1,0,0,1,0,0,0,0,0,1
0,1,1,0,0.40770119418803047,1,1,0,0,1,1,1,1,1,1.4507190205133076,0.9803405358487508,0,1,0,0,1,0,0,0,1,0
1,0,0,0,-1.2816237461508113,1,0,0,0,0,0,0,0,1,-0.6704274965992413,-0.990773489489629,1,0,0,1,0,0,0,0,1,0
1,0,0,0,-0.9544476147303429,1,0,0,0,0,0,1,0,1,0.6936518604599765,-0.67910656472358,0,1,0,1,0,0,1,0,0,0
0,0,1,0,-0.8461359228032032,1,0,0,0,0,0,1,1,0,0.7942603372823409,-0.5297155452637295,0,1,0,1,0,0,0,0,1,0
1,0,0,0,1.432222235778911,1,0,1,1,1,1,1,1,1,1.7070911712356787,2.3896371678397785,0,1,0,0,1,0,1,0,0,0
1,0,1,0,-1.2816237461508113,1,0,0,0,0,0,1,0,1,0.6501394705335217,-0.9733008292670307,0,1,0,1,0,0,0,0,1,0
0,0,0,0,-0.5539797560030342,1,0,1,0,0,0,0,0,1,-0.25274782506617827,-0.5395870837765677,1,0,0,1,0,0,1,0,0,0
1,0,0,0,-1.2002122764736234,1,0,0,0,0,0,1,0,0,0.4743528987396369,-0.8932962567316409,0,1,0,1,0,0,0,0,1,0
0,1,0,0,0.4586212533098417,1,1,0,0,1,0,1,1,1,1.398586532760616,1.0070626117082788,0,1,0,0,1,0,0,0,1,0
0,0,0,0,-1.2625810850758814,1,0,0,1,0,0,0,0,0,-0.451961190258812,-0.9742096709805166,1,0,0,1,0,0,0,0,1,0
0,0,1,0,-1.1064354977289137,1,0,0,0,0,0,0,0,1,-0.5395760794162557,-0.9052760692796541,1,0,0,1,0,0,0,0,1,0
0,0,0,0,-1.0643407430184508,1,0,0,0,0,0,0,0,0,0.19082477102041787,-0.8066529048535053,0,1,0,1,0,0,0,0,1,0
1,0,0,0,-0.4173072036006026,1,1,0,1,0,0,0,0,1,0.549411040980912,-0.19534232200879312,0,1,0,1,0,0,0,0,1,0
0,0,0,0,-1.2816237461508113,1,0,0,0,0,0,0,0,0,-0.6910024531433013,-0.9910457204583997,1,0,0,1,0,0,0,0,0,1
1,0,0,0,-1.2083669910138695,1,0,0,0,0,0,0,0,1,-1.4962419128512972,-0.9865487327281495,0,0,1,1,0,0,0,0,0,1
0,1,0,0,-1.199323939071203,1,0,0,0,0,0,1,0,1,0.7215908801961094,-0.9127127585365794,0,1,0,1,0,0,0,0,1,0
0,0,0,1,-1.2542523703817374,1,0,1,0,0,0,0,0,1,0.45170519888606,-0.9485510374162088,0,1,0,1,0,0,0,0,0,1
1,0,0,0,-1.2409180113122174,0,0,0,0,0,0,0,0,0,-0.64618194414024,-0.9752090031383606,1,0,0,1,0,0,1,0,0,0
1,0,0,0,1.0906243278656225,1,0,0,1,1,0,1,1,0,1.2363800887223777,1.5836024349382845,0,1,0,1,0,0,0,0,1,0
1,0,1,1,0.6036984969656928,1,1,0,0,1,1,0,1,1,1.3843760510399497,1.2335314907524488,0,1,0,0,0,0,1,0,0,0
0,0,0,0,-1.031007750986915,1,1,0,0,0,0,0,0,1,0.2975590847250131,-0.7793257632173387,0,1,0,1,0,0,0,0,1,0
0,0,0,0,-1.2816237461508113,1,0,0,0,0,0,0,0,0,0.19104489103785946,-0.9793751926255062,0,1,0,1,0,0,0,0,0,1
1,0,0,0,-0.8868102332017557,1,1,0,0,0,0,1,1,1,1.0136802867797212,-0.5648691215037883,0,1,0,1,0,0,0,0,1,0
0,0,0,0,-1.1595065416350294,1,0,0,0,0,0,0,0,0,-0.6366508764731362,-0.9262276466633274,1,0,0,1,0,0,0,0,0,1
0,0,0,0,-0.274638794634972,1,0,0,0,0,0,1,1,1,0.798360533589537,-0.021312264154149996,0,1,0,1,0,0,1,0,0,0
0,0,0,1,-0.6490899902105945,1,0,0,1,0,0,0,0,1,0.5949859506220123,-0.419649933929635,0,1,0,1,0,0,1,0,0,0
0,0,0,0,-1.128301395529438,1,0,0,0,0,0,0,1,0,0.5903762939559983,-0.8384597563413342,0,1,0,1,0,0,0,0,1,0
1,1,0,0,-0.9805561828581112,1,0,0,0,0,0,0,0,1,0.17899351324089366,-0.7530500696117314,0,1,0,1,0,0,0,0,1,0
1,0,0,0,-1.2639301947510442,1,1,0,0,0,0,0,1,1,0.710434090111258,-0.9573404310290745,0,1,0,1,0,0,0,0,1,0
0,0,0,0,-1.1813275636874785,1,0,0,0,0,0,0,0,0,-1.4899936918473526,-0.9807735199274433,0,0,1,1,0,0,0,0,0,0
0,0,0,0,-0.5816494484923262,1,0,0,0,0,0,0,0,0,-1.481173075871279,-0.8352962142324539,0,0,1,0,1,0,1,0,0,0
0,0,0,0,-0.8993369475693067,1,1,0,0,0,0,0,0,1,0.3485968549518084,-0.6527357824389619,0,1,0,1,0,0,0,0,1,0
0,0,0,0,0.7560398717988466,0,0,0,1,0,0,1,0,1,-0.8504926082513949,-0.15610793026898578,1,0,0,1,0,0,0,0,1,0
0,0,0,0,-1.2816237461508113,0,0,0,0,0,0,0,0,0,-1.303681682752872,-0.9991521900815604,1,0,0,1,0,0,0,0,0,1
0,0,0,0,-0.0703743693032734,1,1,0,1,0,0,0,0,0,0.856203440652775,0.21115677270812241,0,1,0,1,0,0,0,1,0,0
0,0,0,0,-0.9376344850315774,1,1,0,0,0,0,0,0,1,0.338947991809364,-0.6871789611254127,0,1,0,1,0,0,0,0,1,0
0,0,0,0,0.14276218391840298,1,0,1,1,0,1,1,1,0,0.5520883680901594,0.27430448679418856,1,0,0,0,1,0,0,0,0,0
0,1,0,0,-1.2755429630121489,1,0,0,0,0,0,1,0,1,0.5050077861989769,-0.9685376643946302,0,1,0,1,0,0,0,0,1,0
0,0,0,0,-1.2816237461508113,1,1,0,0,0,0,0,0,1,0.3246446189308175,-0.9776075104788191,0,1,0,1,0,0,0,0,0,1
1,0,0,0,-1.1264179606847395,1,0,0,0,0,0,0,0,0,-1.4835072750720797,-0.9684163058879607,0,0,1,1,0,0,0,0,0,1
1,0,0,0,-0.9766565706608193,1,1,0,0,1,0,1,0,1,0.8078676433879052,-0.6760718920283955,0,1,0,1,0,0,0,0,0,0
0,0,0,0,-0.7507413553693745,1,0,0,1,0,0,0,0,1,-0.38596960612949904,-0.6883503117169205,1,0,0,1,0,0,0,0,0,1
0,1,0,0,-1.2816237461508113,1,0,0,0,0,0,0,0,1,0.15294836283462415,-0.979879254675764,0,1,0,1,0,0,0,0,1,0
0,0,0,0,-1.2057212572665503,1,0,0,1,0,0,0,0,1,0.460331841660102,-0.9072875187654912,0,1,0,1,0,0,0,0,1,0
1,0,0,0,-1.1695612889443656,0,0,1,0,0,0,0,0,1,-0.7366419390770128,-0.9526309322901704,1,0,0,1,0,0,0,0,1,0
0,0,0,0,-0.9781029899918513,1,0,0,0,0,0,1,0,1,0.6654685113088713,-0.6860154325900677,0,1,0,1,0,0,1,0,0,0
0,0,0,0,-1.2816237461508113,1,0,0,0,0,0,0,0,1,-0.6505778405320757,-0.9905108551025594,1,0,0,1,0,0,0,0,1,0
1,0,0,0,-1.1306666590713625,1,0,0,0,0,0,0,0,1,-0.5534934952553432,-0.9067970130326742,1,0,0,1,0,0,0,0,0,1
0,0,0,0,-1.2816237461508113,1,0,0,0,0,0,0,0,0,-1.503708674426946,-1.0017987833614588,0,0,1,1,0,0,0,0,1,0
0,0,1,1,-0.4124358136332371,1,1,0,0,0,0,0,0,1,-0.21226834565137154,-0.4020389789894865,1,0,0,1,0,0,0,0,1,0
1,0,0,0,0.4611730695118983,1,1,0,0,0,1,1,1,1,1.1721266957176066,0.8865760254186881,0,1,0,0,1,0,0,0,1,0
0,0,1,0,0.8248829939167626,1,1,0,0,1,0,0,0,1,0.4607604286953772,0.8708866270782218,0,1,0,1,0,0,0,0,1,0
0,0,0,0,-0.6028112749528354,1,0,0,1,0,0,0,0,1,0.3119237548571873,-0.425234189307952,0,1,0,1,0,0,0,1,0,0
1,1,0,0,-0.762058552395356,1,0,0,1,0,0,0,0,1,0.32704941793259534,-0.5794478605984795,0,1,0,1,0,0,0,0,1,0
0,0,0,0,-0.6327271921169608,1,1,0,0,0,0,0,0,1,0.2949247327613143,-0.4812609116014295,0,1,0,1,0,0,1,0,0,0
1,0,1,0,0.7820777587744621,0,0,0,1,1,0,1,1,0,-0.1735027619865244,0.3391831227400241,1,0,0,0,1,0,0,0,1,0
0,0,1,0,0.15417299897577283,1,0,1,0,1,1,1,1,1,1.305380363667023,0.6505890255351785,0,1,0,0,1,0,0,0,0,0
0,1,0,0,-0.7524491932490895,1,1,0,0,0,0,0,0,1,0.3205399360935261,-0.5289412395847094,0,1,0,1,0,0,0,0,1,0
0,0,1,0,0.873744482272169,1,1,0,1,0,0,1,1,1,1.2213217583682103,1.4342849557105453,0,1,0,0,0,0,0,0,1,0
1,0,0,0,-1.2816237461508113,1,0,0,0,0,0,0,0,0,-0.6040165635756651,-0.9898947944316221,1,0,0,1,0,0,0,0,1,0
0,0,0,0,-0.7304371550952657,1,1,1,0,0,0,0,0,1,-0.008528132917784679,-0.5845439058423504,1,0,0,1,0,0,1,0,0,0
0,0,0,0,-1.1145709454583457,1,0,0,0,1,0,1,1,1,1.1714603707151308,-0.7813843936281614,0,1,0,1,0,0,0,0,1,0
0,0,0,0,-1.1424284990292048,1,1,0,0,0,0,0,0,1,-0.45133121836506485,-0.9051439749814856,1,0,0,0,0,0,0,0,0,1
1,0,0,0,-1.2816237461508113,0,0,0,0,0,0,0,0,1,-1.365092243098352,-0.9999647243048914,1,0,0,1,0,0,0,0,1,0
1,0,0,0,-1.271096395022123,1,0,0,0,0,0,0,0,0,-0.5002919544068439,-0.9845311351961783,1,0,0,1,0,0,0,0,0,1
1,0,0,0,-0.752927969193403,1,0,0,1,1,0,0,0,1,0.48496881980671835,-0.545587303022437,0,1,0,1,0,0,0,0,1,0
0,0,1,0,-0.7255658995083529,1,1,0,0,0,0,1,0,1,0.6898952935679632,-0.44724454826436383,0,1,0,1,0,0,0,0,1,0
1,0,0,0,-1.1496049329257039,1,0,0,0,0,0,0,0,1,0.17124617526792374,-0.8966830088374611,0,1,0,1,0,0,0,0,1,0
1,0,1,0,-0.20117940196297346,1,1,0,0,1,0,1,1,1,0.3044738832794242,-0.11722589465832767,1,0,0,0,1,0,0,0,0,0
1,0,0,0,-1.2816237461508113,1,0,0,0,0,0,0,0,0,-1.4988502140428672,-1.0017345001939946,0,0,1,1,0,0,0,0,0,1
1,0,0,0,0.9354563976226071,1,0,0,1,1,0,1,1,0,1.2869775769735314,1.3838300403784203,0,1,0,1,0,0,0,0,1,0
0,0,0,0,-1.0908826144856518,1,1,0,0,0,0,1,0,1,0.6857659070521236,-0.8040385041943587,0,1,0,1,0,0,0,0,1,0
1,1,1,0,-0.24961564190972008,0,0,0,0,0,0,0,1,0,-0.9281604352635244,-0.5659295885438348,1,0,0,1,0,0,0,0,0,0
1,0,0,0,-1.2816237461508113,1,0,0,0,0,0,0,0,0,0.16784559375406424,-0.97968214672093,0,1,0,1,0,0,0,0,1,0
0,0,0,0,-1.2041819531262727,1,0,0,0,0,0,0,0,1,0.18536010545697665,-0.92838748697864,0,1,0,1,0,0,1,0,0,0
0,0,0,0,-0.31507323033297185,1,0,0,1,1,0,1,1,0,1.1479778272537677,0.019679837364751096,0,1,0,1,0,0,0,0,1,0
0,0,0,0,-0.4097145237686218,1,0,0,1,0,0,0,0,1,0.29675493696520927,-0.2748692535903466,0,1,0,1,0,0,0,1,0,0
0,0,0,0,-1.1968946669396554,1,0,0,0,1,1,1,0,1,0.7876171231396764,-0.8919492978773649,0,1,0,1,0,0,0,0,0,1
1,0,0,0,-1.1648149432392465,1,0,1,0,0,0,0,0,1,-0.5188008931198509,-0.9320811448282956,1,0,0,1,0,0,0,0,1,0
0,1,0,0,-1.2816237461508113,1,0,0,0,0,0,1,0,1,0.5891565097957812,-0.9741077058426671,0,1,0,1,0,0,0,0,1,0
0,1,0,0,-0.7635928622564718,1,1,0,0,0,0,1,1,1,0.9970793394684672,-0.4167744132201044,0,1,0,1,0,0,0,0,1,0
1,0,0,0,-1.2816237461508113,1,0,0,0,0,0,0,0,1,0.4194391898091586,-0.9763532663782716,0,1,0,1,0,0,0,0,0,1
0,0,0,0,-1.1794141917147378,1,0,0,0,0,0,0,0,1,-0.5814519452540267,-0.9407248325052049,1,0,0,1,0,0,0,0,1,0
0,1,0,0,-1.2816237461508113,1,0,0,1,0,0,0,0,1,0.653678430096202,-0.9732540046534222,0,1,0,1,0,0,0,0,1,0
1,0,0,0,-0.6594813441368281,1,1,0,0,1,0,1,1,1,0.49013621069831603,-0.45025892429033243,1,0,0,0,1,0,0,0,0,0
0,0,1,0,-1.0970765420767419,1,0,0,0,1,0,1,1,1,0.9781033247373392,-0.7699090268468757,0,1,0,1,0,0,0,0,1,0
0,0,0,0,-1.2816237461508113,1,0,0,0,0,0,0,0,0,0.29380077999922394,-0.9780156108864663,0,1,0,1,0,0,0,0,1,0
0,1,0,0,-1.1686404261321859,1,0,0,0,0,0,1,0,1,0.4734573359990041,-0.8886281370832414,0,1,0,1,0,0,0,0,1,0
1,0,0,0,-0.9923455905599741,1,0,0,1,0,0,0,0,1,0.31762662862229635,-0.7406974925444332,0,1,0,1,0,0,0,0,1,0
1,0,1,0,-1.2492124747664684,1,0,0,0,0,0,0,0,0,0.3373415781989871,-0.9510802667935151,0,1,0,1,0,0,0,0,1,0
0,0,0,0,-1.178909759273031,1,0,0,0,0,0,0,0,1,-0.5546110812741879,-0.9342622034210631,1,0,0,1,0,0,0,0,0,1
0,0,0,0,-1.2816237461508113,1,0,0,0,0,0,1,0,0,0.4918142975230218,-0.9753956582469671,0,1,0,1,0,0,0,0,1,0
1,0,0,0,-0.3706878841385348,1,1,0,1,0,0,0,0,1,0.5228080192491477,-0.19389246095497953,0,1,0,1,0,0,0,0,1,0
0,0,0,0,-1.054583709561752,1,0,0,0,0,0,1,1,1,0.9498723033484329,-0.758368669861571,0,1,0,1,0,0,0,0,1,0
0,0,0,1,-1.0177991430638564,1,0,0,0,0,0,1,1,0,0.013426769037298931,-0.7976024300182325,1,0,0,1,0,0,0,0,0,1
1,0,0,0,-1.1915616955123582,0,0,0,0,0,0,0,0,1,-1.2941871677369616,-0.970981238168952,1,0,0,1,0,0,0,0,1,0
1,0,0,0,-1.257036280376328,1,0,0,0,0,0,0,0,1,-0.6859332725550995,-0.9768300386183658,1,0,0,1,0,0,0,0,1,0
0,0,0,0,-1.087693916351161,1,0,0,0,0,0,1,1,1,0.9497759873353362,-0.772712580684758,0,1,0,1,0,0,0,0,0,1
0,0,0,0,1.0819978031119208,1,1,0,0,1,1,1,1,1,1.341929657099806,1.7722577606040464,0,1,0,0,1,0,0,0,1,0
0,1,0,0,0.8586189309199489,1,1,0,0,1,0,1,1,1,1.216162721967763,1.364484112120762,0,1,0,0,1,0,0,0,1,0
0,1,0,0,0.1395071879413941,1,1,0,0,0,0,1,1,1,1.0541363457216864,0.549637401424242,0,1,0,1,0,0,0,0,1,0
1,0,0,0,0.6624645690405974,1,0,0,1,0,1,1,1,0,1.2649167964058696,1.154991389679203,0,1,0,1,0,0,0,0,1,0
1,0,0,0,-1.008825708304914,1,1,0,0,0,0,1,0,1,0.6833595533293088,-0.7147361704247291,0,1,0,1,0,0,0,0,1,0
1,0,0,0,-1.1595376569755569,0,0,0,0,0,0,0,1,1,-0.9446018885995376,-0.9404829653366302,1,0,0,0,0,0,1,0,0,0
0,0,0,0,-1.2816237461508113,1,0,0,0,0,0,1,1,0,0.9659291413163811,-0.9691225590567928,0,1,0,1,0,0,0,0,1,0
0,0,0,0,-1.1507452062016743,1,0,0,1,0,0,0,0,1,0.6720998107913809,-0.8510799378701926,0,1,0,1,0,0,1,0,0,0
0,0,1,0,-0.8678586921430245,1,1,0,0,1,0,1,1,1,1.1495619576867164,-0.537687178694062,0,1,0,1,0,0,0,0,1,0
0,0,0,0,0.24678813568291963,1,1,0,1,1,0,1,1,1,1.2524776228998908,0.6435637364726905,0,1,0,1,0,0,1,0,0,0
0,0,1,0,-0.43625724972428515,0,0,0,0,1,0,1,1,1,-0.27608084988688847,-0.44471961988497144,1,0,0,1,0,0,0,0,0,0
1,0,1,0,-0.0776049405995526,1,1,0,0,0,0,0,0,1,0.33926785326783976,-0.02090115077397041,0,1,0,1,0,0,0,0,1,0
0,0,1,0,-1.182951369455295,1,1,0,1,0,0,0,1,1,0.8929446655403975,-0.8837207886124412,0,1,0,1,0,0,0,1,0,0
0,0,0,0,-1.2142845521704106,1,0,0,1,0,0,1,1,0,1.0074579179574383,-0.8967098332412888,0,1,0,1,0,0,0,0,1,0
0,0,0,0,-1.2816237461508113,1,0,0,0,0,0,0,0,0,0.15532815269110656,-0.9798477672460475,0,1,0,1,0,0,0,0,0,1
0,0,0,0,-0.8812636250918617,1,1,0,0,0,0,0,0,1,-0.3772848938795141,-0.7507885508808546,1,0,0,0,0,0,0,0,0,1
0,1,0,0,0.3654246321276947,1,1,0,0,0,1,1,0,1,1.0913691801580903,0.7592472554117466,0,1,0,1,0,0,0,0,1,0
0,0,0,0,0.5366083220443136,1,1,0,1,0,0,1,0,1,0.8338876114165912,0.7947229378677507,0,1,0,1,0,0,0,1,0,0
0,0,0,0,0.3657070684241257,1,1,0,1,1,0,1,1,1,1.2877904249005072,0.8673870468934072,0,1,0,1,0,0,0,0,1,0
1,0,0,0,-1.2816237461508113,1,0,0,0,0,0,0,0,1,0.21381085676807002,-0.9790739720181885,0,1,0,1,0,0,0,0,0,1
0,0,0,0,-1.2212009805266462,1,0,0,0,0,0,0,0,1,-0.6513914211995958,-0.9575767828787926,1,0,0,1,0,0,0,0,0,1
0,0,1,0,0.8037356775950328,1,1,0,1,0,0,1,1,0,1.3270156893243992,1.4652110716355011,0,1,0,1,0,0,0,0,1,0
1,0,0,0,-0.6468027187951584,1,1,0,0,1,1,1,1,1,1.4700956809410068,-0.20335033115226273,0,1,0,1,0,0,0,0,0,1
1,0,0,0,-1.1155668010965845,1,0,0,0,0,0,1,0,1,0.5196445000681369,-0.8248794923596933,0,1,0,1,0,0,0,0,1,0
0,0,1,0,-0.7384724725245039,1,1,1,1,1,0,0,0,0,0.8556294885335771,-0.4577384385202644,0,1,0,1,0,0,0,0,0,0
0,0,1,0,-0.13795598266923514,1,1,0,0,1,1,1,1,1,1.3157549454148185,0.3586425771830584,0,1,0,1,0,0,0,0,1,0
0,0,0,0,-1.2816237461508113,1,0,0,0,0,0,0,0,0,-1.4665694655924106,-1.001307387776795,0,0,1,1,0,0,0,0,0,1
0,1,0,0,-1.1976620550519714,1,0,0,0,0,0,0,1,0,0.5307658642261759,-0.8943752840441058,0,1,0,1,0,0,1,0,0,0
0,0,0,0,-1.2816237461508113,1,1,0,0,0,0,0,0,1,0.49436517285547527,-0.975361907154396,0,1,0,1,0,0,0,0,0,1
0,0,0,0,-1.0373893371192475,1,0,0,0,0,0,1,0,1,0.5252736925913768,-0.7610535622829505,0,1,0,1,0,0,0,0,1,0
1,0,0,0,0.26365458262044345,1,1,0,0,0,0,0,0,0,0.3464297768061433,0.31469024303250986,0,1,0,1,0,0,0,0,1,0
1,1,0,0,-0.9900314536280201,0,0,0,0,0,0,0,0,1,-1.1307091187021134,-0.8673271937819717,1,0,0,1,0,0,0,0,0,1
1,0,1,0,-0.8383219499374909,1,1,0,0,0,0,0,1,1,0.6727223943163579,-0.5759763424874985,0,1,0,1,0,0,0,0,1,0
1,0,1,1,-1.0538031874369183,1,0,0,0,1,0,0,0,1,-0.46896767098083497,-0.8586031621783471,1,0,0,1,0,0,0,0,1,0
0,0,0,0,-1.1371709086623876,1,0,0,0,1,0,0,0,1,0.3309822925247253,-0.8529852480118862,0,1,0,1,0,0,1,0,0,0
0,0,0,0,-0.9624424741998946,1,1,0,0,0,0,0,0,1,0.32625882054453853,-0.705941283678183,0,1,0,1,0,0,0,0,1,0
0,0,0,0,-1.1218136026275898,0,0,0,0,1,0,1,1,1,-0.5518722006265426,-0.901771072959775,1,0,0,1,0,0,0,0,1,0
0,0,0,0,0.0031976066351035587,1,1,0,0,0,0,1,0,1,0.7361883014820221,0.23434832019016716,0,1,0,1,0,0,0,0,1,0
0,0,1,0,-1.2585317170779613,1,0,0,0,0,0,1,0,0,-0.2628705887954924,-0.9677995476627059,1,0,0,1,0,0,0,0,0,0
0,0,0,0,-1.2816237461508113,1,0,0,0,0,0,0,0,0,0.15571085441283375,-0.9798427036503975,0,1,0,1,0,0,0,0,0,1
0,0,0,0,-0.9580647973527229,1,0,0,0,1,0,0,0,0,0.41815459316797976,-0.7229479525801681,0,1,0,1,0,0,0,0,0,0
0,0,1,0,0.8822535846833262,1,1,0,1,0,0,1,1,1,1.169306603672247,1.3487094116605376,0,1,0,1,0,0,0,1,0,0
0,0,1,1,0.4396080059570109,1,1,0,0,0,0,0,1,1,0.7939398422968191,0.6812709744436855,0,1,0,0,1,0,0,0,0,1
0,0,1,0,-1.1332855149113306,1,0,0,0,0,0,0,0,1,0.16163779258217445,-0.8634533043541107,0,1,0,1,0,0,0,0,1,0
1,0,1,0,-0.9720457267981686,1,0,0,0,0,0,0,0,1,0.17753224976743878,-0.7279437675182802,0,1,0,1,0,0,1,0,0,0
0,0,1,1,-1.100106079459708,1,0,0,0,0,1,0,0,1,0.6108721996536131,-0.7972044453812623,0,1,0,1,0,0,0,0,1,0
0,0,0,0,-1.0314141589121575,1,0,0,0,0,0,0,0,0,-1.492944037138003,-0.9451720308667597,0,0,1,1,0,0,0,1,0,0
1,0,0,0,-1.261506465319108,1,0,0,0,0,0,0,0,0,-0.6771566707197278,-0.9842986500523956,1,0,0,1,0,0,0,0,0,1
0,0,0,0,-1.1849880882032502,1,0,0,0,0,0,0,1,1,0.4946308759325491,-0.8886497613025921,0,1,0,1,0,0,1,0,0,0
0,0,0,0,-0.4258875751902145,0,0,0,0,1,0,1,0,1,-0.8448842576825415,-0.6422643698463698,1,0,0,1,0,0,0,0,1,0
1,0,0,0,0.4352320030475767,1,0,0,0,0,0,0,0,0,0.5986908938634125,0.590831519661904,0,1,0,1,0,0,0,0,0,1
0,0,1,0,-1.2816237461508113,1,0,0,0,0,0,0,0,1,0.15310987599233206,-0.9798771176659823,0,1,0,1,0,0,0,0,0,1
1,0,0,0,-1.2054995876640022,1,0,0,0,0,0,0,0,1,-0.6266985361294891,-0.948381772883101,1,0,0,1,0,0,0,0,0,1
0,0,0,0,-1.2816237461508113,1,0,0,0,0,0,0,0,0,-1.513495330376194,-1.0019282723751723,0,0,1,1,0,0,0,0,0,0
0,0,0,0,-1.2816237461508113,1,0,0,0,0,0,1,0,0,0.4907164306235728,-0.9754101843223432,0,1,0,1,0,0,0,0,1,0
1,0,0,0,-0.32227554818427534,1,1,0,1,1,0,1,1,1,1.322997842600116,0.13311331749762978,0,1,0,1,0,0,0,0,1,0
0,0,0,0,0.6510606951396216,1,1,0,0,1,0,0,0,1,0.6309714271592934,0.7991173509140511,0,1,0,1,0,0,0,0,1,0
0,0,0,0,-0.21951837765717705,0,0,0,0,0,1,0,0,0,-0.8110285680710707,-0.6257653157479555,1,0,0,1,0,0,0,1,0,0
1,1,0,0,-1.2816237461508113,1,0,0,0,0,0,0,0,1,0.20715845002174973,-0.9791619912142111,0,1,0,1,0,0,0,0,1,0
1,0,0,0,-1.2409180113122174,1,0,0,0,0,0,0,0,0,0.18105173115962842,-0.9495545506427677,0,1,0,1,0,0,0,1,0,0
0,0,0,0,-0.8985159061652669,1,0,0,0,0,0,1,0,1,0.5064746585390875,-0.6322536006529622,0,1,0,1,0,0,0,0,1,0
0,1,0,0,-1.0397146457020225,1,0,0,0,0,0,1,0,1,0.5465809211829773,-0.7755004721347631,0,1,0,1,0,0,0,1,0,0
0,0,0,0,-1.210629813667249,1,0,0,0,0,0,0,0,1,-0.6888440600806461,-0.9606621481524508,1,0,0,1,0,0,0,0,1,0
1,0,0,0,-0.6228356677679184,1,1,0,0,0,1,1,1,1,1.2262083444192313,-0.2363415292761007,0,1,0,1,0,0,0,0,0,1
0,0,0,0,-0.9169732303086477,1,1,0,0,1,0,1,1,0,1.1841778817500734,-0.5474883713970392,0,1,0,1,0,0,0,0,1,0
0,0,1,0,0.32476423014435496,1,0,1,0,1,1,1,1,1,1.378591541047236,0.9167290410674142,0,1,0,0,1,0,0,0,0,0
0,1,0,0,-1.276484047061223,0,0,0,0,0,0,0,0,1,-1.304126657601806,-0.9978802442555756,1,0,0,1,0,0,0,0,0,1
1,0,0,0,0.9967359608506912,1,0,0,0,0,0,0,0,0,-1.3823638917738499,-0.4600683079499719,0,0,1,0,0,1,0,0,0,0
0,0,0,0,-0.8328557216290583,1,1,1,0,0,0,1,1,1,1.1676395506438304,-0.4838763145788268,0,1,0,1,0,0,0,0,1,0
1,0,1,1,0.0009888198306074736,1,1,0,1,0,0,1,0,1,0.9805221523195293,0.34413413230814616,0,1,0,1,0,0,0,0,1,0
1,0,0,0,-0.4172803149222391,1,1,0,0,1,1,1,1,1,1.3187083943283346,0.040918363148730395,0,1,0,1,0,0,0,0,0,1
0,0,1,0,1.303286939837449,1,1,1,1,0,0,0,1,1,1.088145881805336,1.7608405364508444,0,1,0,0,1,0,0,1,0,0
0,0,0,0,-0.3504631430214303,1,1,0,0,0,0,1,0,1,0.8149180498951114,-0.06944297580461478,0,1,0,1,0,0,0,0,1,0
0,0,0,0,-0.7432016824401411,1,1,1,0,0,0,0,0,1,-0.008007847394422724,-0.5919166610563773,1,0,0,1,0,0,1,0,0,0
0,1,0,0,-1.2816237461508113,1,0,0,0,0,0,0,0,1,0.16468997945626798,-0.9797238992240527,0,1,0,1,0,0,0,0,1,0
0,1,1,0,-1.1642733604099753,1,1,0,1,0,0,0,0,1,0.6222273629209387,-0.881697116840988,0,1,0,1,0,0,0,0,1,0
0,1,0,0,-1.1885800501854602,1,1,0,0,0,0,0,0,1,0.3740952049278107,-0.8961443808601843,0,1,0,1,0,0,0,0,1,0
0,0,0,0,-1.1719563672902742,1,0,0,0,0,0,0,0,0,-1.4843951060127687,-0.9782303992863305,0,0,1,1,0,0,0,0,0,1
1,0,0,0,0.4269868750181952,1,0,0,1,0,0,1,1,0,1.202412710215506,0.8925608665475898,0,1,0,1,0,0,0,0,1,0
0,0,0,0,-0.6877891189695233,1,0,1,0,0,0,0,0,1,-0.5372753193577099,-0.6822342624870844,1,0,0,1,0,0,0,1,0,0
1,1,0,0,-1.093768636121057,1,0,0,0,1,0,0,1,1,1.0067934643643863,-0.7821093357691729,0,1,0,1,0,0,0,1,0,0
0,0,0,0,-0.8392646511914064,1,0,1,0,0,1,1,1,1,1.1321468127155319,-0.5222372720542131,0,1,0,1,0,0,1,0,0,0
0,0,0,0,-1.2692513845367615,1,0,0,0,0,0,1,0,1,0.5078686926330741,-0.9663955646604582,0,1,0,1,0,0,0,0,1,0
1,0,1,1,0.2734394557346622,1,0,0,0,0,0,1,0,0,0.5150226643748859,0.37290305014910274,0,1,0,1,0,0,0,0,1,0
1,1,1,0,-0.48006578788420656,1,0,0,0,0,0,0,0,1,0.14390423351956783,-0.3712257398260359,0,1,0,1,0,0,0,0,0,0
0,0,0,0,-1.1844841278934246,1,0,1,1,0,0,0,0,0,-0.3155462933448977,-0.9265604449233369,1,0,0,1,0,0,0,0,0,0
1,0,0,0,0.3777888770557808,1,1,0,1,0,0,1,1,1,1.244719164149563,0.8733712624093223,0,1,0,1,0,0,0,0,1,0
0,0,0,0,-1.2816237461508113,1,0,0,0,0,0,1,0,0,0.5704383013459395,-0.9743553698418127,0,1,0,1,0,0,0,0,1,0
0,1,1,0,-0.8609293620788394,1,1,0,0,1,0,1,0,1,1.1326955184058551,-0.524192747636,0,1,0,1,0,0,0,0,1,0
0,0,0,0,-0.8037500958937362,1,1,0,0,0,0,1,1,1,1.1222429621274024,-0.44953923928837997,0,1,0,1,0,0,0,0,1,0
0,0,0,1,-1.1595065416350294,1,1,0,1,1,0,0,0,0,0.6570483627809011,-0.8486881419231539,0,1,0,1,0,0,1,0,0,0
0,0,1,1,-0.6586276108317436,1,0,0,1,0,0,0,0,1,0.6776700420038526,-0.4132989604699776,0,1,0,1,0,0,1,0,0,0
1,0,0,0,-1.2816237461508113,1,0,0,0,0,0,0,0,0,-0.6434054411797093,-0.9904159557903824,1,0,0,1,0,0,0,1,0,0
1,0,0,0,-1.2002122764736234,1,0,0,0,0,0,0,0,1,-0.5376303117194384,-0.9375308108247473,1,0,0,1,0,0,0,0,1,0
1,0,0,0,-1.2816237461508113,1,0,0,0,0,0,0,0,0,-1.5031150515235203,-1.0017909290295317,0,0,1,1,0,0,0,0,0,1
0,1,0,0,-1.2816237461508113,1,0,0,0,0,0,0,0,1,0.1587874646212493,-0.9798019964646607,0,1,0,1,0,0,0,0,1,0
1,1,1,0,-0.47219171422327855,1,1,1,0,0,0,0,0,1,0.46843272337594194,-0.33290230076255833,0,1,0,1,0,0,0,0,1,0
1,0,0,0,-0.11527926952698936,1,0,0,1,0,1,0,0,1,-0.1386015269935248,-0.17329669425583522,1,0,0,0,1,0,0,0,0,0
0,0,0,0,0.23598387647304858,1,1,0,1,0,0,1,1,1,1.1683616196275388,0.6869172062375346,0,1,0,1,0,0,0,0,1,0
1,0,0,0,-1.273124509066923,1,0,0,0,0,0,0,0,1,-0.6398541699904532,-0.9867320623021196,1,0,0,1,0,0,0,0,1,0
1,0,1,1,1.373406011404602,1,0,0,1,1,0,0,0,0,0.7586782972049176,1.5656570801865546,0,1,0,0,1,0,0,0,1,0
1,0,0,0,-1.2816237461508113,1,0,0,0,0,0,1,1,1,0.835580538183376,-0.9708472249841698,0,1,0,1,0,0,0,0,1,0
0,0,1,0,-1.1526639604982083,1,1,0,0,0,0,0,1,1,0.6960548676017266,-0.835919549042894,0,1,0,1,0,0,0,0,1,0
1,1,0,0,-0.877854079229062,1,0,0,0,0,0,1,1,1,0.856271997669345,-0.5688448625234898,0,1,0,1,0,0,0,0,1,0
0,0,0,0,-0.09184185852150828,0,0,0,1,0,0,0,0,1,-1.1398689567975253,-0.6163191574189435,1,0,0,1,0,0,0,0,1,0
1,0,1,0,-0.6824368488534918,1,1,0,0,0,0,0,0,1,0.30575565268337035,-0.4683299655914022,0,1,0,1,0,0,1,0,0,0
1,0,0,0,-1.2409180113122174,1,0,0,0,0,0,0,0,1,-0.6610696742600678,-0.9675276187559538,1,0,0,1,0,0,0,0,1,0
1,1,0,0,-1.0799483069099496,1,0,0,0,0,0,0,0,1,0.15877158111574666,-0.8271740280085489,0,1,0,1,0,0,0,0,1,0
1,0,0,0,0.31679641097379424,1,1,0,1,0,0,1,1,1,1.2071824207294808,0.8117302017056433,0,1,0,1,0,0,0,0,1,0
0,0,0,0,0.9371613469470943,1,1,0,0,1,0,1,1,1,1.314837976898134,1.4229505743172743,0,1,0,0,1,0,1,0,0,0
0,0,1,1,1.3721904313684967,1,1,0,0,0,0,0,1,1,1.1926089408413385,1.87057462424558,0,1,0,0,1,0,0,1,0,0
0,0,0,1,-1.2016782166288804,1,0,1,0,0,0,0,0,1,0.7667168591811239,-0.8918013476881107,0,1,0,1,0,0,0,0,0,1
0,0,1,1,-0.9046753103976587,1,1,1,0,0,0,1,1,1,1.1769182474010882,-0.5318840388193657,0,1,0,1,0,0,0,0,1,0
1,0,0,0,-1.1483804835145481,1,0,0,0,0,0,1,0,1,0.5296326330963094,-0.8517937050735964,0,1,0,1,0,0,0,0,1,0
1,0,0,0,-1.2692186288702523,0,0,0,0,1,0,0,1,1,-0.7417962845852956,-0.9862184716033304,1,0,0,1,0,0,0,0,1,0
0,0,0,0,0.41103110393617004,0,0,0,0,0,0,1,1,1,-0.47025811192134515,-0.05118705909922444,1,0,0,1,0,0,0,0,1,0
0,1,0,0,-0.6749753188514545,1,0,0,0,1,0,1,1,1,1.0141495484476175,-0.3577348386470097,0,1,0,1,0,0,0,1,0,0
1,0,0,0,-1.1580436358586113,1,0,1,0,0,0,0,0,0,-0.5616766301706348,-0.9261114602141403,1,0,0,1,0,0,0,0,1,0
1,0,0,0,-1.1371314768769702,1,1,0,1,0,0,0,0,1,0.652974564208382,-0.8412378506811272,0,1,0,1,0,0,0,0,1,0
0,0,1,1,-0.8851081914708333,1,0,1,1,0,0,0,0,0,-0.2480240763172245,-0.7125258931407225,1,0,0,1,0,0,0,0,0,0
1,0,0,0,-0.7843986904588836,1,0,1,0,0,0,1,1,0,1.043997755715274,-0.44315548457241416,0,1,0,1,0,0,0,0,1,0
0,0,0,0,-1.2409180113122174,1,0,0,0,0,0,1,0,1,0.5187633867061545,-0.94625828803722,0,1,0,1,0,0,0,0,1,0
1,1,1,0,0.9079593398108743,1,1,1,0,1,0,1,0,1,1.228443718482167,1.4229260397375068,0,1,0,0,0,0,1,0,0,0
0,0,0,0,-0.6781065393347591,1,0,0,1,0,1,0,0,1,-0.36553970190883317,-0.64815453459072,1,0,0,1,0,0,0,0,0,0
0,0,1,0,0.5183161464022745,1,1,0,0,0,0,0,0,1,-1.3301505690392703,-0.5484991391203716,0,0,1,0,0,1,0,0,0,0
1,0,0,0,-0.9520618040651949,1,1,0,0,0,0,1,1,0,0.9909707734650396,-0.6409060001084964,0,1,0,1,0,0,0,0,1,0
0,0,0,0,-1.2816237461508113,1,0,0,0,0,0,0,0,0,0.18350077272384724,-0.9794750102184496,0,1,0,1,0,0,0,0,1,0
1,1,0,0,-1.0813785859727971,1,1,0,0,0,0,0,0,1,0.4873078242302619,-0.8197286508685384,0,1,0,1,0,0,0,0,1,0
1,0,0,0,1.4415800366744818,1,1,1,0,0,1,1,1,0,1.579901961850688,2.3271690275385457,0,1,0,0,0,1,0,1,0,0
1,0,0,0,-1.2816237461508113,1,0,0,0,0,0,0,0,0,-0.6650652619151198,-0.9907025407933482,1,0,0,1,0,0,0,0,0,1
0,0,0,0,-1.2796640566350985,1,1,0,0,0,0,1,1,1,0.961745831449333,-0.9670271722734253,0,1,0,1,0,0,0,0,1,0
0,0,0,1,-0.9140937035370251,1,0,0,0,0,0,0,0,0,-1.4874552924694355,-0.9218036761282349,0,0,1,1,0,0,0,1,0,0
0,0,0,0,-1.2816237461508113,1,0,0,0,0,0,0,0,1,0.15300742382824697,-0.9798784732290827,0,1,0,1,0,0,0,0,1,0
0,1,1,0,1.0924142147639442,1,1,0,0,1,0,1,1,1,0.9637464149793031,1.4252805193291975,0,0,0,0,0,0,1,0,0,0
0,0,0,0,-1.2574762262174857,1,0,0,0,0,0,1,0,1,0.5081480611374727,-0.9586404437556345,0,1,0,1,0,0,0,0,1,0
0,0,1,0,-1.0417732430727538,1,1,0,0,0,0,1,0,1,0.7027257537744883,-0.7604406759265414,0,1,0,1,0,0,0,0,1,0
1,0,0,0,-1.1368745381985748,1,1,0,0,0,0,0,1,1,0.6946364579823853,-0.8387126505098745,0,1,0,1,0,0,0,0,1,0
1,1,0,0,-1.0127560911634825,1,1,0,0,0,0,0,0,1,0.527930051144111,-0.7654243754510589,0,1,0,1,0,0,0,0,1,0
0,0,0,0,-0.6624977987286167,0,0,0,0,0,0,1,0,1,-0.8130943553140816,-0.7261432696508723,1,0,0,1,0,0,0,0,1,0
0,1,0,0,-0.5344037863174725,1,1,0,0,0,0,1,1,1,0.9783957243056003,-0.20549028799354094,0,1,0,1,0,0,0,0,1,0
1,0,0,0,-0.24986758834444622,1,1,0,0,0,0,0,1,1,0.6320724442271627,-0.008571815979726971,0,1,0,1,0,0,0,0,1,0
1,0,0,0,-1.2816237461508113,1,0,0,0,0,0,1,0,1,0.4782225503573592,-0.9755754931103006,0,1,0,1,0,0,0,0,1,0
1,0,0,0,0.42857427483850175,1,1,0,1,0,0,0,0,1,0.431132197837098,0.46897051131980155,0,1,0,1,0,0,0,0,1,0
1,1,0,0,0.11411923144222905,1,1,0,0,1,0,1,1,1,1.2087681237840675,0.5403619837563026,0,1,0,1,0,0,0,0,1,0
1,0,0,0,-1.2426639363754959,0,0,0,0,0,0,1,0,1,-0.7919304999853569,-0.9803521620060861,1,0,0,1,0,0,0,0,0,1
0,0,0,0,-0.437165514453574,1,1,0,0,0,0,1,0,1,0.8217756378690861,-0.1473101617226085,0,1,0,1,0,0,0,0,1,0
0,0,0,0,-0.7186075234206748,1,1,1,0,0,0,0,0,1,-0.009010311845425476,-0.5777111437468644,1,0,0,1,0,0,1,0,0,0
1,1,1,0,-0.04433572935866728,1,1,0,0,0,0,1,1,1,1.0344675493286237,0.33524983704443906,0,1,0,1,0,0,0,0,1,0
1,0,0,0,-1.2409180113122174,1,0,0,0,0,0,0,0,0,-0.637717138282377,-0.9751550934197124,1,0,0,1,0,0,0,0,0,1
1,0,0,0,-1.2447385410609073,0,0,0,0,0,0,0,0,0,-1.1798052843496507,-0.9793115868649608,1,0,0,1,0,0,1,0,0,0
1,0,0,0,-0.6859925113387544,1,1,0,0,0,0,0,0,0,-0.4216525370069274,-0.6549015842691958,1,0,0,1,0,0,0,0,1,0
0,0,0,0,-0.5902450452827865,1,0,0,1,0,0,0,1,1,0.8404035019478469,-0.27851601557547406,0,1,0,1,0,0,0,0,0,0
0,0,1,0,-0.495305074500771,1,1,1,0,1,0,1,1,1,1.2948629657180475,-0.05896638699883397,0,1,0,1,0,0,0,0,1,0
1,1,0,0,-1.2816237461508113,1,1,0,0,0,0,0,0,1,0.3180644480652146,-0.977694573908848,0,1,0,1,0,0,0,0,1,0
1,0,0,0,-1.2234866902241417,1,0,0,0,0,0,0,0,1,-0.5995285288521714,-0.9538992091882061,1,0,0,1,0,0,0,0,1,0
1,1,0,0,-0.471770048789581,1,1,0,0,0,0,1,1,1,1.1056371046173807,-0.0952601277326359,0,1,0,1,0,0,0,0,1,0
0,0,0,0,-1.2816237461508113,1,0,0,0,0,0,0,0,1,-0.6619159924413306,-0.9906608722397386,1,0,0,1,0,0,0,0,1,0
0,0,0,0,1.4883673264303063,1,1,1,1,1,1,1,1,0,1.6865879584001846,2.505845295200936,0,1,0,0,0,0,0,1,0,0
1,1,0,0,-0.9401786962533596,1,0,0,0,1,0,0,1,1,1.012685574222988,-0.626419201038656,0,1,0,1,0,0,0,1,0,0
1,0,0,0,-1.0242967866070332,1,1,0,1,0,0,1,1,0,1.2163400179420158,-0.6781465392962845,0,1,0,1,0,0,0,0,0,0
1,1,1,0,-1.1843997505754795,1,0,0,0,0,0,0,0,0,0.1865406106515157,-0.9099691053460354,0,1,0,1,0,0,0,0,0,1
0,1,0,0,0.6258394041078919,1,1,0,1,1,0,0,0,1,0.6735230868844686,0.7750832215420459,0,1,0,1,0,0,0,0,0,0
0,0,1,0,1.2417418581701007,1,1,0,1,0,0,1,1,0,1.1870079953054444,1.7994740110250236,0,1,0,1,0,0,0,0,1,0
0,0,0,0,-1.0693767519672368,1,0,0,0,0,0,1,0,1,0.5191588785854792,-0.8028105829853049,0,1,0,1,0,0,0,0,0,0
1,0,0,0,-1.2816237461508113,1,0,0,0,0,0,0,0,0,-1.4804516974706554,-1.0014910660958631,0,0,1,1,0,0,0,0,0,1
0,0,1,1,0.10095976124687667,1,0,0,0,0,0,0,0,0,-1.4185622528507382,-0.6919296450462681,0,0,1,1,0,0,0,0,0,1
0,0,0,0,-0.44544422119034444,0,0,0,0,0,1,0,0,0,-1.1799089351417011,-0.7481048514339886,1,0,0,1,0,0,0,0,0,0
0,0,0,0,-0.40338126769598504,0,0,0,1,1,0,0,0,1,-0.52041606088061,-0.532614176717833,1,0,0,1,0,0,0,1,0,0
0,0,1,0,0.9174924884340284,1,1,0,1,0,0,1,1,1,1.1582664028500786,1.379113297588506,0,1,0,0,1,0,0,0,0,0
1,0,1,0,-0.22247156721788539,1,0,0,0,0,0,0,0,1,0.19088139166618553,-0.20354269456676663,0,1,0,1,0,0,0,0,1,0
0,0,1,0,-1.225266195166672,1,1,0,0,0,0,1,1,1,1.1923683898815753,-0.8953582368964593,0,1,0,1,0,0,0,0,1,0
1,0,0,0,-0.9599940357179426,1,0,0,1,1,0,0,0,1,0.5869459912512134,-0.7065720596389482,0,1,0,1,0,0,0,0,1,0
1,0,0,0,-1.1559792088667913,0,0,1,0,0,0,0,0,1,-0.7686590038867898,-0.9493591421718397,1,0,0,1,0,0,0,0,1,0
0,0,1,0,-0.7021074468448308,0,0,0,0,0,0,1,1,0,-0.6008718693398027,-0.6843111704162044,1,0,0,1,0,0,0,0,1,0
0,1,0,0,-1.1757623334281873,1,0,0,0,0,0,1,0,1,0.5679305119958368,-0.8944529063741943,0,1,0,1,0,0,0,0,1,0
1,0,1,0,-0.8662153145015185,1,0,0,1,1,0,0,1,1,1.0378214568060642,-0.5464988642370933,0,1,0,1,0,0,0,0,1,0
0,0,1,0,0.020959768684196134,1,0,0,0,1,0,1,1,1,1.1210290050925402,0.4127023294131144,0,1,0,0,1,0,0,0,1,0
1,0,1,0,1.1428615895901848,1,0,1,1,1,0,0,0,0,-0.006116552146956611,0.7294172500125571,1,0,0,0,1,0,0,1,0,0
1,0,0,0,0.701690732112694,1,1,0,0,1,0,0,0,0,0.5091391689941303,0.8046975714091883,0,1,0,1,0,0,0,1,0,0
0,0,0,0,-1.0284642410864921,1,0,0,0,0,0,0,0,1,0.27170663758181807,-0.7859670322245402,0,1,0,1,0,0,0,1,0,0
0,0,0,0,-1.2668942500882778,1,0,0,0,0,0,0,1,0,0.5006123960223279,-0.9627758462021514,0,1,0,1,0,0,0,0,1,0
1,1,0,0,0.8587863674675854,1,1,1,0,0,0,1,1,1,1.2085940857492412,1.445855112048681,0,1,0,1,0,0,0,0,1,0
1,0,1,0,-0.928279292714407,1,0,0,0,0,0,0,0,1,0.1718631092617385,-0.7298218889695212,0,1,0,1,0,0,0,0,1,0
1,0,1,0,1.1721199117368652,1,1,0,1,1,0,1,1,1,1.3379263699983441,1.767273997416453,0,1,0,1,0,0,0,0,1,0
0,0,1,0,0.6991533701379969,1,1,0,1,0,0,1,1,1,1.2555192770373969,1.2421440343820527,0,1,0,0,1,0,0,1,0,0
1,0,0,0,0.5244927623120755,1,0,1,0,1,0,0,0,0,-0.07626512876288692,0.22487034134851558,1,0,0,0,1,0,0,1,0,0
1,0,0,0,-0.6163591361096122,0,0,0,0,1,0,1,0,1,-0.716830944825525,-0.6914251400623608,1,0,0,1,0,0,0,0,1,0
0,0,1,1,0.3073619764072966,1,0,1,0,1,1,0,1,0,0.49835833991374257,0.4196635191309012,1,0,0,0,0,0,0,1,0,0
1,0,0,0,0.6075988867715545,1,1,0,1,0,0,1,1,1,1.3320043977973224,1.1917150823154727,0,1,0,0,0,0,0,1,0,0
1,0,0,0,-1.2816237461508113,1,0,0,0,0,0,0,0,1,0.16427766113050515,-0.9797293546823436,0,1,0,1,0,0,0,0,1,0
1,0,0,0,-1.2409180113122174,1,0,0,0,0,0,0,0,0,0.16998774680446233,-0.9505304811542192,0,1,0,1,0,0,0,1,0,0
0,1,0,0,-0.43522909955180916,1,1,0,0,0,0,1,1,1,1.0374136567456314,-0.10580078621289603,0,1,0,1,0,0,0,0,1,0
1,0,0,0,0.9450488516280476,1,1,0,1,1,1,1,1,1,1.4742337259114369,1.625148333730339,0,1,0,1,0,0,0,0,1,0
1,1,0,0,-0.9163927206069588,1,0,0,0,0,0,0,1,1,0.4770621562472027,-0.6627605196251698,0,1,0,1,0,0,0,0,1,0
0,0,0,0,-1.03676539695762,1,1,0,0,0,0,0,0,1,0.2962272815549242,-0.7852855285727052,0,1,0,1,0,0,0,0,1,0
0,0,0,0,0.7129572609402939,1,1,1,1,0,1,1,1,0,1.4554633499601233,1.447280127022586,0,1,0,0,0,0,0,0,1,0
0,0,1,0,0.8410535456355571,1,1,0,1,0,0,1,1,1,1.1180872055206337,1.2629590132445614,0,1,0,1,0,0,0,1,0,0
0,0,0,0,-1.1639038093384124,1,1,0,0,0,0,0,0,0,-0.46793975837266777,-0.9094203924853242,1,0,0,1,0,0,0,0,0,1
1,0,0,0,1.2952811596617126,1,1,1,0,1,0,1,1,1,1.4269155884137217,2.0391353021222005,0,1,0,0,0,1,0,1,0,0
1,0,0,0,-1.1841404865128926,1,0,0,0,1,0,0,0,0,-0.5157737410673546,-0.9302769623142361,1,0,0,1,0,0,0,0,1,0
1,0,1,1,-0.05476279843605076,1,0,0,0,0,0,0,0,0,0.3003465229529986,-0.03259636138725812,0,1,0,1,0,0,0,0,1,0
0,1,0,0,-1.2816237461508113,1,0,0,0,0,0,0,0,1,0.1800241786933433,-0.9795210096624298,0,1,0,1,0,0,0,0,1,0
0,0,0,0,-1.1068541285808347,1,0,1,0,0,0,0,0,0,-0.33609305293464314,-0.8646533006286808,1,0,0,1,0,0,0,0,1,0
1,0,0,0,-0.9550133772733326,1,1,0,1,1,0,1,0,1,0.9765359730762034,-0.6284025563275021,0,1,0,1,0,0,0,0,1,0
1,1,0,0,-0.9338630203970604,1,0,0,0,1,0,1,0,0,-0.03487610573779787,-0.7699030672956251,1,0,0,1,0,0,1,0,0,0
0,0,0,0,-0.6091884952724387,0,0,0,0,0,0,1,1,1,-0.6651679920116365,-0.6489900597852547,1,0,0,0,0,0,0,0,0,0
1,0,0,0,-1.2816237461508113,1,0,0,0,0,0,0,0,0,-1.5033259319234724,-1.001793719226218,0,0,1,1,0,0,0,0,0,1
1,0,0,0,-1.2816237461508113,1,0,0,0,0,0,0,0,0,-1.500849093900542,-1.001760947734671,0,0,1,1,0,0,0,0,0,1
0,0,1,1,0.559831032413446,0,0,0,1,0,0,0,1,1,-0.26729934161270125,0.13374059764102633,1,0,0,0,1,0,1,0,0,0
1,0,1,0,-1.020958679057082,0,0,0,0,0,0,1,1,0,-0.5491978339168839,-0.8547873897175635,1,0,0,1,0,0,0,0,1,0
1,1,1,0,0.47845621776225544,1,0,0,0,0,0,0,1,1,0.5129331489761029,0.5105093862310001,0,1,0,1,0,0,0,0,0,0
1,0,0,1,-1.2403926289332627,1,1,0,0,1,0,0,1,0,1.0226851398585257,-0.9316373961678159,0,1,0,1,0,0,0,0,1,0
1,0,0,0,-1.192438908430494,1,0,0,0,1,0,0,1,1,0.7450833113845494,-0.8894117788244371,0,1,0,1,0,0,0,0,1,0
0,0,1,1,1.4872434104146,1,1,0,1,1,0,1,1,1,1.2946915827758838,2.25897071051486,0,1,0,0,0,0,0,0,1,0
1,0,0,0,-0.34426579391687173,1,0,0,0,0,1,0,0,1,0.48765310866379835,-0.16042350377248604,0,1,0,1,0,0,0,0,1,0
0,0,1,0,-0.750654332429454,1,0,0,0,0,0,0,0,0,-1.490515511329344,-0.8815450208904613,0,0,1,1,0,0,1,0,0,0
1,0,0,0,1.036395291363978,1,0,0,1,0,1,1,1,1,1.3462121593123304,1.6855973684796728,0,1,0,0,1,0,0,1,0,0
0,0,1,0,-0.8745663977648716,1,1,0,0,1,0,1,1,1,1.1481152576347626,-0.527500899669129,0,1,0,1,0,0,0,0,1,0
0,0,1,1,-0.34590643538514515,1,1,0,0,1,0,1,0,0,0.7629299382477089,-0.11401911365502082,0,1,0,1,0,0,0,0,1,0
1,1,1,0,0.37536644862302626,1,1,0,1,1,0,0,1,1,1.2415311960590785,0.8600142392373435,0,1,0,1,0,0,0,0,1,0
0,0,0,0,-1.2816237461508113,1,0,0,0,0,0,0,0,1,-0.6765030782909047,-0.9908538766090975,1,0,0,1,0,0,0,0,1,0
1,0,0,0,-1.2816237461508113,1,0,0,0,1,0,0,0,0,-0.46001164882952555,-0.9879894393770378,1,0,0,1,0,0,0,0,1,0
1,0,0,0,-1.2816237461508113,1,0,0,0,0,1,0,0,0,-0.2511299609728419,-0.9852256880115413,1,0,0,1,0,0,0,0,0,1
1,0,1,0,1.4049547531963917,1,1,0,1,1,0,0,0,0,1.2021510153557442,1.9941170129179095,0,1,0,0,1,0,0,0,1,0
0,0,0,0,-0.8041306975073281,1,1,0,0,0,0,0,0,1,0.34109377147616016,-0.5793839146409961,0,1,0,1,0,0,0,0,0,1
1,0,0,0,-1.082409530300457,0,0,0,0,1,0,0,0,0,-0.889563496263198,-0.9098071284597647,1,0,0,1,0,0,0,0,0,1
0,0,0,0,-1.2816237461508113,1,0,0,0,0,0,0,1,1,-0.3063320359075455,-0.9859560766422752,1,0,0,1,0,0,0,0,0,1
0,0,0,0,-1.0855037945700778,1,1,0,1,0,0,0,0,0,0.5985545849297942,-0.7868182935940308,0,1,0,1,0,0,1,0,0,0
0,0,0,0,-0.9319241588262857,1,0,0,0,0,0,1,0,1,0.6474706018597819,-0.6603456231333896,0,1,0,1,0,0,0,0,0,1
0,0,1,1,-1.2082211077269291,1,0,0,1,0,0,0,0,1,0.39985700281251824,-0.9091456288336195,0,1,0,1,0,0,0,0,1,0
0,0,0,0,-1.2816237461508113,1,0,0,0,0,0,1,0,0,0.8613624027510395,-0.9705061004742376,0,1,0,1,0,0,0,0,1,0
0,0,0,0,-1.2409180113122174,1,0,0,0,0,0,1,0,1,0.5098136865022892,-0.9435807910318583,0,1,0,1,0,0,0,0,1,0
1,0,0,0,-1.2409180113122174,1,0,0,1,0,0,0,0,1,-0.35514131686131656,-0.9611332272579408,1,0,0,1,0,0,0,0,0,1
0,0,1,0,-0.17914559816944103,1,1,0,0,1,0,1,1,1,1.152548586444934,0.24822876074865816,0,1,0,1,0,0,1,0,0,0
0,0,0,0,-0.9403534236480885,1,1,0,0,0,0,0,0,1,0.3217742915862876,-0.7071349303122405,0,1,0,1,0,0,0,0,1,0
1,0,0,0,-1.1330522072929705,0,0,0,0,0,0,1,1,1,-0.6498774673577722,-0.9157043522595705,1,0,0,1,0,0,0,0,0,0
0,0,0,0,-1.2816237461508113,1,0,0,0,0,0,0,0,1,-1.4968602829330366,-1.0017081710558184,0,0,1,1,0,0,0,0,0,1
0,0,0,0,-1.1089479836392535,1,1,0,0,0,0,1,0,1,0.6778523206344365,-0.796223664803062,0,1,0,1,0,0,0,0,1,0
0,0,0,0,-1.183158698815037,1,1,0,0,0,0,0,0,0,0.3438455542062854,-0.8864822147305255,0,1,0,1,0,0,0,0,1,0
1,0,1,0,0.6823800065096317,1,1,0,1,0,0,1,1,1,1.1718559763094827,1.1385963582328364,0,1,0,1,0,0,1,0,0,0
1,0,0,0,-1.1303624834524295,1,0,0,0,1,0,0,0,0,-0.47438944856543347,-0.9119467409321853,1,0,0,1,0,0,0,0,1,0
0,0,1,0,1.056462369739631,1,1,0,1,0,0,1,1,0,1.2107592095699804,1.6268399998219456,0,1,0,1,0,0,0,0,1,0
1,0,0,0,0.5068106431844549,1,1,0,1,0,0,0,0,1,0.7680963447544753,0.6908936112778964,0,1,0,1,0,0,0,0,1,0
0,0,0,0,-1.2816237461508113,0,0,0,0,0,0,0,0,0,-1.3215053762741313,-0.9993880185920107,1,0,0,1,0,0,0,0,0,1
0,0,1,0,1.5540539456336817,1,1,0,1,1,1,1,1,1,1.4762417977771998,2.4224919398310036,0,1,0,0,1,0,0,0,1,0
1,0,0,0,-1.24238381953273,1,0,0,0,0,0,0,0,0,-0.5554256316067483,-0.9693592746179799,1,0,0,1,0,0,0,0,1,0
1,1,1,0,0.583858211022705,1,1,0,1,0,0,0,1,0,0.9650787260183834,0.9608505467022537,0,1,0,1,0,0,0,0,0,0
0,0,0,0,-1.265083410063222,1,0,0,1,0,1,0,0,0,0.8148378799097211,-0.9541017238105489,0,1,0,1,0,0,0,0,1,0
0,0,0,0,0.023434152428002057,1,1,0,1,1,0,1,1,1,1.3094358922226492,0.4892003623450364,0,1,0,1,0,0,0,0,1,0
0,1,0,0,1.0535359343935,1,1,0,1,0,0,0,0,1,0.4949571822750035,1.044842803859963,0,1,0,1,0,0,0,0,0,0
1,0,0,0,-1.2816237461508113,1,0,0,0,0,0,0,0,1,-1.504639789196563,-1.0018111031092662,0,0,1,1,0,0,0,0,0,1
1,0,0,0,-0.5881386664167885,1,0,0,1,1,0,0,0,0,0.6220022082614286,-0.3513565714149524,0,1,0,1,0,0,0,0,1,0
0,1,0,0,-1.0678126888296406,1,1,0,1,0,0,1,1,1,1.1360622228261856,-0.7493611603202085,0,1,0,1,0,0,0,0,1,0
0,0,0,0,-0.9939232898909969,1,1,0,1,0,0,0,0,1,0.6294359033098269,-0.7209374070551835,0,1,0,1,0,0,0,1,0,0
1,0,0,0,-1.2816237461508113,1,0,0,0,0,0,0,0,1,-1.4866983860811278,-1.0015737171619006,0,0,1,1,0,0,0,0,0,1
1,1,1,0,-0.5201269136415386,1,0,0,1,0,0,0,0,1,0.2984251300325924,-0.37770541681700565,0,1,0,1,0,0,0,0,1,0
0,0,0,0,-1.0917543516964057,1,0,0,0,1,0,0,1,1,0.14652965675485702,-0.8423859044356183,1,0,0,1,0,0,0,0,1,0
1,1,1,0,-0.19363027295410576,1,1,0,0,0,0,0,0,1,0.40083086036322446,-0.12362060067554456,0,1,0,1,0,0,0,0,1,0
0,0,1,1,-0.4387852313552429,1,1,0,0,1,0,0,1,1,1.2880655386220083,0.017534936746777988,0,1,0,1,0,0,1,0,0,0
1,1,1,0,0.669392368948075,1,1,0,1,0,0,0,1,0,0.8378253090645714,0.9852759168971909,0,1,0,1,0,0,0,0,0,0
0,0,0,0,0.06166550352279012,1,0,0,0,0,0,0,0,1,0.22355991759087135,0.07047237781160955,0,1,0,1,0,0,0,1,0,0
1,0,1,1,1.0112872143978122,1,0,1,0,0,1,1,1,0,0.3784333095779555,0.8938286010946459,1,0,0,0,0,0,0,0,0,0
0,0,0,0,-0.5805084908971773,1,1,0,0,0,0,0,0,1,0.4147490620874783,-0.419051662990382,0,1,0,1,0,0,1,0,0,0
1,0,0,0,0.7099612635295333,1,1,0,0,0,1,1,1,1,1.243234885398023,1.2268194355236748,0,1,0,0,1,0,0,0,1,0
1,0,0,0,-0.9206134258419478,1,1,0,0,0,0,1,1,0,1.0025073716739838,-0.6075733318359662,0,1,0,1,0,0,0,0,1,0
1,0,0,0,-1.2816237461508113,0,0,0,0,0,0,0,1,0,-0.9651533719026959,-0.9946730608147893,1,0,0,1,0,0,0,0,1,0
1,1,0,0,-1.1451840505937652,1,1,0,0,0,0,1,0,1,0.7179412754121197,-0.8590494180097953,0,1,0,1,0,0,0,0,1,0
1,0,0,0,0.6910240174329326,1,0,1,0,1,0,0,0,0,-0.10132798969901854,0.33158007589637983,1,0,0,0,1,0,0,1,0,0
0,1,1,0,1.1785266043152998,1,1,0,0,0,0,0,1,1,0.9214743522804588,1.5029622451557396,0,1,0,1,0,0,1,0,0,0
1,1,0,0,-0.7294080564083758,1,0,0,1,0,0,0,0,1,0.340738087603093,-0.5520412970557356,0,1,0,1,0,0,0,0,1,0
0,0,0,0,0.24005502627428538,1,0,0,0,1,0,1,0,1,0.9627977390450524,0.5660688749249225,0,1,0,0,1,0,0,0,1,0
0,0,0,0,-0.0918919172288985,1,0,1,1,1,1,0,0,0,0.30684931333495963,-0.0170174658815746,1,0,0,0,1,0,0,0,0,0
1,1,1,0,0.049094419996003225,1,1,1,0,0,0,0,0,1,0.5546088590726326,0.14347314464922628,0,1,0,1,0,0,0,0,0,0
0,0,0,0,-1.2283752103420833,1,0,0,0,0,0,0,1,1,0.5246416603668868,-0.9272188383606681,0,1,0,1,0,0,0,0,1,0
0,0,0,0,-0.937691318721029,1,1,0,0,1,0,1,1,1,1.17497663900254,-0.5739040424192191,0,1,0,1,0,0,0,0,1,0
1,0,0,0,-1.2816237461508113,1,0,0,0,0,0,0,0,1,-0.6688806833945352,-0.9907530233245451,1,0,0,1,0,0,0,0,1,0
1,0,0,0,0.29955223422485006,1,0,0,0,0,0,0,0,0,0.3421052266244236,0.3312749260058521,0,1,0,1,0,0,0,0,1,0
1,1,0,0,-0.32722001040173354,1,1,0,1,0,0,1,0,1,1.023017703999208,0.03175999371807123,0,1,0,1,0,0,0,0,1,0
0,0,0,0,-1.2734166697537037,1,0,0,0,0,0,0,1,0,0.49714702609947964,-0.9683583726663169,0,1,0,1,0,0,0,0,1,0
1,1,1,0,1.5316355536971378,1,1,0,0,0,0,1,1,1,1.3032258469512918,2.250916361896466,0,1,0,1,0,0,0,1,0,0
0,1,0,0,-1.0023621051555711,1,0,0,0,0,0,1,0,1,0.52048424747787,-0.72244737350597,0,1,0,1,0,0,0,0,1,0
1,0,0,0,-1.2341311633427579,1,0,1,0,0,0,0,0,1,-0.5640064536607305,-0.966454522651942,1,0,0,1,0,0,0,0,1,0
1,0,0,0,-1.2816237461508113,1,0,0,0,0,0,0,0,1,0.20016811556606828,-0.9792544815928337,0,1,0,1,0,0,0,0,0,1
0,0,0,0,-1.2816237461508113,1,0,0,0,0,0,0,0,1,-1.4973304398505585,-1.0017143917869709,0,0,1,1,0,0,0,0,0,1
1,0,1,1,-0.29492533399752974,1,0,0,0,0,0,0,0,1,0.1889702109365432,-0.23578614587499983,0,1,0,1,0,0,0,0,1,0
0,0,0,0,-1.0000579716526319,1,0,0,0,0,0,0,0,1,-0.6542314739243429,-0.8598299488923268,1,0,0,1,0,0,1,0,0,0
1,0,0,0,-1.2571565804987122,1,0,0,0,0,0,0,0,1,-0.586208781416021,-0.9755797913507621,1,0,0,1,0,0,0,0,1,0
1,1,0,0,-0.4889988000163504,1,0,0,0,1,0,1,1,1,1.0965716462437005,-0.1368954952002278,0,1,0,1,0,0,0,1,0,0
0,0,0,0,-1.172190244329325,1,0,0,0,0,0,0,0,0,-1.4844904349147934,-0.9782650854194748,0,0,1,1,0,0,0,0,0,1
1,1,0,0,-1.2816237461508113,1,1,0,0,0,0,0,0,1,0.31115395858082745,-0.977786007844224,0,1,0,1,0,0,0,0,1,0
0,1,0,0,-0.8338606629262776,1,1,0,1,0,0,1,0,1,1.0630473520623216,-0.5424095085880205,0,1,0,1,0,0,0,0,1,0
0,0,1,0,1.1652602785681392,1,1,0,1,0,0,1,1,1,1.2396738863893637,1.7659576417309297,0,1,0,1,0,0,0,0,1,0
0,0,0,0,-1.1711153404720982,1,1,0,0,0,0,1,0,1,0.6875640617237531,-0.8779625062743657,0,1,0,1,0,0,0,0,1,0
0,1,0,0,-1.0190520069995697,1,1,0,1,1,0,1,1,1,1.3444336713238367,-0.6720114875565633,0,1,0,1,0,0,0,0,1,0
0,0,0,0,0.32151096252952577,0,0,0,0,1,0,1,1,1,-0.4900528166462996,-0.11745053542792032,1,0,0,1,0,0,0,0,0,0
0,0,0,0,-1.1217821565527761,1,1,0,1,0,0,0,0,0,0.44281446333230373,-0.8406430286091562,0,1,0,1,0,0,1,0,0,0
0,0,0,0,-1.2805878763838516,1,0,0,0,0,0,1,0,1,0.4893073212061281,-0.9747193414340292,0,1,0,1,0,0,0,0,1,0
1,0,0,0,1.4956923924028258,1,1,1,0,1,0,1,1,1,1.4073694322779577,2.2109827664217576,0,1,0,0,0,1,0,0,0,0
1,0,0,0,-1.2816237461508113,1,0,0,0,0,0,0,0,1,0.14667250356636527,-0.9799622917040468,0,1,0,1,0,0,0,0,1,0
0,0,0,0,-0.8772300792570947,1,0,0,0,0,0,1,1,1,0.8716157569200152,-0.6107164321615854,0,1,0,1,0,0,0,0,0,1
0,0,0,0,0.0032838008786459857,1,0,0,0,0,0,0,0,1,0.29229676856005865,0.04726125216633077,0,1,0,1,0,0,0,1,0,0
0,0,0,0,0.15779146216583967,1,0,0,1,0,0,0,0,1,-0.02980529894409209,0.02699647597473823,0,0,0,1,0,0,0,1,0,0
1,0,0,0,-1.2816237461508113,1,0,0,0,0,0,0,0,0,-1.502438913604732,-1.0017819829265224,0,0,1,1,0,0,0,0,0,1
1,0,0,0,-1.2684807045270097,0,0,0,0,0,0,0,0,0,-1.277546709841311,-0.9923207573403904,1,0,0,1,0,0,1,0,0,0
1,0,0,0,-1.2816237461508113,0,0,0,0,0,0,0,0,1,-1.3542127952181449,-0.9998207763636272,1,0,0,1,0,0,0,0,1,0
0,0,0,0,-0.9157008051111477,1,0,0,0,0,0,0,0,1,0.25102921012405377,-0.7120904242427817,0,1,0,1,0,0,0,1,0,0
1,0,0,0,-1.0812674336496808,1,0,0,0,0,0,0,0,0,0.19580853727321199,-0.82919490910241,0,1,0,1,0,0,0,1,0,0
0,1,0,0,-1.151227460217432,1,1,0,0,0,0,1,1,1,1.0122862565736215,-0.8282130874118533,0,1,0,1,0,0,0,0,1,0
0,1,0,0,-0.5559230933039829,1,1,0,0,0,0,0,1,1,0.6622383476931546,-0.3101096821327454,0,1,0,1,0,0,0,0,1,0
1,0,0,0,-0.20053524368252307,1,0,0,0,0,1,0,0,1,0.49546334485994087,-0.045904673835334066,0,1,0,1,0,0,0,0,1,0
0,1,1,0,-0.6111983971399262,1,1,0,0,1,0,0,0,0,0.8043563394121047,-0.2635411959331392,0,1,0,1,0,0,0,0,1,0
1,1,0,0,-0.9884714561761268,1,1,0,0,0,0,0,0,0,0.35734010806445976,-0.7352835663365507,0,1,0,1,0,0,0,0,1,0
0,0,1,0,-1.044114751623234,1,0,0,0,0,0,0,0,1,0.13501257937489783,-0.7931476728441113,0,1,0,1,0,0,0,0,1,0
0,0,0,0,-0.999348257278766,1,0,0,0,0,0,0,0,0,0.2384278623756283,-0.7610673899359198,0,1,0,1,0,0,0,0,1,0
0,0,0,0,-1.2002122764736234,1,0,0,1,0,0,1,1,1,1.0044917139098342,-0.8753198942536837,0,1,0,1,0,0,0,0,1,0
1,1,1,0,-1.2816237461508113,1,1,0,0,0,0,0,0,1,0.4348110908509684,-0.976149877977256,0,1,0,1,0,0,0,0,1,0
1,0,0,0,0.24194941770117118,1,1,0,0,1,0,1,1,1,1.144618498733345,0.6695328765512514,0,1,0,1,0,0,1,0,0,0
1,0,1,1,1.3961342056782196,1,0,0,1,1,0,0,0,0,0.7492818809887776,1.5819560018947847,0,1,0,0,1,0,0,0,1,0
0,0,0,0,-1.1752998278063118,1,1,0,0,0,0,0,0,0,0.33161144279943383,-0.8837361706166711,0,1,0,1,0,0,0,0,1,0
0,0,0,0,-0.8029385152477664,1,0,0,0,0,0,0,0,0,-1.4976375849881212,-0.899358797735405,0,0,1,1,0,0,1,0,0,0
1,0,0,0,-1.2409180113122174,1,0,0,0,0,0,0,0,0,0.03301176951315163,-0.9690436390775765,1,0,0,1,0,0,1,0,0,0
1,0,1,0,-0.2957743249241337,1,1,0,1,1,0,0,1,1,1.2472663390654677,0.12757190141517027,0,1,0,1,0,0,0,0,1,0
1,0,0,0,-1.1307119172039501,1,1,0,0,0,0,0,0,1,0.5653749848591877,-0.8338125523526803,0,1,0,1,0,0,0,1,0,0
0,1,1,0,0.21070256736101517,1,0,1,0,0,0,0,0,1,0.3160315242612543,0.24238083830889454,0,1,0,1,0,0,0,0,0,0
0,0,0,0,-1.2409180113122174,1,0,0,0,0,0,0,0,0,0.15430664795103904,-0.9477960263468762,0,1,0,1,0,0,0,0,1,0
0,1,1,0,1.3983852708514595,1,0,1,1,0,0,0,1,1,1.0837569637525266,1.8602270581853388,0,1,0,0,1,0,0,1,0,0
1,0,1,0,-0.9278326278229019,1,0,0,0,0,0,0,0,1,0.1781968581829002,-0.6965439420657316,0,1,0,1,0,0,0,0,1,0
0,0,1,1,1.2852025456820848,1,0,0,1,1,0,1,1,1,1.2905180502590308,1.9598711914272646,0,1,0,1,0,0,0,0,1,0
1,0,0,0,1.183433396784646,1,1,1,0,1,0,1,1,1,1.5281241565073678,2.013728425970947,0,1,0,0,0,1,0,1,0,0
0,0,0,0,0.346605647392948,1,1,0,1,1,0,1,1,1,1.3517227685949447,0.9235994312482185,0,1,0,1,0,0,0,0,1,0
1,0,1,0,-0.9966836022806536,1,0,1,0,0,0,0,0,0,0.32044291998439384,-0.7408761005094614,0,1,0,1,0,0,0,0,1,0
0,0,1,1,0.6624901870127591,1,1,0,0,0,0,1,0,0,0.650967974978308,0.8480207086212699,0,1,0,1,0,0,0,0,1,0
0,0,0,0,-1.2816237461508113,1,0,0,0,0,0,0,0,1,0.17347421411523706,-0.9796076734276093,0,1,0,1,0,0,0,0,1,0
0,0,0,0,-1.1595065416350294,1,0,0,0,0,0,0,0,0,-0.6393258036471844,-0.926485505904804,1,0,0,1,0,0,0,0,0,1
1,0,0,0,-1.2816237461508113,1,0,0,0,0,0,0,0,0,0.20334627746568296,-0.979212430758316,0,1,0,1,0,0,0,0,0,1
0,0,0,0,0.8218562472707269,1,1,0,1,1,0,1,1,1,1.3646476265472895,1.4674288166610472,0,1,0,1,0,0,0,0,1,0
0,0,0,0,-0.8459935965621618,1,1,0,1,0,0,0,0,1,0.5191415841514844,-0.607331846042397,0,1,0,1,0,0,0,0,0,0
0,0,0,0,-0.04490233002986921,1,0,0,0,1,1,0,0,0,-0.3394026835221062,-0.2663013756660567,1,0,0,0,0,0,0,1,0,0
0,0,1,1,-1.0406057130608033,1,0,0,0,0,0,0,0,0,-1.500765165782256,-0.9552446435246122,0,0,1,0,0,0,0,0,0,1
1,1,0,0,0.4330654261240414,1,0,1,0,0,0,0,1,0,0.983003105249219,0.7750872898102575,0,1,0,1,0,0,0,0,0,0
0,0,0,0,-1.1323818070800749,1,0,0,1,0,1,0,0,0,-0.06674686603913055,-0.8712510293507034,1,0,0,1,0,0,0,0,0,1
1,0,0,0,1.145214718147262,1,0,0,1,1,0,1,1,1,1.277914961308397,1.7617650273479808,0,1,0,0,1,0,1,0,0,0
0,1,0,0,-0.6982779889310202,1,1,0,0,0,0,0,0,1,0.3114829910515053,-0.4855386185434465,0,1,0,1,0,0,0,0,0,0
1,0,0,0,-1.236069254109163,1,0,0,0,0,0,0,0,1,-1.4777992075359112,-0.9939382142624066,0,0,1,1,0,0,0,0,0,0
0,0,0,0,-1.004254889471887,1,1,1,0,0,0,0,0,1,0.4675495074862554,-0.7542188118318679,0,1,0,1,0,0,0,0,1,0
0,0,0,0,-1.2816237461508113,0,0,0,0,0,0,1,0,1,-0.9941009216253108,-0.9950560710771756,1,0,0,1,0,0,0,0,1,0
1,0,0,0,-1.2013064798613258,1,0,1,0,0,0,0,0,1,-0.3526718709079429,-0.9400757110174637,1,0,0,1,0,0,0,0,0,1
0,1,0,0,-0.33284515636551043,1,1,1,0,0,0,1,1,1,1.2528357206979812,0.12334685932553269,0,1,0,1,0,0,0,0,0,0
1,0,1,0,0.7140703159690748,1,0,0,0,0,0,1,0,0,0.644857547599526,0.8718152634795392,0,1,0,1,0,0,0,0,1,0
0,0,0,0,0.19919039233605418,1,1,0,1,1,0,1,1,1,1.286750300725121,0.6739865894996329,0,1,0,1,0,0,0,0,1,0
0,0,1,1,0.23405747777992797,1,0,0,1,0,1,0,0,0,0.48089087867813746,0.32161757543906866,1,0,0,0,1,0,0,1,0,0
1,0,1,1,-1.13210643367819,1,0,0,1,1,0,0,0,1,-0.3070808439368095,-0.8983598276062164,1,0,0,1,0,0,0,0,0,1
1,0,0,0,-1.2816237461508113,1,0,0,0,0,0,0,0,1,0.17278194500185892,-0.9796168329653697,0,1,0,1,0,0,0,0,1,0
0,0,1,0,0.5868646531509508,1,1,0,0,0,0,1,1,1,1.0247009801387232,1.0125667118073152,0,1,0,1,0,0,0,0,1,0
0,0,0,0,-0.8565250789878169,1,0,0,0,1,0,1,1,1,1.0250088598859215,-0.5637550709604432,0,1,0,1,0,0,0,0,1,0
0,0,0,0,-0.8610467512681855,1,1,1,0,0,0,1,1,1,1.1515525167105973,-0.5178158261850657,0,1,0,1,0,0,0,0,1,0
0,0,0,0,0.8502888720600772,1,0,0,0,1,0,1,1,1,1.1057186204676805,1.2898015803288687,0,1,0,0,1,0,1,0,0,0
1,0,1,0,-0.9134644449427058,1,0,1,0,0,0,0,0,0,0.42526479867039824,-0.6850592440749974,0,1,0,1,0,0,0,0,0,0
1,0,1,0,0.7376703313945129,0,0,0,1,0,0,1,1,1,-0.32037286812134125,0.21877116195862717,1,0,0,0,1,0,0,0,0,0
0,0,0,0,-1.2813733403005323,1,0,0,0,0,0,1,1,0,0.8528534085440491,-0.9704251643308007,0,1,0,1,0,0,0,0,1,0
1,0,0,0,0.7912275854515374,0,0,0,1,1,0,1,1,1,-0.17447618623325573,0.34515329014646706,1,0,0,0,1,0,0,0,0,0
1,0,0,0,0.021997954995931435,1,1,0,1,0,0,0,0,1,0.5032050383272393,0.12694843103717207,0,1,0,1,0,0,0,0,1,0
1,0,0,1,-1.0379738092619328,1,1,0,0,0,0,0,1,0,0.9565966922518744,-0.7292209509707052,0,1,0,1,0,0,0,0,1,0
1,0,0,0,0.7550761426395856,1,1,0,1,0,0,1,1,0,1.2931578904548022,1.3097767784560677,0,1,0,0,1,0,0,1,0,0
1,0,0,0,-0.9958824475841593,1,1,0,0,1,0,1,0,1,0.889486313172171,-0.6959724699132577,0,1,0,1,0,0,0,0,1,0
1,0,0,0,-1.1851175129385847,1,0,0,0,0,0,1,1,0,0.8804120047268749,-0.8730139660177825,0,1,0,1,0,0,0,0,0,1
1,0,0,0,-1.0015022901287887,1,1,0,0,0,0,0,1,0,0.6629553595945841,-0.7229319968772779,0,1,0,1,0,0,1,0,0,0
0,0,1,0,-1.238927178284589,1,0,0,0,0,0,0,0,1,-1.4789959364923608,-0.9944256852545701,0,0,1,1,0,0,0,1,0,0
0,0,0,0,0.4676348048567691,1,0,1,1,0,0,0,0,1,-0.21131594642443796,0.1407484794427623,1,0,0,1,0,0,0,1,0,0
0,0,0,0,-0.8709435443957856,1,0,0,0,1,0,1,1,1,1.0585986320968437,-0.5682469949451673,0,1,0,1,0,0,0,0,1,0
0,0,0,0,-0.8338606629262776,1,1,0,0,1,0,0,1,1,1.1681881213234282,-0.49804542219834735,0,1,0,1,0,0,1,0,0,0
1,0,1,1,-1.1224865233944814,1,1,0,1,0,0,0,0,1,0.5190261034540621,-0.8418946408427942,0,1,0,1,0,0,0,0,0,0
0,1,1,0,-1.2816237461508113,1,0,0,0,0,0,0,0,0,-0.5430933672648065,-0.9890887086099196,1,0,0,1,0,0,0,0,1,0
1,0,0,0,1.470090437227315,1,0,1,1,1,1,1,1,1,1.6160236125125647,2.3529446262361664,0,1,0,0,1,0,1,0,0,0
0,0,0,0,-1.1949192755654026,0,0,0,1,0,0,1,1,1,-0.3976350778458108,-0.9361574282362467,1,0,0,1,0,0,0,0,0,0
0,0,1,0,-0.697629221890495,1,1,0,0,0,0,1,0,1,0.7035719203267896,-0.42245206659242124,0,1,0,1,0,0,0,0,1,0
0,1,0,0,-1.2494454640777464,0,0,0,0,0,0,0,0,1,-1.3345785152388483,-0.9915608185215353,1,0,0,1,0,0,0,0,0,1
0,1,0,0,-1.2816237461508113,1,0,0,0,0,0,0,0,1,0.1537234093385849,-0.9798689998953874,0,1,0,1,0,0,0,0,1,0
0,0,1,1,-0.06765021102009044,1,1,0,0,1,0,1,0,0,1.0793638177731357,0.311482705353503,0,1,0,1,0,0,0,0,1,0
1,0,0,0,0.31712523406467763,1,1,0,1,1,0,1,1,1,1.314903812717796,0.7994771622078786,0,1,0,1,0,0,0,0,0,0
0,0,0,0,-1.2816237461508113,1,0,0,1,0,0,0,0,0,0.3562198542568764,-0.9771897328332835,0,1,0,1,0,0,0,0,1,0
1,0,0,0,-1.2816237461508113,1,0,0,0,0,0,0,0,1,-0.6298548886174559,-0.9902366659802923,1,0,0,1,0,0,0,0,0,1
1,0,0,0,-1.2816237461508113,1,0,0,0,0,0,0,0,0,-1.4921001789244952,-1.001645189259336,0,0,1,1,0,0,1,0,0,0
0,1,1,0,-0.20444108985128984,1,1,0,0,0,1,1,1,1,1.2603772870488803,0.23741116452647257,0,1,0,1,0,0,0,0,0,0
0,0,1,0,-0.8706967840493905,1,1,0,0,0,0,1,0,1,0.9589368483758689,-0.534213132745437,0,1,0,1,0,0,0,0,1,0
1,1,0,0,0.5067269367010461,1,0,0,0,0,0,0,1,0,0.7520131121333762,0.7223051141278647,0,1,0,1,0,0,0,0,0,1
1,0,0,0,-1.276069347784219,1,0,0,0,0,0,0,0,0,-0.6427979972275305,-0.9881972227576421,1,0,0,1,0,0,0,0,1,0
1,1,0,0,-1.2816237461508113,1,1,0,0,0,0,0,0,1,0.29959719288773506,-0.9779389174998895,0,1,0,1,0,0,0,0,1,0
0,0,0,0,-0.15233504555435054,1,0,0,0,0,0,0,1,1,-0.07198202985251817,-0.22010139299733136,1,0,0,1,0,0,0,0,1,0
0,0,0,0,-1.2467246572534114,1,0,0,0,0,0,0,0,1,0.3023879609530042,-0.9525434229210785,0,1,0,1,0,0,1,0,0,0
0,0,0,0,0.5405499934159792,1,1,0,1,1,0,1,1,1,1.3722157360042468,1.0975165970321545,0,1,0,1,0,0,1,0,0,0
0,1,1,0,-0.4694300655781138,1,1,0,0,0,0,1,1,1,0.9749931120414904,-0.13824522006409287,0,1,0,1,0,0,0,0,1,0
0,0,0,0,-0.5471998519380121,1,0,0,0,0,0,1,0,1,0.6804992079854474,-0.2825423559664967,0,1,0,1,0,0,1,0,0,0
0,0,0,0,-0.835696566824383,1,1,0,0,0,0,0,0,1,0.4183039257492983,-0.6008784077200144,0,1,0,1,0,0,0,0,1,0
1,0,0,0,-0.3666819032107029,1,1,0,0,0,0,1,1,1,0.9870326971971523,-0.030721102599866233,0,1,0,1,0,0,0,0,0,0
0,0,0,0,0.9509002706267622,1,0,0,0,1,0,1,1,1,1.0971177051578025,1.4002004766422056,0,1,0,0,0,0,0,0,1,0
1,0,1,0,0.6291425238896894,1,1,0,1,1,0,1,1,1,1.4572321756745066,1.2486255340914763,0,1,0,1,0,0,0,0,1,0
0,0,0,0,-1.2009962956465337,1,0,0,0,0,0,1,0,1,0.48039068968555865,-0.9036733382809718,0,1,0,1,0,0,0,0,1,0
0,0,0,0,-0.6604268103388518,1,1,0,0,0,0,1,1,1,1.1347867201253528,-0.2776774414305244,0,1,0,1,0,0,0,0,1,0
0,0,0,0,-0.8759864770547718,1,0,1,1,1,0,0,1,1,1.1449212013372918,-0.5174746139852168,0,1,0,1,0,0,1,0,0,0
1,0,0,0,-1.2816237461508113,1,0,0,0,0,0,1,0,1,0.48045624199422876,-0.9755459387325338,0,1,0,1,0,0,0,0,1,0
0,0,0,1,-1.2349319113103965,1,0,0,0,0,0,0,1,1,0.5001258992015828,-0.93254058670462,0,1,0,1,0,0,0,0,1,0
1,0,1,1,-0.6267537220982448,1,1,0,0,0,0,0,1,1,0.9035496791095694,-0.3461475497855999,0,1,0,1,0,0,0,0,1,0
1,1,0,0,-0.6549099536626717,1,1,0,0,0,0,1,1,1,1.0120974220081023,-0.31612755919677726,0,1,0,1,0,0,0,0,1,0
1,0,1,0,-0.98778824233623,1,0,0,0,0,0,0,0,0,0.31639317029395575,-0.731228712463473,0,1,0,1,0,0,0,0,1,0
0,1,0,0,-0.8178396331931761,1,1,0,1,0,0,0,0,1,0.4674151287792855,-0.5841376077455431,0,1,0,1,0,0,0,0,1,0
0,0,1,0,0.648347195278606,1,1,0,0,1,0,0,0,1,0.5288792110182258,0.7242553175466415,0,1,0,1,0,0,0,0,1,0
0,0,0,0,-1.1719650321204167,0,0,0,0,0,0,0,0,1,-1.2912173797831759,-0.9740246162030533,1,0,0,1,0,0,0,0,1,0
0,0,0,0,0.31179091332123654,1,1,0,1,1,0,1,1,1,1.3660634559268932,0.8919898094638952,0,1,0,1,0,0,0,0,1,0
1,1,0,0,-1.2638270704392092,0,0,0,0,0,0,0,0,1,-1.312786727869184,-0.993993836580324,1,0,0,1,0,0,0,0,1,0
0,0,0,0,-1.1595065416350294,1,0,0,0,0,0,0,0,0,-0.6295164171115515,-0.9255398947509861,1,0,0,1,0,0,0,0,0,1
0,0,1,0,0.4083484905149456,1,0,0,0,1,0,0,1,1,0.887200518587115,0.7100282159848837,0,1,0,1,0,0,0,0,1,0
0,1,0,0,-1.1802840711854392,1,0,0,0,0,0,1,0,1,0.4881698759699386,-0.8972624396261646,0,1,0,1,0,0,0,0,1,0
0,0,0,0,-0.9098597940772026,1,0,0,0,1,0,1,1,1,1.0229594730061076,-0.6098638086000244,0,1,0,1,0,0,0,0,1,0
1,0,0,0,-1.2379213612222637,0,0,0,0,0,0,0,0,0,-1.3240907930188026,-0.985327420695386,1,0,0,1,0,0,0,0,1,0
1,0,1,0,0.34038057002488803,1,0,0,0,1,0,1,1,1,0.282255333308699,0.3075862225122101,0,0,0,0,1,0,0,0,1,0
0,0,0,0,0.026057199502682926,1,0,0,0,1,1,0,0,0,-0.3407952865003016,-0.22622813519371507,1,0,0,0,0,0,0,1,0,0
1,0,0,0,-1.228206507575458,1,0,0,0,0,0,1,0,1,0.4902386440314959,-0.9335771609940231,0,1,0,1,0,0,0,0,1,0
1,0,0,0,0.14307697319997809,1,1,0,0,0,0,0,1,1,0.6590791180130703,0.33085549942399417,0,1,0,1,0,0,0,0,1,0
1,0,0,0,-1.2409180113122174,1,0,0,0,0,0,0,0,1,-0.6609602377154576,-0.9678117516738874,1,0,0,1,0,0,0,0,1,0
0,1,1,0,-1.2111568379349815,1,0,0,0,0,0,0,0,1,0.46494832251412566,-0.9211594475850209,0,1,0,1,0,0,0,0,1,0
0,1,0,0,0.40413494259544513,1,1,0,0,1,0,0,1,0,0.8347841665920906,0.7030795175835829,0,1,0,1,0,0,0,1,0,0
1,0,0,1,-0.8254580885496489,1,0,0,0,0,0,1,0,0,-0.10296809100677308,-0.6755855424360258,1,0,0,1,0,0,0,0,1,0
1,0,1,0,-0.9630352956144241,1,1,0,0,1,0,1,1,0,1.1311695169679499,-0.6107491771371418,0,1,0,1,0,0,0,0,1,0
0,0,0,0,0.547433146150082,1,0,1,1,0,0,0,0,1,-0.19594001169990946,0.1942419282958327,1,0,0,1,0,0,0,1,0,0
1,0,0,0,-0.7653836278437945,0,0,0,1,0,0,1,0,1,-0.7765444507566516,-0.746507880289288,1,0,0,1,0,0,0,0,0,1
1,0,0,0,-1.237453792004433,1,0,0,0,0,0,0,0,0,-0.6648415727893251,-0.9750650044930607,1,0,0,1,0,0,0,0,0,1
1,0,0,0,-0.6750063754418065,0,0,0,1,0,0,1,0,1,-0.8569182864294443,-0.713372839025658,1,0,0,1,0,0,0,0,0,1
1,0,0,0,-1.2816237461508113,0,0,0,0,0,0,0,1,1,-0.30703473869196785,-0.9859653742298231,1,0,0,1,0,0,0,0,0,1
0,0,1,0,1.1344098911364435,1,1,0,1,0,0,1,1,0,1.3001935953669341,1.7132310650928075,0,1,0,1,0,0,0,0,1,0
0,1,0,0,-0.662867475917378,1,1,0,0,0,0,0,0,1,0.31562391284293223,-0.46619494164656994,0,1,0,1,0,0,0,0,0,0
0,0,1,0,0.8347272562074748,1,1,1,1,0,0,0,1,1,1.1422219691870656,1.267386827428616,0,1,0,1,0,0,1,0,0,0
0,0,0,0,-1.1513485470790428,1,1,0,0,0,0,1,0,1,0.6873502975655165,-0.8614431641220421,0,1,0,1,0,0,0,0,1,0
0,0,0,0,-1.2302477974416701,1,1,0,0,0,0,0,0,1,-0.39182145034096694,-0.9579784264139398,1,0,0,1,0,0,0,0,1,0
0,0,1,0,-1.058435689296812,1,1,0,0,0,0,0,0,1,0.3405129013671097,-0.8037505053073686,0,1,0,1,0,0,0,1,0,0
1,1,1,0,1.514957143765836,1,1,0,0,0,0,1,1,1,1.289493555334758,2.226587297507297,0,1,0,1,0,0,0,1,0,0
1,0,0,0,-0.9559759140188598,1,0,0,0,0,0,0,0,1,-0.6440435937981804,-0.8500224982765524,1,0,0,1,0,0,0,0,1,0
0,1,0,0,-0.5706687474198117,1,1,0,0,0,0,1,0,1,0.6937002654724581,-0.31720723039188337,0,1,0,1,0,0,0,0,1,0
0,0,0,0,-1.1783188775525621,1,1,0,0,0,0,1,0,1,0.7316548205907908,-0.8821795938729765,0,1,0,1,0,0,0,0,1,0
0,0,0,0,-1.2816237461508113,1,0,0,0,0,0,0,1,1,0.5462102016029984,-0.9746759362085203,0,1,0,1,0,0,0,0,1,0
1,0,0,0,-1.0902395383286512,1,0,0,0,1,0,1,1,1,0.9815194108752625,-0.7668453185978751,0,1,0,1,0,0,0,0,1,0
1,0,0,0,-0.28906789926912396,1,1,0,0,0,0,0,1,1,0.6370318600421274,-0.0464285177699261,0,1,0,1,0,0,0,0,1,0
0,0,0,0,-1.155795518402222,1,1,0,1,0,0,1,1,1,1.1617860329461636,-0.8274266779101194,0,1,0,1,0,0,0,1,0,0
1,0,1,1,-0.9631913074266579,1,0,0,0,0,0,0,0,1,0.45086977280942486,-0.7252096871444607,0,1,0,1,0,0,1,0,0,0
1,0,1,0,1.1052015519965872,1,0,1,0,1,1,1,1,0,1.468584612642088,1.858528251173247,0,1,0,0,0,1,1,0,0,0
0,0,0,0,1.2354259502675757,1,0,1,1,0,0,0,0,1,0.147952208284188,0.9042739589111662,1,0,0,0,0,0,0,1,0,0
0,0,0,0,-1.2077393341991713,1,0,0,1,0,0,0,0,0,0.4664555466985224,-0.9128171830668729,0,1,0,1,0,0,1,0,0,0
0,0,0,0,-1.2816237461508113,1,0,0,0,0,0,0,0,0,-0.6534178058306309,-0.9905484311967225,1,0,0,1,0,0,0,0,1,0
1,0,1,1,-0.5542944774807389,1,1,0,0,0,0,0,1,1,0.6406919128892025,-0.36543241311160696,0,1,0,1,0,0,0,0,1,0
0,0,1,1,0.9250111703528987,1,1,0,0,0,0,0,0,1,0.8405605547602782,1.174052264857575,0,1,0,1,0,0,1,0,0,0
1,0,0,0,-1.100686367842778,1,0,0,0,0,0,0,0,0,-0.6676165434666084,-0.9024452859636286,1,0,0,1,0,0,0,0,1,0
1,0,0,0,-1.1673124683277727,1,1,0,0,0,0,0,0,1,0.2886531424239995,-0.8807866880838381,0,1,0,1,0,0,1,0,0,0
0,0,0,0,-1.2816237461508113,1,0,0,0,0,0,0,0,1,0.193660291356738,-0.9793405877911772,0,1,0,1,0,0,0,0,0,1
0,0,0,0,-1.2409180113122174,1,0,0,0,0,0,1,0,1,0.5205665336422095,-0.9470604787237211,0,1,0,1,0,0,0,0,1,0
0,0,0,0,-1.2427450797824866,1,0,0,0,0,0,1,0,1,0.4916322841976705,-0.9398581283386741,0,1,0,1,0,0,0,0,1,0
0,0,1,1,0.5427823450566481,1,1,0,0,0,0,1,0,1,0.8160258291352441,0.8129100753392021,0,1,0,1,0,0,0,0,0,0
0,0,1,0,-0.7284146991029048,1,0,0,0,0,0,0,0,0,-1.490927553765103,-0.8760975743963678,0,0,1,1,0,0,1,0,0,0
1,0,0,0,-0.8996284963267877,1,1,0,0,0,0,0,0,1,0.3106719800893858,-0.6432172662261446,0,1,0,1,0,0,0,0,0,1
1,0,1,0,1.5270211351310883,1,1,0,1,1,1,1,1,1,1.445803605995559,2.2844143817206546,0,1,0,0,0,1,0,0,0,0
1,0,1,0,-0.5249435757363505,1,1,0,0,0,0,1,1,1,0.9839202941592361,-0.1954551756256878,0,1,0,1,0,0,0,0,1,0
1,0,1,0,1.584636907015321,1,0,1,1,1,1,1,1,1,1.6737393773993572,2.6547979276438602,0,1,0,0,1,0,1,0,0,0
1,0,1,0,1.0018023789652972,0,0,1,1,1,0,0,0,0,-0.18355529525930023,0.5135635441627481,1,0,0,0,1,0,0,0,0,0
1,1,0,0,-0.9182396553831982,1,1,0,0,0,0,0,1,1,0.716876968376385,-0.6378181708463003,0,1,0,1,0,0,0,0,1,0
1,0,0,0,0.6722515261016999,1,1,0,1,0,0,1,1,1,1.224362074115115,1.168523100297978,0,1,0,1,0,0,1,0,0,0
1,0,0,0,-1.2215236633954463,1,0,0,0,0,0,0,0,0,-0.656780750922851,-0.9612662221057365,1,0,0,1,0,0,0,0,1,0
1,0,0,0,-0.9095356600060027,1,0,0,0,0,1,1,0,1,-0.05764476569754089,-0.7345440706177084,1,0,0,0,0,0,0,0,1,0
0,0,1,0,1.1620623514948052,1,1,0,1,0,0,1,1,1,1.326370543567139,1.8391001310775725,0,1,0,0,1,0,0,0,1,0
0,0,1,1,-1.0555146101816855,1,0,0,0,0,0,0,0,0,-1.4548662620947308,-0.9481094174888339,0,0,1,1,0,0,0,0,0,1
1,0,1,1,-0.743432523322098,1,1,0,0,0,0,0,0,1,0.3540908861668556,-0.5471142076122046,0,1,0,1,0,0,1,0,0,0
0,0,0,0,0.6094071485943656,1,0,1,1,0,1,1,1,1,1.3972259839621024,1.1950180557148802,0,1,0,0,0,0,0,1,0,0
0,1,1,0,-1.0335675164677915,1,1,0,0,0,0,0,1,1,0.6493486147626584,-0.7277855993964175,0,1,0,1,0,0,0,0,1,0
0,0,1,1,-0.11135299752160666,1,1,0,0,1,0,0,1,1,0.8459518229514582,0.20405290786961078,0,1,0,1,0,0,0,0,0,0
0,0,1,1,-1.0955704900194752,1,0,0,0,0,0,0,0,1,0.2101551102046848,-0.8258090507603629,0,1,0,1,0,0,0,0,1,0
0,0,1,0,0.8350744654560759,1,0,0,0,0,0,1,1,1,0.9774426940086609,1.1400225092032292,0,1,0,0,1,0,1,0,0,0
0,0,1,0,1.3006705614232634,1,1,0,1,1,0,1,1,0,1.3720612847307891,2.0339361962201448,0,1,0,0,1,0,0,0,1,0
0,0,0,0,-0.718588171628873,1,0,0,0,0,0,0,0,0,-1.4990562725235401,-0.8813529711058972,0,0,1,1,0,0,1,0,0,0
0,0,1,1,-0.2801204800800919,1,0,0,0,0,0,1,1,1,0.8531962475930807,-0.0053385381479534935,0,1,0,0,0,0,0,0,1,0
0,0,0,0,-1.1128217650969805,1,0,0,0,0,0,0,0,0,-0.6595654503299142,-0.9091495915851182,1,0,0,1,0,0,0,0,1,0
1,1,1,0,-0.6928039804796651,1,1,0,0,0,0,1,1,1,0.9979452984743723,-0.36578541730384756,0,1,0,1,0,0,0,0,1,0
0,0,0,0,-1.2816237461508113,1,0,0,0,0,0,0,0,0,-1.49588468991859,-1.0016952628083147,0,0,1,1,0,0,0,0,0,1
0,0,0,1,-1.2816237461508113,1,0,0,0,0,0,0,1,0,0.483293747476144,-0.9755083951846494,0,1,0,1,0,0,0,0,1,0
0,0,1,1,0.058401606972608544,1,0,0,0,0,0,0,0,0,0.24492209785246016,0.05741945262556514,0,1,0,1,0,0,1,0,0,0
0,1,0,0,-1.2592091227614737,1,0,1,0,0,0,0,0,1,-0.5158431697050858,-0.9786102067541458,1,0,0,1,0,0,0,0,1,0
0,1,0,0,-1.2577756894207535,1,0,0,0,0,0,0,0,1,0.24496509545139475,-0.9668935739854083,0,1,0,1,0,0,1,0,0,0
0,0,1,0,1.287952159607384,1,1,0,1,1,0,1,1,1,1.3497466861517071,1.9649570691038714,0,1,0,0,1,0,0,0,0,0
0,1,0,0,-0.2581370013137963,1,1,0,1,1,0,0,1,1,0.9889648462148737,0.059521474651729585,0,1,0,1,0,0,0,0,1,0
1,0,1,0,-0.5954697652935488,1,1,0,0,1,0,1,1,1,1.237637797117965,-0.20534654966961824,0,1,0,1,0,0,0,0,1,0
0,1,1,0,-1.2816237461508113,1,1,0,0,0,0,0,0,1,0.3155071051875926,-0.9777284105746782,0,1,0,1,0,0,0,0,1,0
0,0,0,0,0.8932933069183989,1,0,1,1,1,0,1,1,1,1.3694894958665251,1.5700747777146458,0,1,0,0,1,0,0,0,0,0
0,0,0,0,-1.1043531035906886,1,1,0,0,0,0,1,0,1,0.6802870715328759,-0.7935548066765663,0,1,0,1,0,0,0,0,1,0
0,0,0,0,-1.2816237461508113,1,0,0,0,0,0,0,0,1,0.15555324262843034,-0.9798447890404038,0,1,0,1,0,0,0,0,1,0
0,0,0,0,-0.826431354390597,1,1,0,0,0,0,1,0,1,0.6726314726948681,-0.5401788828070178,0,1,0,1,0,0,0,0,1,0
1,0,1,0,1.3642490183577978,1,1,0,0,0,0,1,1,1,1.250849226145904,2.0664351946329824,0,1,0,1,0,0,0,1,0,0
0,0,0,0,-0.3919188128398801,1,0,0,1,1,0,0,1,1,1.111598375871021,0.0032900339033850104,0,1,0,1,0,0,0,1,0,0
0,0,1,0,-1.0648234372157255,1,1,0,0,0,0,1,0,1,0.7541623245347635,-0.776073895492207,0,1,0,1,0,0,0,0,1,0
0,0,0,0,-0.8268887864180973,1,1,0,0,0,1,0,1,1,1.0383193355728482,-0.4797019417377498,0,1,0,1,0,0,0,0,1,0
0,1,0,0,-0.9948003888852848,1,1,0,0,0,0,0,0,1,0.31590851256039476,-0.7409987586524922,0,1,0,1,0,0,0,0,0,1
1,0,0,0,-1.1710781274832187,1,0,0,0,1,1,0,0,1,0.5930946705321636,-0.8774125788471449,0,1,0,1,0,0,0,0,0,1
1,0,0,0,-1.2816237461508113,1,0,0,0,0,0,0,0,1,0.16348631403680222,-0.9797398251387692,0,1,0,1,0,0,0,0,1,0
0,0,1,0,-0.8881613287189969,1,1,0,0,0,0,1,0,0,0.03231998067121082,-0.6933326333210684,1,0,0,1,0,0,1,0,0,0
1,0,1,1,-1.157294916232287,1,1,0,1,0,0,0,0,1,0.6509744414379086,-0.846813007130766,0,1,0,1,0,0,0,0,0,0
0,0,0,0,-0.8643348173147958,1,1,0,0,1,0,0,1,1,1.1078336936748627,-0.5103936933126205,0,1,0,1,0,0,1,0,0,0
0,0,1,0,0.4615640176631335,1,0,0,0,1,0,0,1,1,0.8255986745764317,0.7263094289929105,0,1,0,1,0,0,0,0,1,0
1,0,0,0,-1.2815908494844601,1,0,0,0,0,0,0,1,1,0.652724035743396,-0.9732360374008823,0,1,0,1,0,0,0,0,0,1
0,0,0,0,-1.2020243556367132,1,0,0,0,0,1,0,0,1,-0.49483793805355386,-0.9524547153255525,1,0,0,1,0,0,0,0,1,0
1,1,0,0,-1.0412036198496608,1,0,0,0,0,0,1,1,1,0.8153206567486573,-0.7173944052043782,0,1,0,1,0,0,0,0,1,0
0,0,0,0,-1.1595065416350294,1,0,0,0,0,0,0,0,1,-0.6345779461690189,-0.9250032205817371,1,0,0,1,0,0,0,0,0,1
0,1,0,0,-1.2170625365060153,1,1,0,0,1,0,0,1,1,0.7867133685912051,-0.9068539201793602,0,1,0,1,0,0,0,0,1,0
0,0,0,0,-1.1136971525666925,1,0,0,0,0,0,1,0,1,0.5318044576491888,-0.8355806053722526,0,1,0,1,0,0,0,0,0,0
0,0,0,0,-0.04376549973630017,0,0,0,1,0,0,0,0,1,-1.1405221585133973,-0.5989180862515021,1,0,0,1,0,0,0,0,1,0
0,0,0,0,-1.281468253391967,1,0,0,0,0,0,1,0,1,0.680318914580077,-0.9727950196155585,0,1,0,1,0,0,0,0,1,0
0,0,1,0,-1.181152276435127,1,1,0,0,1,0,1,1,1,1.1796469252035353,-0.8625361350822758,0,1,0,1,0,0,0,0,1,0
1,0,1,0,-0.08006405425552779,1,1,0,0,0,0,1,1,1,1.0135931744116646,0.2865978220403025,0,1,0,1,0,0,0,1,0,0
1,0,0,0,-1.165757666480619,1,0,0,0,0,0,0,0,1,-0.6408266813255769,-0.9408016165448255,1,0,0,1,0,0,0,0,1,0
1,1,1,0,0.7935984201492132,1,1,0,1,1,0,1,1,1,1.2886303522636828,1.3501160537837968,0,1,0,1,0,0,0,0,1,0
0,0,1,0,-1.2555815976907752,1,0,0,0,0,0,0,0,0,-0.6734245096748142,-0.9807150053851358,1,0,0,1,0,0,0,1,0,0
0,0,0,0,1.1891891725955581,1,0,1,1,1,1,0,1,0,0.4114489279107253,1.0806843751952586,1,0,0,0,1,0,0,1,0,0
0,0,0,0,-1.2368060529233764,1,0,0,0,0,0,0,0,1,-0.627643267232973,-0.9684056391649138,1,0,0,1,0,0,0,0,1,0
1,0,0,0,-1.2816237461508113,1,0,0,0,0,0,0,0,0,-1.4870965072975566,-1.0015789847756718,0,0,1,1,0,0,0,0,0,1
1,0,0,1,-1.2816237461508113,1,0,0,0,0,0,0,0,0,-1.495303707937649,-1.0016875757307175,0,0,1,1,0,0,0,0,0,1
0,0,0,0,-0.19577317691477417,1,1,0,1,0,0,0,1,1,0.8672103055295326,0.1310665807338176,0,1,0,1,0,0,0,0,1,0
0,0,0,0,-1.2816237461508113,0,0,0,0,0,0,0,0,0,-1.1347587747221328,-0.9969171405541268,1,0,0,1,0,0,0,0,0,1
1,0,0,1,-1.2706262546308298,1,1,0,0,0,0,1,1,1,0.9665206729598377,-0.9587216118579989,0,1,0,1,0,0,0,0,1,0
1,0,1,1,-1.1548901152300415,1,0,0,0,0,0,0,0,1,-0.6589689612639418,-0.9315143014541192,1,0,0,1,0,0,0,0,0,0
1,0,1,0,-0.7102812439571595,1,1,0,0,0,0,0,0,1,0.3295894963536998,-0.5214739309520968,0,1,0,1,0,0,1,0,0,0
0,0,1,1,-1.1631411373442315,1,1,0,0,0,0,0,1,1,0.6939635910114765,-0.8475635820751464,0,1,0,1,0,0,0,0,0,0
1,0,1,0,-0.8108658440283333,1,1,0,0,0,0,0,0,1,0.44760326675469386,-0.5633990233378985,0,1,0,1,0,0,1,0,0,0
0,0,0,0,-0.3680109485423896,1,1,0,1,0,0,0,1,1,0.9175978411363245,-0.04350721743949135,0,1,0,1,0,0,0,0,1,0
1,0,1,0,-0.7259177787789622,1,1,0,0,0,0,0,1,1,0.6723611158204971,-0.4615534898515932,0,1,0,1,0,0,0,0,1,0
1,0,1,0,0.33241381748613363,0,0,0,1,0,0,0,0,1,-0.5961124344899867,-0.19055264909108616,1,0,0,1,0,0,1,0,0,0
1,0,0,0,1.1170430760875811,1,1,0,0,1,0,1,1,1,1.1286215567670927,1.6292760977535825,0,1,0,0,1,0,0,0,1,0
1,0,1,0,-0.8329726124392037,1,0,0,0,0,0,0,0,0,0.5283772247337172,-0.6291032170663476,0,1,0,1,0,0,1,0,0,0
1,0,0,0,0.36019754371500345,1,1,0,0,0,1,1,1,1,1.2356206732794215,0.8393592101517303,0,1,0,0,1,0,0,0,1,0
1,1,1,0,0.2889087504024728,1,0,0,0,0,0,0,1,1,0.7996532918462738,0.5312160855658239,0,1,0,1,0,0,0,0,1,0
1,0,0,0,-0.6032749724697347,1,0,0,0,1,0,1,0,1,0.7278860266485746,-0.3396910846332048,0,1,0,1,0,0,0,0,1,0
0,0,1,1,-0.31021435503791894,0,0,1,0,1,0,1,1,1,-0.21303611529901845,-0.3558133561568272,1,0,0,0,0,0,0,0,0,0
0,0,0,0,-1.2816237461508113,1,0,0,0,0,0,1,0,0,-0.3645434326074348,-0.9867262821531917,1,0,0,1,0,0,0,0,0,1
0,1,0,0,-0.7137472915164057,1,1,0,1,0,0,0,0,1,0.5046718975837778,-0.47846262830539954,0,1,0,1,0,0,0,0,1,0
0,1,0,0,0.5733168067070796,1,1,0,0,1,0,1,1,1,1.339759182580468,1.1076199312174726,0,1,0,0,1,0,0,0,1,0
1,0,0,0,-0.9673174388285567,1,0,0,0,0,1,0,0,0,-0.3281666360491138,-0.8018825451044792,1,0,0,1,0,0,0,0,0,1
0,0,0,0,-1.277334789564379,0,0,0,0,0,0,0,1,1,-0.98087148841302,-0.9936065329447394,1,0,0,1,0,0,0,0,1,0
1,0,0,0,-0.2639803751859618,1,1,0,0,0,0,0,0,1,0.6061745602439639,-0.03653192073865617,0,1,0,1,0,0,0,0,1,0
0,0,0,0,-1.2291826113390405,1,0,0,0,1,0,1,0,1,0.7108525595700405,-0.9345715736825397,0,1,0,1,0,0,0,0,1,0
0,0,1,0,1.5192261695385307,1,1,0,1,1,1,1,1,1,1.4811499060146835,2.355288881967004,0,1,0,0,1,0,0,0,1,0
1,1,0,0,1.277917938223057,0,0,0,0,0,0,1,1,1,-0.5431313358472223,0.35807154952017584,1,0,0,0,0,0,0,0,1,0
0,1,1,0,-0.17553492448527389,1,1,0,0,0,0,1,0,1,1.1848815674379773,0.22082361314675908,0,1,0,1,0,0,0,1,0,0
0,0,1,0,1.4864641964590461,1,1,0,1,0,1,1,1,1,1.3844874358471873,2.282689756857228,0,1,0,0,1,0,0,0,1,0
0,0,0,0,0.09023330079672219,1,1,0,0,0,0,0,1,1,0.6404192181401439,0.2774913317837633,0,1,0,1,0,0,0,0,1,0
0,0,1,0,1.2544944508858373,0,0,0,1,1,0,1,1,1,-0.26113243675989045,0.5669949205310358,1,0,0,0,0,0,0,0,1,0
0,0,0,0,-1.2002122764736234,1,0,0,1,0,0,1,1,1,1.0746542127459568,-0.8727006698407056,0,1,0,1,0,0,0,0,1,0
0,0,0,0,-1.204532030625961,1,0,0,0,0,0,0,0,0,-1.472591270778905,-0.985546585032331,0,0,1,1,0,0,0,0,0,1
1,0,0,0,-1.2816237461508113,1,0,0,0,0,0,0,0,0,-0.5505577150935518,-0.9891874707451547,1,0,0,1,0,0,0,0,0,1
0,0,0,0,-0.6024131513100366,1,1,0,1,0,0,1,0,1,0.8314780912251636,-0.35073435652259966,0,1,0,1,0,0,0,0,0,0
1,0,0,0,-1.2002122764736234,1,0,0,0,0,0,1,0,0,-0.37257801378087513,-0.9295252873516913,1,0,0,1,0,0,0,1,0,0
1,0,0,0,-1.0747359468141369,0,0,0,0,0,0,1,1,1,-0.58708137145218,-0.8823314624667058,1,0,0,1,0,0,0,0,1,0
0,0,1,1,-1.0970859116677771,1,0,0,0,0,0,1,0,1,0.6779008764485532,-0.7873117705906629,0,1,0,1,0,0,0,0,1,0
0,0,0,0,-1.2816237461508113,1,0,0,0,0,0,0,0,0,-1.489287131281928,-1.0016079693175444,0,0,1,1,0,0,0,0,0,1
0,0,0,0,0.986826896981514,1,0,1,1,0,1,1,1,1,1.386706745661114,1.6872550890482398,0,1,0,0,1,0,0,1,0,0
0,0,0,0,1.3001971271463308,1,1,0,0,1,1,1,1,1,1.3992458608857319,1.9780747783667687,0,1,0,0,0,1,0,0,1,0
1,0,1,1,0.5139417448671075,1,1,0,0,1,1,1,1,1,1.4609314133324545,1.1477194441642893,0,1,0,1,0,0,1,0,0,0
0,0,0,0,-1.2116481630220564,1,0,0,0,0,0,1,0,1,0.709302758992212,-0.9036592576542225,0,1,0,1,0,0,1,0,0,0
0,0,1,0,-1.072516868641067,1,1,0,1,0,0,0,1,1,0.9649660986898734,-0.7556263395642331,0,1,0,1,0,0,0,1,0,0
1,0,0,0,-1.2816237461508113,1,0,0,0,0,0,0,0,1,-1.443136565209262,-1.0009973428365422,0,0,1,1,0,0,0,0,0,1
0,0,0,0,-0.8905331358674534,1,1,0,0,1,0,1,1,1,1.1866829570188298,-0.526363784135663,0,1,0,1,0,0,0,0,1,0
0,0,0,0,-0.8199276312018519,1,0,0,0,1,1,0,1,1,1.0767355508636733,-0.49796498247382276,0,1,0,1,0,0,0,0,0,1
1,1,0,0,-1.2816237461508113,1,1,0,0,0,0,0,0,1,0.3108496607429677,-0.9777900340639157,0,1,0,1,0,0,0,0,1,0
0,0,0,0,-0.2905058504862347,1,0,0,0,0,0,1,1,1,0.919672063936437,0.013264957889478516,0,1,0,1,0,0,1,0,0,0
1,0,1,0,-1.1081602242410356,1,1,0,0,0,0,0,0,1,0.4304063535727366,-0.8265028416368059,0,1,0,1,0,0,0,0,1,0
0,0,1,1,-0.574616204982201,1,1,0,0,0,0,0,1,1,0.6400495330159401,-0.3688235655547555,0,1,0,1,0,0,0,0,1,0
1,0,0,0,0.8099518568386909,0,0,0,1,0,0,0,0,1,-0.9559746980454316,-0.20059040326696123,1,0,0,1,0,0,0,0,1,0
1,0,0,0,-1.0534734310710143,1,0,0,0,0,0,0,0,0,-0.590359178428227,-0.8730441875589088,1,0,0,1,0,0,0,0,1,0
0,0,0,0,-1.055054225093812,1,0,0,0,1,0,1,1,1,1.0228806139654012,-0.7415755186450044,0,1,0,1,0,0,0,1,0,0
0,0,1,0,-1.102742112545585,1,1,0,1,0,0,1,0,1,0.9550856448257445,-0.7817595538595766,0,1,0,1,0,0,0,0,1,0
1,0,0,0,-1.2816237461508113,1,0,0,0,0,0,0,0,1,0.19859795992547546,-0.9792752566059055,0,1,0,1,0,0,0,0,1,0
0,0,0,0,-1.1305000256202307,1,0,0,0,0,0,0,1,1,0.49197043507457233,-0.84131930870567,0,1,0,1,0,0,0,0,1,0
0,0,0,0,-0.4675090493789317,1,1,0,0,0,0,1,1,1,1.0379776193240722,-0.10336455304329714,0,1,0,1,0,0,0,0,1,0
0,0,0,0,-0.33779156839150215,1,1,0,0,0,0,0,0,0,-1.3363973006166352,-0.7179378543415083,0,0,1,0,0,0,0,1,0,0
0,0,0,0,-1.2816237461508113,1,0,0,0,0,0,1,0,1,0.5061527719927399,-0.9752059432997096,0,1,0,1,0,0,0,0,1,0
1,0,0,0,-1.2816237461508113,1,0,0,0,0,0,0,0,0,-1.4803343361828132,-1.0014895132674517,0,0,1,1,0,0,0,0,0,1
1,1,1,0,0.05133835577935186,0,0,0,1,0,0,0,0,1,-0.6601927943117822,-0.35946546502968524,1,0,0,1,0,0,0,0,0,0
1,0,0,0,-0.7859336847823074,0,0,0,0,0,0,1,1,1,-0.49974868305471054,-0.7187058947530494,1,0,0,1,0,0,0,0,1,0
0,0,1,0,0.4351943792597635,1,1,0,0,1,1,1,1,1,1.4126256274931108,0.9880314870462489,0,1,0,0,1,0,0,0,1,0
0,0,0,0,-1.1118794260853937,1,0,0,0,0,0,0,1,0,0.4792662979355284,-0.8308885505390553,0,1,0,1,0,0,0,0,0,0
1,1,0,0,-1.0099255403677212,1,1,0,1,0,0,0,1,1,1.0410480220835052,-0.6784009634488036,0,1,0,1,0,0,0,1,0,0
0,1,0,0,-1.2808370007316212,1,0,0,0,0,0,1,1,1,0.8116021341596972,-0.9705110704004182,0,1,0,1,0,0,0,0,1,0
0,0,0,0,-1.2816237461508113,1,0,0,0,0,0,0,0,1,0.31185698142018414,-0.9777767060219714,0,1,0,1,0,0,0,0,1,0
0,0,0,0,-1.2816237461508113,1,0,0,0,0,0,0,0,1,-1.4838983115685973,-1.001536668869937,0,0,1,1,0,0,0,0,0,1
0,0,0,0,-1.2816237461508113,1,0,0,0,0,0,0,0,1,0.18719210119966734,-0.9794261695842119,0,1,0,1,0,0,0,0,1,0
0,0,0,0,0.5414693226753553,1,1,0,1,1,0,0,0,1,0.6672651681221136,0.7134034931374255,0,1,0,1,0,0,1,0,0,0
0,0,0,0,-0.3111862271702445,0,0,0,0,1,0,1,0,1,-0.8274264207876161,-0.5859521826214348,1,0,0,1,0,0,0,0,1,0
0,0,0,0,1.5193271482452497,1,1,0,0,0,0,1,1,1,1.2074731899267226,2.080422188486158,0,1,0,0,0,1,1,0,0,0
0,0,0,0,-0.18378077480301974,1,1,0,1,0,0,0,1,1,0.8336451122836107,0.14131985039605582,0,1,0,1,0,0,0,0,1,0
0,0,0,0,-1.2816237461508113,1,0,0,0,0,0,0,0,1,0.14631506874767986,-0.979967020988736,0,1,0,1,0,0,0,0,1,0
1,0,0,0,-1.2816237461508113,1,1,1,0,0,0,0,0,1,0.5547933998722182,-0.9745623703608852,0,1,0,1,0,0,0,0,1,0
0,1,0,0,-1.260496155783187,1,1,0,0,0,0,1,1,1,0.9620630484602066,-0.9516265738984737,0,1,0,1,0,0,0,0,1,0
1,0,1,1,-0.07623377588282926,1,0,0,0,0,0,0,0,0,0.2739166081765023,-0.05990067242583315,0,1,0,1,0,0,0,0,1,0
1,0,0,0,-1.1139715362511615,1,0,0,0,0,0,0,0,0,-0.5830390478012574,-0.9048348001451293,1,0,0,1,0,0,1,0,0,0
0,0,0,0,-1.1687063886671791,0,0,0,1,0,0,0,0,1,-1.0683536041951043,-0.9556819416720141,1,0,0,1,0,0,0,0,1,0
0,0,1,0,1.2051582220568489,1,1,1,1,1,0,1,0,1,1.2287173321652305,1.7222276185539813,0,1,0,1,0,0,0,0,1,0
0,0,0,0,-0.9152721326034655,1,1,0,1,0,0,0,0,1,0.5181698086085208,-0.6485813346694623,0,1,0,1,0,0,0,0,0,0
0,0,0,0,-0.9123430077553015,0,0,0,0,0,0,0,1,1,-1.0028184732405778,-0.864385027400678,1,0,0,1,0,0,0,0,1,0
0,0,0,0,-1.1951016627225663,1,0,0,0,0,0,0,0,1,-0.36410523081900037,-0.9403636345330548,1,0,0,1,0,0,0,0,0,1
0,0,0,0,1.5250023562527877,1,1,1,1,1,1,1,1,0,1.6801171930532557,2.5552785789681565,0,1,0,0,0,0,0,1,0,0
0,0,0,0,-0.7496577529428823,1,1,0,0,1,0,1,1,1,1.2011398528841672,-0.3946749399066145,0,1,0,1,0,0,1,0,0,0
1,0,0,0,-1.215912027595856,1,0,0,0,0,0,0,0,1,-0.6170960174278652,-0.9559934900605258,1,0,0,1,0,0,0,0,1,0
0,0,1,0,-1.0324962135249833,1,1,0,0,0,0,0,1,1,0.6524582925481797,-0.7201736363431812,0,1,0,1,0,0,0,0,1,0
0,0,1,0,-0.9368936213556568,1,1,0,0,0,0,0,1,1,0.6712061075776458,-0.6454205673038664,0,1,0,1,0,0,0,0,1,0
0,0,0,0,0.09879882911642086,1,1,0,1,0,1,0,0,0,0.681075380505793,0.2696675342472951,0,1,0,1,0,0,0,1,0,0
1,0,1,0,-1.0786549230335407,1,0,1,0,0,0,1,1,1,1.0406553461040178,-0.75647864712703,0,1,0,1,0,0,0,0,1,0
1,0,1,0,-0.9799131196871936,1,0,0,0,0,0,0,0,1,0.1781968581829002,-0.7390240446005231,0,1,0,1,0,0,0,0,1,0
1,0,0,0,-1.2409180113122174,1,0,0,0,1,0,0,0,1,0.5982261368205644,-0.9400995270915566,0,1,0,1,0,0,0,0,1,0
0,0,0,0,-1.155901089828269,1,1,0,0,1,0,1,1,1,1.2548878266631742,-0.8155156529972438,0,1,0,1,0,0,0,0,1,0
0,0,1,1,-0.647587580251727,1,1,0,0,0,1,0,0,1,-0.03059251159366584,-0.5422871490802148,1,0,0,1,0,0,0,0,1,0
1,0,0,0,0.5906196551067338,1,0,1,0,0,0,0,0,0,0.68212387581183,0.7638889756245675,0,1,0,1,0,0,0,0,0,0
1,1,0,0,-1.2816237461508113,1,1,0,0,0,0,0,0,1,0.32886134235834946,-0.9775517182490151,0,1,0,1,0,0,0,0,1,0
0,0,0,0,-1.2816237461508113,1,0,0,0,0,0,0,0,1,0.22542560429693087,-0.9789202951943742,0,1,0,1,0,0,0,0,0,1
1,0,0,0,-1.2805733120234375,1,1,0,0,0,0,0,0,1,0.33221121275426513,-0.9765335718845636,0,1,0,1,0,0,0,0,1,0
1,0,0,0,1.533297459135401,1,1,1,0,0,1,1,1,1,1.3170358591441076,2.1917563930590185,0,1,0,0,0,1,0,0,0,0
1,1,1,0,-0.8357815636750514,1,0,0,0,0,0,0,1,1,0.5198640779305429,-0.5941878053322135,0,1,0,1,0,0,0,0,1,0
0,0,1,1,-0.3383053474952411,1,0,0,0,0,0,1,1,1,0.8699040462229455,-0.04401538408100358,0,1,0,1,0,0,0,0,1,0
0,0,0,0,-1.2639736103491062,1,0,0,0,0,0,1,0,1,0.5022578874976482,-0.9595276075073849,0,1,0,1,0,0,0,0,1,0
1,0,0,0,-0.4585690981007879,1,1,0,1,0,0,0,0,1,0.5561947215942955,-0.20871596421977437,0,1,0,1,0,0,0,0,1,0
0,0,0,0,-1.2816237461508113,0,0,0,0,0,0,0,0,0,-1.237445131995999,-0.9982758023068423,1,0,0,1,0,0,0,0,0,1
0,0,0,0,-0.07624681883198133,1,1,0,0,0,0,0,1,1,0.6363356600092743,0.11820725679520336,0,1,0,1,0,0,0,0,1,0
0,0,0,0,-1.1681224361417288,1,0,0,0,0,0,0,1,1,0.5111341054676561,-0.8733751053249145,0,1,0,1,0,0,0,0,1,0
0,1,1,0,-0.6083453564567004,1,1,0,0,0,1,1,1,0,1.164825797116208,-0.2244576098167859,0,1,0,1,0,0,1,0,0,0
1,0,0,0,-0.885197744034678,1,1,0,0,1,0,1,0,1,0.9245061739485716,-0.5717483766640273,0,1,0,1,0,0,0,0,1,0
0,0,1,0,-0.09222526592793377,1,1,0,0,1,0,1,1,1,1.2796578328617965,0.40449771345943075,0,1,0,1,0,0,0,0,1,0
0,0,1,1,-1.2816237461508113,1,0,0,0,0,0,0,0,1,-1.079817740475624,-0.9961902057999191,0,0,0,1,0,0,0,0,1,0
0,0,0,0,-0.7507847563302058,1,0,0,0,0,0,0,1,1,0.5800278621586505,-0.48058388474779523,0,1,0,1,0,0,1,0,0,0
0,0,0,0,0.3508700081153899,0,0,0,0,1,0,1,1,1,-0.5002246178321499,-0.11232047418745403,1,0,0,1,0,0,0,0,0,0
0,0,0,0,-1.2816237461508113,1,0,0,0,0,0,1,1,0,0.8575533743851814,-0.9705564984169933,0,1,0,1,0,0,0,0,1,0
1,0,0,0,-1.2816237461508113,1,0,0,0,0,0,0,1,0,0.49801937257512013,-0.975313557777442,0,1,0,1,0,0,0,0,1,0
1,1,1,0,-0.6943522103684514,1,0,0,0,1,0,1,1,1,1.1165664920913998,-0.3388798395201247,0,1,0,1,0,0,0,0,1,0
1,0,0,0,-1.264135711156495,1,0,0,0,0,0,0,0,0,-0.5551235900226166,-0.9794392163763281,1,0,0,1,0,0,0,0,0,1
0,1,0,0,-0.7559792346432997,1,1,0,0,0,0,0,0,1,0.311103645393379,-0.5320432977829866,0,1,0,1,0,0,0,0,1,0
1,0,0,0,0.6017041726883294,1,0,0,1,0,1,1,1,0,1.2389123926000847,1.081491704673183,0,1,0,1,0,0,0,0,1,0
1,0,1,0,1.401923669871999,1,1,0,1,1,0,0,0,0,1.2820711082033784,2.060144760961962,0,1,0,0,1,0,0,0,1,0
0,0,0,0,-1.2378404525764108,1,0,0,0,0,0,1,0,1,0.4909031330116733,-0.9355254149088476,0,1,0,1,0,0,0,0,1,0
0,0,0,0,-0.9559778674420595,1,1,0,0,0,0,0,1,1,0.6337890590267342,-0.6690790892777702,0,1,0,1,0,0,0,0,1,0
0,1,0,0,-1.2042207707799393,1,0,0,0,1,0,0,0,0,0.4376313432435596,-0.9086677916069219,0,1,0,1,0,0,0,0,1,0
0,0,0,0,-0.3436956711398984,1,1,0,0,0,0,0,0,1,0.3253520015702675,-0.2521172814447428,0,1,0,1,0,0,1,0,0,0
0,0,0,0,-1.0081465772848883,1,1,0,1,0,0,1,0,1,0.946424424765305,-0.6863346552144165,0,1,0,1,0,0,0,0,1,0
0,0,0,0,-0.10571925458334958,1,1,0,0,0,0,0,1,1,0.7475575643808885,0.16428893973671094,0,1,0,1,0,0,0,0,1,0
1,0,0,0,-0.5540204356749296,1,1,1,0,0,0,1,1,1,1.1536339079573,-0.21135488933425595,0,1,0,1,0,0,0,0,1,0
0,0,1,0,-0.8618176222245055,1,0,0,0,0,0,1,1,0,0.7925524989275216,-0.5419820365418109,0,1,0,1,0,0,0,0,1,0
0,1,0,0,-1.2121767266489414,1,0,0,0,0,0,0,0,1,0.1822467225487145,-0.9291919218316178,0,1,0,1,0,0,0,0,1,0
0,0,0,0,-1.1825715788502336,0,0,0,0,0,0,0,0,0,-0.7062135361363101,-0.9394657064897368,1,0,0,1,0,0,0,0,0,1
1,0,0,0,-0.8817011082455304,1,0,0,0,1,0,1,1,0,1.051229467472972,-0.5483642916314657,0,1,0,1,0,0,1,0,0,0
0,0,0,0,-1.0009709602212,1,1,0,0,1,0,1,1,1,1.1400617646610662,-0.6626200768149866,0,1,0,1,0,0,1,0,0,0
1,0,1,1,-1.1178893693033616,1,0,0,1,1,0,0,0,1,-0.31036462807400733,-0.8903806674912174,1,0,0,1,0,0,0,0,0,1
0,0,1,0,0.8587495457881323,1,1,1,1,0,0,0,1,1,1.1189526409549948,1.280199693765029,0,1,0,1,0,0,1,0,0,0
0,0,1,0,-0.5111111295842216,0,0,0,0,0,1,1,1,1,0.13848041559095053,-0.3865803015388656,1,0,0,1,0,0,0,0,1,0
0,0,1,0,0.14267683104017637,1,0,0,0,0,0,0,0,1,0.21926852463539798,0.10961275575715301,0,1,0,1,0,0,0,0,1,0
1,0,1,0,-0.7708694552968839,1,1,0,0,1,0,1,1,1,1.1751857085488024,-0.4095224753843181,0,1,0,1,0,0,0,0,1,0
0,0,0,0,-0.8790378204048382,1,0,0,0,0,0,0,0,1,0.17058117938257705,-0.6887049486266263,0,1,0,1,0,0,0,0,1,0
0,0,0,0,-1.2409180113122174,0,0,0,0,0,0,1,1,0,-0.6554201760032272,-0.9723119980404972,1,0,0,1,0,0,0,0,1,0
0,0,0,0,0.8995750347246545,1,0,0,1,0,0,0,0,1,0.4286869120738718,0.8727813134162673,0,1,0,1,0,0,0,0,1,0
1,1,0,0,0.5807119443030501,1,0,0,0,0,0,0,1,0,0.6909462289607525,0.7593228874643324,0,1,0,1,0,0,0,0,0,1
0,0,0,0,-1.2816237461508113,1,0,0,0,0,0,0,0,0,-1.461069581876912,-1.0012346178213012,0,0,1,1,0,0,0,0,0,1
0,0,1,1,-0.8370526400730217,0,0,0,0,0,0,0,0,0,-1.1868952891467734,-0.8756366688473002,1,0,0,1,0,0,0,0,0,1
0,0,0,0,-0.821273720988248,1,1,0,1,1,0,0,1,1,1.1928768483227645,-0.47099702092333545,0,1,0,1,0,0,0,1,0,0
0,0,1,1,-0.9547949250550614,1,0,0,0,0,1,1,0,1,0.7785291867451963,-0.640486996473661,0,1,0,1,0,0,0,0,1,0
1,0,0,0,-0.8447921758789171,1,0,0,0,0,0,0,0,1,-0.23372413939663333,-0.7100369691352643,1,0,0,0,0,0,0,0,1,0
0,0,1,1,-1.164643509177076,1,0,0,0,0,0,0,0,0,-1.4790413451422608,-0.9779194792932391,0,0,1,1,0,0,0,0,0,1
1,0,1,1,0.5620359429970009,1,1,0,1,1,0,1,1,1,1.4127785908509762,1.1159928839922884,0,1,0,1,0,0,1,0,0,0
1,1,0,0,-1.2816237461508113,1,0,0,0,0,0,0,0,1,0.15914322866985633,-0.9797972892862323,0,1,0,1,0,0,0,0,1,0
1,1,0,0,-1.2205897127003,1,1,0,0,0,0,1,1,1,0.9720978200852773,-0.9058713618922264,0,1,0,1,0,0,0,0,1,0
1,0,0,1,-1.0065611610869971,1,1,0,0,0,0,0,1,0,0.9688518333812003,-0.6966288035259436,0,1,0,1,0,0,0,0,1,0
1,0,1,1,1.3960065137768467,1,1,0,0,1,1,0,1,1,0.41244245788505735,1.3037706035184926,0,0,0,0,0,0,1,0,0,0
0,0,0,0,-1.0892770926123312,1,0,1,0,0,0,0,0,0,-0.3067188221818243,-0.8493250967798889,1,0,0,1,0,0,0,0,1,0
0,0,0,0,-1.1923546649308492,0,0,0,1,0,0,1,1,1,-0.35989822791707393,-0.9332279990737128,1,0,0,1,0,0,0,0,0,0
0,0,1,0,1.346529478780178,0,0,0,1,1,0,0,1,1,-0.4918123953984793,0.4587652781015017,1,0,0,0,0,0,0,0,1,0
0,0,0,0,-1.2816237461508113,1,0,0,0,0,0,0,0,0,-1.4987874529602956,-1.0017336697907675,0,0,1,1,0,0,0,0,0,1
1,0,0,0,-1.1716550870559523,1,0,0,0,0,0,1,0,1,0.5149604021326183,-0.8794590626277027,0,1,0,1,0,0,0,0,1,0
1,0,1,0,1.5356120629069658,0,0,0,1,0,0,1,1,0,-0.5008281381599341,0.5266053641830256,1,0,0,0,0,0,0,0,1,0
0,0,0,0,-1.1595065416350294,1,0,0,0,0,0,0,0,0,-0.6494663641545094,-0.9243679449408372,1,0,0,1,0,0,0,0,0,1
0,0,1,0,-0.8745663977648716,1,1,0,0,0,0,1,1,1,1.1118376375672196,-0.5205354749964749,0,1,0,1,0,0,0,0,1,0
0,0,1,0,-0.9426867824607355,1,1,0,0,0,0,0,0,1,0.891531479334072,-0.5661921243029184,0,1,0,1,0,0,0,1,0,0
0,0,1,0,-0.4674919763025651,1,0,0,0,0,0,0,0,1,0.14575894739951298,-0.3591123864682898,0,1,0,1,0,0,0,0,1,0
1,0,1,1,0.14559657613638277,0,0,1,0,0,0,0,0,0,-0.8455310601802084,-0.3997932417014953,1,0,0,1,0,0,1,0,0,0
0,0,1,0,-1.0627836335412397,1,0,0,0,0,1,0,0,1,-0.5168321547612503,-0.8804048941350593,1,0,0,1,0,0,0,0,1,0
0,0,1,0,-0.5966509034510583,1,1,1,0,1,0,1,1,1,1.3010592900586964,-0.19853165297912856,0,1,0,1,0,0,0,0,1,0
0,1,0,0,-1.1476029572220412,1,1,0,0,0,0,1,1,1,0.9937667401952992,-0.8153126510193719,0,1,0,1,0,0,0,0,1,0
1,1,1,0,0.8698492650624876,0,0,0,0,0,0,0,0,1,-0.782754017118467,-0.009636333300581237,1,0,0,1,0,0,0,0,1,0
0,0,0,0,-1.197006860684517,0,0,0,1,0,0,1,1,1,-0.47499609157629713,-0.9395999397506923,1,0,0,1,0,0,0,0,0,0
1,0,0,0,0.8671384874896142,0,0,0,1,0,0,1,0,1,-0.4467626682777678,0.17865043100258016,1,0,0,1,0,0,0,0,1,0
0,0,0,0,-0.37702520903069336,1,1,0,0,1,0,1,1,1,1.1237188774820244,0.012693056824294335,0,1,0,1,0,0,0,0,1,0
1,0,0,0,-1.2816237461508113,1,1,0,0,0,0,0,0,1,0.3325862352081401,-0.977502433518479,0,1,0,1,0,0,0,0,1,0
1,0,0,0,-1.2816237461508113,1,0,0,0,0,0,0,0,0,-1.4899781544084165,-1.001617112369427,0,0,1,1,0,0,0,0,0,1
0,0,0,0,-0.959815658710697,1,0,0,0,0,0,1,1,1,0.8445996032353671,-0.6594252895456998,0,0,0,1,0,0,1,0,0,0
0,0,0,0,-1.2584402109037216,1,1,0,0,0,0,0,0,1,-0.3617838993279058,-0.9723988071474612,1,0,0,1,0,0,0,0,1,0
0,0,0,0,-1.1293656458019372,1,1,0,0,0,0,0,0,0,0.35068789428256103,-0.837404066902942,0,1,0,1,0,0,0,0,1,0
1,0,0,0,-0.9611071249857309,1,1,0,0,0,0,1,1,0,1.1586012824187457,-0.6143187882445985,0,1,0,1,0,0,0,0,1,0
0,0,0,0,-1.2816237461508113,1,0,0,0,0,0,0,0,0,0.17492188465996633,-0.9795885190369787,0,1,0,1,0,0,0,0,0,1
1,0,0,1,-1.2667495527235018,1,0,0,0,0,0,1,1,0,0.8166807287987699,-0.9556650523979998,0,1,0,1,0,0,0,0,0,1
1,0,0,0,-1.1125230019153176,1,0,0,0,0,0,0,0,1,-0.654268532219015,-0.912047257363327,1,0,0,1,0,0,1,0,0,0
0,0,0,0,-0.7585785531358318,1,0,0,0,0,0,1,1,1,0.8316152623831847,-0.519476427046752,0,1,0,1,0,0,0,0,0,1
1,0,0,0,-1.2738852745679266,1,0,0,0,0,0,0,0,0,-0.4974212843903863,-0.9855505075134061,1,0,0,1,0,0,0,0,0,1
1,0,0,0,-1.1564923293062725,1,0,0,0,0,0,0,0,0,-0.630977349994081,-0.9351971459279068,1,0,0,1,0,0,1,0,0,0
1,0,1,0,0.7611610903363308,1,1,0,0,0,0,0,1,0,0.9839236598655291,1.1114148401205592,0,1,0,1,0,0,0,0,1,0
1,1,1,0,0.8327827974215806,1,1,0,0,1,0,1,1,1,1.2921581920966294,1.400085801189273,0,1,0,1,0,0,0,0,1,0
1,0,0,0,-1.2816237461508113,1,0,0,0,0,0,1,0,1,0.4654328290613435,-0.9757447162243941,0,1,0,1,0,0,0,0,1,0
1,0,0,0,-0.3736064855542011,1,1,0,1,0,0,1,1,1,1.2533965967640113,0.05787725148527323,0,1,0,1,0,0,0,0,1,0
0,0,0,0,0.7906739374965586,1,1,1,1,0,0,1,1,1,1.5310384298706552,1.5784930452088402,0,1,0,0,1,0,0,1,0,0
0,1,1,0,0.1873535162773281,1,1,0,0,0,0,1,1,1,1.0372572932594208,0.49970127647250545,0,1,0,1,0,0,0,1,0,0
1,0,0,0,-1.2474989659266538,1,0,0,0,0,0,0,0,0,-1.4803934898522317,-0.9967605415124211,0,0,1,1,0,0,0,0,0,1
0,0,0,0,-0.08611266557695274,1,0,1,0,0,0,0,0,1,-0.3903072435188315,-0.27268329663634366,1,0,0,1,0,0,0,1,0,0
1,1,0,0,-0.06961180895270047,1,1,0,0,1,0,1,1,1,1.1275499963611941,0.28848228544568033,0,1,0,1,0,0,0,0,1,0
0,1,0,0,-0.1322280589556453,1,1,0,0,1,1,1,1,1,1.3319379062961663,0.34180472226447745,0,1,0,1,0,0,0,0,1,0
1,0,1,0,-1.2555470343556931,1,0,0,0,1,0,0,0,0,0.3782312669001025,-0.9556909812505479,0,1,0,1,0,0,0,0,1,0
1,1,1,0,-0.3860733317603424,1,1,0,0,0,0,1,1,1,0.9817911518441828,-0.06598407233249526,0,1,0,1,0,0,0,0,1,0
0,0,0,0,0.8076143558770391,1,0,1,1,0,1,1,1,1,1.5054785904892525,1.5677444459947683,0,1,0,0,1,0,0,1,0,0
1,0,0,0,-1.2816237461508113,1,0,0,0,0,0,0,0,0,-0.6429532344624798,-0.9904099725615745,1,0,0,1,0,0,0,0,1,0
1,0,1,0,0.9094432207038792,1,1,0,1,1,0,1,1,1,1.3043873124967493,1.4778469044193094,0,1,0,1,0,0,0,0,1,0
0,0,0,0,-0.9964138855612167,1,0,0,1,0,0,1,1,1,1.0185239780094943,-0.6516807870863365,0,1,0,1,0,0,0,0,1,0
0,0,0,0,-1.2404253450500087,1,0,1,1,0,0,0,0,0,-0.3342878863990531,-0.9643369931806369,1,0,0,1,0,0,0,0,0,0
1,0,0,0,-0.995579849703588,1,0,1,0,0,0,0,0,0,0.33370956222610504,-0.7318794153682929,0,1,0,1,0,0,0,0,1,0
0,0,0,0,-1.2816237461508113,1,0,0,0,0,0,0,0,1,0.16563640476477728,-0.9797113768997381,0,1,0,1,0,0,0,0,1,0
0,0,0,0,-1.2002122764736234,1,1,0,0,0,0,0,0,1,0.3350286663932234,-0.8929417995369157,0,1,0,1,0,0,0,1,0,0
0,0,0,0,-1.2816237461508113,1,0,0,0,0,0,0,0,1,-1.5124528046429035,-1.0019144785287684,0,0,1,1,0,0,0,0,0,1
0,0,0,0,-1.067156326575549,1,0,0,0,1,0,1,1,1,1.0719297993592733,-0.7438205809691832,0,1,0,1,0,0,0,0,1,0
0,0,0,0,0.048079053203672714,1,1,0,0,0,0,0,1,1,0.6215589062303702,0.2289436841027048,0,1,0,1,0,0,0,0,1,0
1,1,1,0,0.7072600812412962,1,1,0,0,1,0,1,1,1,1.1723807291655457,1.2043509945009263,0,1,0,1,0,0,0,0,1,0
1,0,0,1,-1.2692526293361936,1,1,0,0,0,0,0,1,0,0.9341064501320848,-0.9585217592988641,0,1,0,1,0,0,0,0,1,0
1,0,1,1,1.4125498053285506,1,0,0,0,0,1,0,1,1,0.35170894486378834,1.2575327777215968,1,0,0,0,0,0,1,0,0,0
0,0,0,0,-0.8939828861953968,1,0,0,0,0,0,1,1,0,0.8206910890265877,-0.5701010742152067,0,1,0,1,0,0,0,0,0,0
1,0,0,0,-1.089666807449337,0,0,0,0,0,0,0,0,1,-0.8404935636964379,-0.9038992446494248,1,0,0,1,0,0,1,0,0,0
0,0,0,0,-1.195462769816629,1,0,0,0,1,0,1,1,1,1.1270311643852653,-0.879442359430274,0,1,0,1,0,0,0,0,0,0
0,0,0,0,-0.8761221590152362,1,0,0,0,0,0,0,1,0,0.4740640820579884,-0.6175801280485319,0,1,0,1,0,0,1,0,0,0
0,0,0,0,-1.2816237461508113,1,0,0,0,0,0,0,0,0,-1.4824913999809515,-1.0015180537684345,0,0,1,1,0,0,0,0,0,1
1,0,0,0,0.2775495429896708,1,1,0,0,1,0,1,1,1,1.1563589787029631,0.7134872316866958,0,1,0,1,0,0,1,0,0,0
1,0,1,0,0.9924694911381575,1,1,0,0,1,0,1,1,1,1.2663223779362671,1.5548844854356902,0,1,0,0,1,0,1,0,0,0
1,0,0,0,-0.7178591851589016,1,0,0,0,0,0,0,0,1,-0.5691086407939412,-0.6825224943573998,1,0,0,1,0,0,1,0,0,0
0,1,1,0,1.098962167126145,1,1,0,0,0,0,1,1,0,0.9901098075336741,1.4800319493603136,0,1,0,1,0,0,1,0,0,0
1,0,0,0,-1.2411925708659006,1,0,0,0,0,0,1,0,1,0.508305846655337,-0.9471364915313003,0,1,0,1,0,0,0,0,1,0
0,0,0,0,-1.2816237461508113,1,0,0,0,0,0,0,0,0,0.19788342956452876,-0.9792847106862561,0,1,0,1,0,0,0,0,0,1
0,0,0,0,-0.6746224084913173,1,1,0,0,0,1,1,0,1,0.8306497758286093,-0.4074648815732562,0,1,0,1,0,0,0,0,1,0
0,1,0,0,-0.7247411711405923,1,1,0,0,0,0,1,1,1,0.9735591856886351,-0.3966799813825874,0,1,0,1,0,0,0,0,1,0
1,1,0,0,-0.9415375439358911,1,0,0,0,0,0,1,1,1,0.8283438052064048,-0.6229320064888315,0,1,0,1,0,0,0,0,1,0
1,0,0,0,-1.2816237461508113,1,0,0,0,0,0,0,0,1,0.2146704371005254,-0.9790625987554485,0,1,0,1,0,0,0,0,0,1
0,1,0,0,-0.9592983794649865,1,1,0,0,1,0,1,1,0,1.1826403638541414,-0.6120389973204068,0,1,0,1,0,0,0,0,1,0
0,0,0,0,-0.9212645954644747,1,1,0,0,0,0,0,0,1,0.32439804565025815,-0.6655323703147428,0,1,0,1,0,0,0,0,1,0
0,0,0,0,-0.6914961661380576,1,1,0,0,0,0,1,0,1,0.756967737591983,-0.3961972563645558,0,1,0,1,0,0,1,0,0,0
1,0,1,0,0.5559564923757995,1,1,0,0,1,1,1,1,0,0.860697846690749,0.7960230140442154,0,0,0,0,1,0,0,0,1,0
0,0,0,0,0.898144377544475,1,1,0,1,0,1,1,1,1,1.4975831792287224,1.67928250043714,0,1,0,0,1,0,0,1,0,0
0,0,0,0,-1.10858361104524,1,0,1,0,0,0,0,0,0,-0.33898331367504486,-0.8661615105347662,1,0,0,1,0,0,0,0,1,0
0,0,0,0,-0.3422710884328084,1,1,0,1,0,0,0,1,1,0.9054741736600366,-0.017708900649079373,0,1,0,1,0,0,0,0,1,0
0,0,1,0,1.4310642882613231,1,0,1,1,0,0,0,1,1,0.978466099171551,1.7966480833434624,0,1,0,0,1,0,0,1,0,0
0,1,0,0,-0.7779523250644379,1,1,0,0,0,0,1,0,1,0.8004190456340993,-0.49132125746447974,0,1,0,1,0,0,0,0,1,0
1,0,0,0,-0.2898047128881269,1,0,0,1,0,1,0,0,1,-0.24276646971266605,-0.34881535219844473,1,0,0,0,1,0,0,0,0,0
0,0,0,0,-0.8165517230257644,1,1,0,0,0,0,0,0,1,0.32875538379221436,-0.5873802690390207,0,1,0,1,0,0,0,0,0,1
1,0,0,0,-1.01998056868631,1,0,0,0,0,0,0,0,1,-0.6566402624575134,-0.8320485660731298,1,0,0,1,0,0,0,0,0,1
1,0,0,0,0.5377023404147095,1,1,0,1,0,0,0,0,1,0.9011469275472934,0.778520137882382,0,1,0,1,0,0,0,0,1,0
0,0,0,0,-0.7965502222619967,1,1,1,0,0,0,0,0,0,0.5234728608882446,-0.5684880493569078,0,1,0,1,0,0,0,0,1,0
1,0,0,0,-1.2186939223992068,1,0,0,0,0,0,0,0,1,-0.6589544364725604,-0.9524894042742409,1,0,0,1,0,0,0,0,0,1
0,0,1,0,-0.9618208014636158,1,0,0,0,0,0,0,0,0,-1.486603147084222,-0.933268807183152,0,0,1,1,0,0,1,0,0,0
1,0,1,1,1.569243865017338,1,1,0,1,1,0,1,1,1,1.3597413190339602,2.375184323036649,0,1,0,0,0,1,0,0,0,0
0,0,0,0,-1.2480505423055057,1,1,0,0,0,0,1,1,1,1.0228733413959352,-0.9398336778794358,0,1,0,1,0,0,0,0,1,0
0,0,0,0,-1.2110586977178606,1,1,0,0,0,0,0,0,1,0.3130296819058503,-0.9259857500687554,0,1,0,1,0,0,0,0,1,0
0,0,1,0,-0.27732275149205465,1,0,0,0,0,0,0,0,1,0.1531964747663127,-0.22113866658269665,0,1,0,1,0,0,0,0,1,0
1,1,0,0,-1.1901292971423933,1,0,0,1,0,0,0,0,1,0.5336138910149588,-0.8996932663670987,0,1,0,1,0,0,0,0,1,0
1,1,0,0,-1.2002122764736234,1,1,0,0,0,0,0,0,1,0.4425833857641851,-0.9082884191531063,0,1,0,1,0,0,0,0,1,0
0,0,0,0,-0.11606151083215932,1,0,0,0,0,0,0,0,1,0.24647916195026914,-0.07770719686170777,0,1,0,1,0,0,0,1,0,0
1,1,0,0,0.7984212236988448,1,1,0,0,0,0,1,1,1,1.0642543692968844,1.2520820076501311,0,1,0,1,0,0,0,0,1,0
0,0,0,0,-1.1242385671264605,0,0,0,0,0,0,0,1,0,-0.6154396247349179,-0.8879048602631953,1,0,0,1,0,0,0,0,0,1
0,0,0,0,-0.9109852063036028,1,0,1,0,0,0,1,1,1,1.1373398554082448,-0.5475900345015616,0,1,0,1,0,0,0,0,1,0
0,0,0,0,-1.0479715470775546,1,0,0,0,0,0,0,0,1,-0.6794565101815268,-0.8777516034947768,1,0,0,1,0,0,1,0,0,0
0,0,0,0,-0.8194894873011339,1,1,0,1,1,0,0,0,1,0.6488172279383521,-0.5858744532082037,0,1,0,1,0,0,0,0,1,0
0,0,0,0,-1.2040262998492102,1,1,0,0,0,0,0,1,0,0.7060717427021374,-0.8948429031689125,0,1,0,1,0,0,0,0,0,1
1,0,1,0,-0.808411616933917,1,0,0,1,1,0,0,1,1,1.0849433379829516,-0.48354093368569306,0,1,0,1,0,0,0,0,1,0
1,0,1,0,-0.3699478626075243,1,1,0,0,0,0,0,0,1,0.6340166752407905,-0.15461015615825824,0,1,0,1,0,0,0,0,1,0
0,0,0,0,-1.2816237461508113,1,1,0,0,0,0,0,1,0,0.6857989234430577,-0.972829012600463,0,1,0,1,0,0,0,0,0,1
0,0,1,0,0.7555590304050867,1,1,0,0,1,0,0,0,1,0.4341600632526551,0.7908969797268076,0,1,0,1,0,0,0,0,0,0
1,1,0,0,-1.153726913442658,1,0,0,0,0,0,0,0,0,0.24684118593555635,-0.8702533050911977,0,1,0,1,0,0,0,0,0,1
0,0,0,0,-1.1192013753012535,1,0,0,0,1,0,1,1,1,1.0703022313535542,-0.8026353317128395,0,1,0,1,0,0,0,0,0,0
0,0,1,0,-0.7681599653496227,0,0,0,0,0,1,1,1,1,-0.3783261504549998,-0.6907755821786183,1,0,0,1,0,0,0,0,1,0
0,0,0,0,-0.6876810650309968,1,0,0,0,0,0,0,0,0,-1.489422747305085,-0.8720540472545594,0,0,1,1,0,0,1,0,0,0
0,0,0,0,-0.33499330401612143,1,1,0,0,0,0,1,1,1,1.1541313424219026,0.01602559934310006,0,1,0,1,0,0,0,0,1,0
0,0,1,1,-0.19498558686888226,1,1,1,0,1,0,1,1,1,1.2920280432019777,0.26090067337164907,0,1,0,0,0,0,0,0,0,0
0,0,0,0,-1.2816237461508113,1,0,0,0,0,0,0,1,1,0.560695978024725,-0.9744842722825122,0,1,0,1,0,0,0,0,1,0
1,0,0,0,-1.1847940605787024,1,0,0,0,0,0,1,0,1,0.5232969572312403,-0.8845151465261416,0,1,0,1,0,0,0,0,1,0
0,1,0,0,-0.2668769254738006,1,1,0,1,0,0,0,1,1,0.9498696921873125,0.02916493661739767,0,1,0,1,0,0,0,0,1,0
0,0,1,0,-0.2653600432900975,0,0,1,0,1,0,1,1,0,-0.21623322869026723,-0.33000712323693177,1,0,0,1,0,0,0,0,0,0
1,0,1,0,0.7584838149923692,0,0,0,1,1,0,1,1,0,-0.18456225922896077,0.31760259831104715,1,0,0,0,1,0,0,0,1,0
0,0,0,0,-0.5339199803770088,0,0,0,0,0,0,0,0,1,-0.9894759003497147,-0.759180166969986,1,0,0,1,0,0,0,1,0,0
1,0,1,1,-1.1854624837368473,1,0,0,0,0,0,0,0,0,-1.3759870685800832,-0.9718190340194519,0,0,1,1,0,0,1,0,0,0
1,0,0,0,-1.2816237461508113,1,0,0,0,0,0,0,0,0,-1.5005760334621197,-1.001757334822657,0,0,1,1,0,0,0,0,0,1
0,0,0,0,-1.2816237461508113,1,0,0,0,0,0,0,0,1,0.1688362142281615,-0.9796690396423916,0,1,0,1,0,0,0,0,1,0
0,0,0,0,1.337204858138273,1,1,0,0,1,0,1,1,1,1.296152442711414,1.9469577169812244,0,1,0,0,1,0,0,1,0,0
0,0,0,0,-0.3164642002354503,1,0,1,0,0,0,0,1,1,0.08738003206497305,-0.2765325490592286,1,0,0,1,0,0,1,0,0,0
1,0,1,0,-0.878005676729317,1,1,0,0,0,0,0,1,1,0.7093551631358123,-0.6058989750181051,0,1,0,1,0,0,0,0,1,0
1,0,1,1,-0.540732252940119,1,0,0,0,0,0,0,0,0,-0.4894441297115457,-0.5980946321729084,1,0,0,0,1,0,0,1,0,0
0,0,0,0,-0.7228938224980527,1,0,0,0,0,0,0,0,1,0.17176312075376607,-0.573992864828678,0,1,0,1,0,0,0,0,1,0
1,0,0,0,-1.1903953083988315,1,1,0,0,0,0,1,0,1,0.6826216966427605,-0.882873174325716,0,1,0,1,0,0,0,0,1,0
1,0,0,0,-1.2816237461508113,1,0,0,0,0,0,0,0,0,-0.5425002621474526,-0.9890808611289136,1,0,0,1,0,0,0,0,0,1
0,0,1,1,-1.089593319644873,1,0,0,1,0,0,0,1,1,0.6183473178839537,-0.8098360853409321,0,1,0,1,0,0,0,0,0,0
0,1,0,0,-1.0505165279266617,1,1,0,0,0,0,0,1,1,0.6913720506321467,-0.7547280671731942,0,1,0,1,0,0,0,0,1,0
1,1,0,0,-0.9559778674420595,1,1,0,0,0,0,0,1,1,0.6661578532791224,-0.6819345976033188,0,1,0,1,0,0,0,0,1,0
0,0,0,0,0.08582294004256981,1,1,0,1,0,0,1,1,1,1.1402091117734159,0.5081121079344474,0,1,0,1,0,0,0,0,1,0
0,1,0,0,-0.07252666041494155,1,1,0,1,1,0,0,0,0,0.8272515296340698,0.19626700030246702,0,1,0,1,0,0,0,1,0,0
1,0,0,0,1.1607241329749625,1,1,0,0,1,1,1,1,1,1.5486747267032197,2.0085714376487376,0,1,0,0,0,1,0,0,0,0
1,1,1,0,0.5976818112578042,1,1,0,1,1,0,1,1,1,1.316385954395022,1.1784343479187689,0,1,0,1,0,0,0,0,1,0
0,0,0,0,-0.28413883135961304,1,0,0,0,0,0,0,1,1,-0.09786702412237927,-0.3139660065172488,1,0,0,1,0,0,0,0,1,0
0,0,0,0,0.3170195836224538,1,1,0,0,1,1,0,0,1,0.665368347933945,0.4551370016172883,0,1,0,1,0,0,0,0,1,0
1,0,0,0,-0.8130390728973724,0,0,0,0,0,1,0,0,0,-0.500399361913675,-0.7440026085197903,1,0,0,1,0,0,1,0,0,0
1,0,0,0,0.014212604362040832,1,1,0,0,0,0,0,1,1,0.6641771407380879,0.21777259125954973,0,1,0,1,0,0,0,0,1,0
1,1,0,0,-1.1506817467946064,1,1,0,0,0,0,1,0,0,0.8036652069670168,-0.8490408320714693,0,1,0,1,0,0,0,0,1,0
1,1,1,1,0.4032727104500775,1,1,0,1,1,1,1,1,1,1.5325737572208753,1.0274282234638163,0,1,0,0,0,0,0,0,0,0
0,0,1,1,1.2954054448675754,1,0,0,1,1,0,1,1,1,1.3053508496283188,1.98563568018427,0,1,0,1,0,0,0,0,1,0
1,0,0,0,-1.240978004323262,1,1,0,0,0,0,1,0,1,0.727276704567587,-0.9418107032467481,0,1,0,1,0,0,0,0,0,1
0,0,0,0,-1.105348241438186,1,0,0,0,0,0,0,0,1,0.1706620224015264,-0.8519586692889919,0,1,0,1,0,0,0,0,1,0
0,0,1,1,-1.1214999633841882,1,0,0,0,0,0,0,1,1,0.6159072176240488,-0.8351878744714181,0,1,0,1,0,0,0,0,1,0
0,0,1,1,-1.1910822454169978,1,0,0,0,0,0,0,1,1,0.5520842712776819,-0.8876994409206663,0,1,0,1,0,0,0,0,1,0
1,0,0,0,0.38642738192731296,0,0,0,0,1,0,0,1,1,-0.2709901550046958,0.029478194988209565,1,0,0,0,1,0,0,0,0,1
1,1,1,0,-0.8168064551673526,1,1,0,0,0,0,0,0,1,0.6370855748642861,-0.5331409843555072,0,1,0,1,0,0,1,0,0,0
0,0,0,0,-1.1224868036730205,1,1,0,1,0,0,0,0,0,0.44261341210644517,-0.8413082548963997,0,1,0,1,0,0,1,0,0,0
1,0,1,0,1.5396696992746262,1,1,0,1,1,1,1,1,1,1.645024821759037,2.603618990255781,0,1,0,0,0,0,1,0,0,0
1,0,0,0,-1.2816237461508113,1,0,0,0,0,0,0,0,0,-0.6471219075543195,-0.9904651290287023,1,0,0,1,0,0,0,0,0,1
1,0,0,0,0.5481711167276884,1,0,0,1,0,1,1,1,0,1.2160011660819543,1.0167346756422175,0,1,0,1,0,0,0,0,1,0
1,1,0,0,-0.3117207124684759,1,0,0,1,1,0,0,0,1,0.5280382663237566,-0.14046957691062184,0,1,0,1,0,0,0,0,0,1
0,0,0,0,-0.6492912655219721,1,1,0,1,0,0,0,0,1,0.7771932837698196,-0.39687590118789334,0,1,0,1,0,0,0,1,0,0
0,0,1,0,-0.3601773048921202,1,0,0,0,1,0,1,1,1,1.1127969355663585,0.01590987302621589,0,1,0,1,0,0,0,1,0,0
0,0,0,0,-1.2816237461508113,1,0,0,0,0,0,0,0,0,-1.4733787143853123,-1.0013974821782836,0,0,1,1,0,0,0,0,0,1
0,0,0,0,0.22448844287716607,1,0,0,1,1,0,0,0,1,0.6399682283899567,0.42156127126872783,0,1,0,1,0,0,0,1,0,0
1,0,0,0,-1.2816237461508113,1,0,0,0,0,0,1,0,1,0.46791129680521415,-0.9757119231697143,0,1,0,1,0,0,0,0,1,0
0,0,0,0,-1.1157190575855183,1,1,0,0,1,0,1,1,1,1.1803897448433531,-0.7811043105613513,0,1,0,1,0,0,0,0,1,0
1,0,1,0,-1.1301877402310938,1,0,0,0,0,0,0,0,1,0.1765658760756554,-0.8700728864191207,0,1,0,1,0,0,0,0,1,0
0,1,0,0,-1.2816237461508113,1,0,0,0,0,0,0,0,1,0.16604314564039677,-0.979705995237698,0,1,0,1,0,0,0,0,1,0
1,0,0,0,-1.231633582803711,1,1,0,1,0,0,0,0,0,0.46236225154596505,-0.930564408386651,0,1,0,1,0,0,0,0,1,0
1,0,1,0,-1.2278096042349667,1,1,0,0,0,0,0,0,1,0.431656717158014,-0.9262442129096143,0,1,0,1,0,0,1,0,0,0
0,0,0,0,-0.7500666782770989,1,0,0,0,1,0,0,0,1,-0.20865989764352455,-0.6434119766364991,1,0,0,1,0,0,0,0,1,0
0,0,1,0,0.017337205847384747,1,1,0,0,0,0,1,1,1,1.0053623592404592,0.3317737963645292,0,1,0,1,0,0,0,0,1,0
1,1,0,0,-1.2409180113122174,1,0,0,0,0,0,0,0,1,-0.6842473133084763,-0.969598250594225,1,0,0,1,0,0,0,0,1,0
0,0,0,0,-1.1799393515355743,1,0,0,0,0,0,0,0,0,-1.4818190642917517,-0.9806154803690764,0,0,1,1,0,0,0,0,0,1
1,0,0,0,-0.22721664122113894,1,1,0,1,1,0,1,1,1,1.3579894517590916,0.24998794403098273,0,1,0,1,0,0,0,0,1,0
0,0,0,0,-1.0747923674900401,1,1,0,1,1,0,0,0,0,0.7408219564796743,-0.7666959440628798,0,1,0,1,0,0,1,0,0,0
0,0,0,0,-1.2816237461508113,1,0,0,1,0,0,0,0,1,0.2704876571246767,-0.9783240710288542,0,1,0,1,0,0,0,0,1,0
1,0,0,0,-0.9594315290861665,1,1,0,0,0,0,0,1,1,0.6701174559149564,-0.6850042891048743,0,1,0,1,0,0,0,0,1,0
1,1,1,0,-1.1919074278382729,1,1,0,0,0,0,0,0,0,0.3201740367279734,-0.9022673449331313,0,1,0,1,0,0,0,0,1,0
0,0,0,0,-1.257137053448905,1,1,0,0,0,0,0,0,1,0.3438033040285219,-0.9554455447242649,0,1,0,1,0,0,0,0,0,1
0,0,0,0,-0.7358868367105182,1,1,0,0,0,0,0,0,1,0.3575020807900797,-0.531012141960265,0,1,0,1,0,0,0,0,0,1
0,1,0,0,-1.153674529557313,1,1,0,1,0,0,0,1,0,0.8224327917049109,-0.8325092523788142,0,1,0,1,0,0,0,0,1,0
0,0,1,0,0.15435310683707962,1,1,0,0,0,0,1,1,1,1.132361415418701,0.5826560160005485,0,1,0,1,0,0,0,0,1,0
1,0,0,0,-1.2816237461508113,1,0,0,0,0,0,0,0,1,0.15560701041208583,-0.9798440776291402,0,1,0,1,0,0,0,0,1,0
0,0,0,0,-1.2618348348778459,1,0,0,0,0,0,0,1,1,0.6145894487359062,-0.9540274665560557,0,1,0,1,0,0,0,0,0,1
1,0,0,0,-1.2216508336882923,1,0,0,0,0,0,0,0,0,-0.49712165764101823,-0.9580772973877398,1,0,0,1,0,0,0,0,1,0
0,0,1,0,-0.10554723633314855,1,1,0,0,1,1,1,1,1,1.3104709889960966,0.38164394839369764,0,1,0,1,0,0,0,0,1,0
1,0,0,0,-1.110609778520932,1,1,0,0,0,0,0,1,0,0.9698156229265409,-0.8013296493147871,0,1,0,1,0,0,1,0,0,0
1,0,0,0,-1.2816237461508113,1,0,0,0,0,0,0,0,1,0.1657820381245849,-0.9797094499984325,0,1,0,1,0,0,0,0,1,0
1,0,0,0,-1.2816237461508113,1,0,0,0,0,0,0,0,0,-1.5003874361915222,-1.0017548394580824,0,0,1,1,0,0,0,0,0,1
1,0,0,0,-1.2525465555284376,1,0,0,0,0,0,0,0,1,-0.5599142149694524,-0.9731749881675037,1,0,0,1,0,0,0,0,0,1
0,1,0,0,-1.043716852051666,1,0,0,0,0,0,0,1,0,0.6695097110627167,-0.730486619997059,0,1,0,1,0,0,1,0,0,0
1,0,1,0,1.3010314509939311,1,0,1,1,1,0,0,0,0,0.21768802882742816,0.9950843133041798,1,0,0,0,1,0,0,1,0,0
0,0,1,1,0.31249982570866364,1,0,0,0,0,0,0,0,1,-1.5073875092876898,-0.6508845285851599,0,0,1,1,0,0,0,0,0,1
1,1,0,0,-1.2816237461508113,1,1,0,0,0,0,0,0,1,0.3082477549384008,-0.9778244603498868,0,1,0,1,0,0,0,0,1,0
0,0,1,0,-0.28909211090117065,1,1,0,0,0,0,1,1,1,0.9685312532532223,0.04093138226660986,0,1,0,1,0,0,0,0,1,0
0,1,0,0,0.9571916699718578,1,1,0,0,1,0,1,1,1,1.3165517335627601,1.4995978505947376,0,1,0,0,1,0,1,0,0,0
0,0,0,0,-1.2737704255209596,1,0,0,0,0,0,0,1,0,0.5022005158405164,-0.968591801099698,0,1,0,1,0,0,0,0,1,0
0,0,0,0,-0.8656503117809743,1,0,0,0,1,0,1,1,1,1.022591204962748,-0.5716734375259113,0,1,0,1,0,0,0,0,1,0
0,1,0,0,-1.0441144401980984,1,1,0,0,0,0,1,1,1,0.986026247869663,-0.7294382866694062,0,1,0,1,0,0,0,0,1,0
0,0,0,0,0.22448844287716607,1,0,0,1,1,0,0,0,1,0.6333907411571853,0.41387794897703856,0,1,0,1,0,0,0,1,0,0
1,0,1,1,-0.0871712503990314,1,1,1,1,0,0,1,0,1,0.9824093444794854,0.2519931442775498,0,1,0,1,0,0,0,0,1,0
1,0,0,0,-1.2409180113122174,1,0,1,0,0,0,0,0,1,-0.5615297210743754,-0.9699051024179847,1,0,0,1,0,0,0,0,1,0
0,1,0,0,-1.2409180113122174,1,1,0,0,1,0,0,0,0,0.4584065458682492,-0.9416928535640414,0,1,0,1,0,0,0,0,1,0
0,1,0,0,-1.2409180113122174,1,1,0,0,0,0,1,1,1,0.9632879639685031,-0.9319344434780877,0,1,0,1,0,0,0,0,1,0
0,0,0,0,-0.7117434584104956,1,0,0,0,0,0,0,0,0,-1.5057586887620529,-0.8818534377896028,0,0,1,1,0,0,1,0,0,0
0,0,0,0,1.2057335055537568,1,1,0,0,1,0,1,1,1,1.0616951288112282,1.6819827149586397,0,1,0,0,1,0,0,0,0,0
1,0,0,0,-1.2816237461508113,1,0,0,0,0,0,0,0,0,-1.4726714030092305,-1.0013881236136266,0,0,1,1,0,0,0,0,0,1
1,0,0,0,-0.36447473682058623,1,0,0,0,0,0,1,1,1,0.8509411882251203,-0.0712478194628137,0,1,0,1,0,0,0,0,1,0
0,0,0,0,-1.1935758032791652,1,0,0,0,0,0,0,0,0,-1.4932072455181042,-0.9814367620753317,0,0,1,1,0,0,0,0,0,1
0,0,0,0,0.5358165749435391,1,1,0,1,1,0,1,1,1,1.3702863820683853,1.090202002576731,0,1,0,1,0,0,1,0,0,0
0,0,0,0,-1.2192987015407961,1,1,0,0,0,0,1,0,1,0.6875640617237531,-0.9143813203429628,0,1,0,1,0,0,0,0,1,0
0,0,0,0,-0.8118468121102708,1,0,0,0,0,0,0,0,0,-1.485827441491669,-0.8986795279866904,0,0,1,1,0,0,1,0,0,0
0,0,1,1,0.5675681008670744,1,1,1,1,1,0,1,0,1,1.1868508049463864,1.0019544519601808,0,1,0,1,0,0,0,0,1,0
1,0,0,0,-1.2816237461508113,1,0,0,0,0,0,0,0,0,-0.6284328764028113,-0.9902178510796643,1,0,0,1,0,0,0,0,0,1
1,0,0,0,-1.2802294139301924,0,0,0,0,0,0,0,0,1,-0.9886937440609277,-0.9945970113180783,1,0,0,1,0,0,1,0,0,0
1,0,0,0,-1.17307368232348,1,0,0,0,0,0,0,0,1,-0.6407604140482337,-0.9439313338833969,1,0,0,1,0,0,0,0,1,0
0,0,1,0,-1.1747874461723087,1,1,0,0,0,0,0,0,1,0.3265051050953064,-0.8898193861619665,0,1,0,1,0,0,0,1,0,0
1,1,1,0,-1.245993094205396,1,1,0,0,0,0,1,0,1,0.825010392388261,-0.9354473843324121,0,1,0,1,0,0,0,0,1,0
0,0,0,0,-0.6781558143227417,1,0,0,0,0,0,0,1,0,0.52334176649209,-0.4662153505661724,0,1,0,1,0,0,1,0,0,0
0,0,0,0,0.590840056424512,1,1,0,1,1,0,0,0,1,0.6545136419227917,0.7447553599134435,0,1,0,1,0,0,1,0,0,0
0,0,0,0,-0.197456772229883,1,1,0,1,0,0,0,1,1,0.860898332480122,0.13205059638686029,0,1,0,1,0,0,0,0,1,0
0,1,0,0,-0.8925923709866219,1,1,0,0,0,0,1,1,1,1.0254554084417802,-0.5646535184588308,0,1,0,1,0,0,0,0,1,0
1,0,0,0,-0.4880869840507673,1,0,0,0,0,0,0,0,0,0.2158106275416526,-0.3824263536199869,0,1,0,1,0,0,0,1,0,0
1,0,0,0,-1.2816237461508113,1,0,0,0,0,0,0,0,0,-0.637230379956877,-0.990334252439257,1,0,0,1,0,0,0,0,1,0
1,0,1,0,0.8509375407569124,1,1,0,1,0,0,1,0,1,0.9502550166204861,1.1587944861079642,0,1,0,1,0,0,1,0,0,0
0,0,1,0,0.020959768684196134,1,0,0,0,1,0,1,1,1,1.050969628354679,0.3906647067258459,0,1,0,0,1,0,0,0,1,0
0,0,0,0,-1.1411660890322584,1,0,1,0,0,1,0,0,0,-0.32962116333392194,-0.8900431387552724,1,0,0,1,0,0,0,0,1,0
1,0,0,1,0.6138776748485126,1,1,0,0,0,1,1,1,1,1.1955545211666647,1.1480621245255738,0,1,0,0,1,0,0,0,0,0
0,0,1,0,0.36288624059539537,0,0,1,0,1,0,1,1,0,-0.27708158236874003,0.02155248057002107,1,0,0,0,0,0,0,0,1,0
0,0,1,1,-0.9216501834689907,1,0,0,0,0,0,0,0,0,-1.423901110058791,-0.9071207198928705,0,0,1,1,0,0,0,0,0,1
0,0,0,0,-0.8977272745042537,1,0,0,1,0,0,0,1,1,0.7492684639681291,-0.6171346638599381,0,1,0,1,0,0,0,0,1,0
1,0,1,0,1.587037199278968,1,1,0,1,1,1,1,1,1,1.7203225849041859,2.7406647359651677,0,1,0,0,0,0,1,0,0,0
1,0,1,0,-1.2111787467125992,0,0,0,0,0,0,0,0,1,-1.0405028225180764,-0.9711275515860924,1,0,0,1,0,0,0,0,1,0
0,0,1,0,1.0898185117240737,1,1,0,0,0,1,1,1,1,1.2227344447237596,1.6417366584304423,0,1,0,1,0,0,0,1,0,0
1,0,0,0,0.8069788730706631,1,0,0,1,0,0,1,1,1,1.2191569478150135,1.29626861409924,0,1,0,0,1,0,1,0,0,0
1,0,0,0,1.52055162649004,1,1,0,1,1,1,1,1,0,1.5222740878330872,2.3741539441689987,0,1,0,0,0,1,0,1,0,0
0,1,0,0,-1.2816237461508113,1,0,0,0,0,0,0,0,1,0.15620086927844218,-0.9798362201751448,0,1,0,1,0,0,0,0,1,0
0,0,0,0,0.9024259305570665,1,1,1,0,1,0,1,1,1,1.301339204468891,1.487815197178085,0,1,0,0,1,0,1,0,0,0
0,0,1,0,-0.2080730357396311,1,1,0,0,1,0,1,1,1,1.1683189156650498,0.21887594329269172,0,1,0,1,0,0,1,0,0,0
1,0,0,0,0.2041736677862266,1,1,0,0,0,0,1,1,0,1.0977465572957685,0.5467311054783003,0,1,0,1,0,0,1,0,0,0
0,0,0,0,-0.8542750287617374,1,1,0,0,1,0,0,1,1,0.7854571498187339,-0.5589067380881789,0,1,0,1,0,0,0,0,1,0
0,0,0,0,-1.2816237461508113,1,0,0,0,0,0,0,0,1,0.22224721129817931,-0.9789623490866063,0,1,0,1,0,0,0,0,0,1
0,0,0,0,-1.1799208287016023,1,0,0,0,0,0,0,1,1,0.47492211220617936,-0.8885554549870415,0,1,0,1,0,0,0,0,1,0
0,0,1,0,-0.8745663977648716,1,1,0,0,1,0,1,1,1,1.14731178664947,-0.5432877413614478,0,1,0,1,0,0,0,0,1,0
0,0,1,0,-1.120780208061443,1,0,0,0,0,0,0,0,1,0.7875441482399158,-0.813066653731448,0,1,0,1,0,0,0,0,0,1
0,0,1,1,-1.1444413656451224,1,0,0,0,0,0,0,0,1,-0.6773241855669154,-0.9268839473439054,1,0,0,1,0,0,1,0,0,0
1,0,0,0,-1.0352793228251331,1,1,0,0,0,0,0,1,1,0.725295098861326,-0.7373748848166676,0,1,0,1,0,0,0,0,1,0
1,0,0,0,-1.2816237461508113,1,0,0,0,0,0,0,0,1,-1.4861193605619645,-1.0015660559706028,0,0,1,1,0,0,0,0,0,1
0,1,0,0,0.11911372848298801,1,1,0,0,0,1,1,1,0,1.140224942392289,0.5190794644350518,0,1,0,1,0,0,0,0,1,0
0,1,0,0,-1.2159428774825498,1,1,0,0,0,0,0,0,1,0.4148042427616756,-0.9215558469847825,0,1,0,1,0,0,0,0,1,0
0,0,1,0,0.8350744654560759,1,0,0,0,1,0,1,1,1,1.234402667351027,1.403583533874388,0,1,0,0,1,0,1,0,0,0
1,0,1,1,0.1727007628136007,1,0,0,0,1,1,1,1,0,0.4234193022612782,0.2577417241436504,1,0,0,0,1,0,0,0,0,0
0,0,1,1,-0.671562802396716,1,0,0,1,0,0,0,0,0,-0.17697750421302338,-0.5601359691793149,1,0,0,1,0,0,0,0,0,1
1,0,1,0,-0.6138173242915073,1,1,0,0,1,0,1,1,1,1.199806118912739,-0.24586006121609189,0,1,0,1,0,0,0,0,1,0
0,0,0,0,0.16823757632986253,1,1,0,0,1,0,1,1,1,1.2149992876365803,0.6213251670035341,0,1,0,1,0,0,0,0,1,0
0,0,1,1,0.28085860732967577,1,1,0,0,1,1,0,0,1,0.7049069174921323,0.4380286408842714,0,1,0,1,0,0,0,0,1,0
0,0,0,0,-0.19798179547786082,0,0,0,0,1,0,1,0,1,-0.8219732248814773,-0.5371550807789822,1,0,0,1,0,0,0,0,1,0
0,1,0,0,-1.0199476074582368,1,1,0,1,0,0,1,1,1,1.2775092460762094,-0.6799345508881812,0,1,0,1,0,0,0,0,1,0
1,0,1,1,-0.25611592320421195,1,0,0,0,0,1,1,0,0,0.3654196429781095,-0.1487259281380864,1,0,0,0,1,0,0,0,0,1
0,1,0,0,-0.6733307447662144,1,1,0,1,0,0,0,0,1,0.5615137510326771,-0.4361104039830913,0,1,0,1,0,0,0,0,1,0
0,0,0,0,-1.2816237461508113,1,0,0,0,0,0,0,0,1,0.17101291465557256,-0.9796402393256176,0,1,0,1,0,0,0,0,0,1
0,0,1,0,1.4049547531963917,1,0,1,0,0,0,0,1,1,0.9692193633807888,1.766760899134048,0,1,0,0,1,0,0,1,0,0
1,1,1,0,-0.019745966154397852,1,0,0,0,0,0,0,1,1,0.5683498673229558,0.10589377953287565,0,1,0,1,0,0,0,0,0,0
1,0,0,0,-1.114278284270928,1,1,0,0,0,0,1,1,1,0.9942350926775081,-0.8027871467347736,0,1,0,1,0,0,1,0,0,0
1,1,1,0,1.082993364087093,1,1,0,1,1,0,1,1,1,1.2808046630975571,1.6522332864874856,0,1,0,1,0,0,0,0,1,0
0,0,0,0,-0.005785596642407527,1,1,0,0,0,0,0,1,1,0.6826466465437557,0.20751820195912307,0,1,0,1,0,0,0,0,1,0
0,0,1,1,-0.2687231818264044,1,1,0,1,1,0,1,0,1,1.2541528902077337,0.1696092565550837,0,1,0,1,0,0,1,0,0,0
0,0,0,0,-1.241123139933574,1,0,0,0,0,0,1,1,0,0.9442433240889463,-0.9267472292631884,0,1,0,1,0,0,0,0,1,0
1,1,0,0,-1.1188008067964355,1,0,0,0,0,0,1,1,1,0.8416960669087885,-0.8058068912092289,0,1,0,1,0,0,0,0,1,0
1,0,0,0,-1.0985244497430964,1,1,0,0,1,0,1,0,1,0.8979286214952054,-0.7962584246058055,0,1,0,1,0,0,0,0,1,0
0,1,0,0,-0.24390693178546202,1,0,0,0,0,0,0,0,1,0.3381050323768411,-0.1738531061777813,0,1,0,1,0,0,1,0,0,0
0,0,1,1,1.280597488997147,1,0,0,1,1,0,1,1,1,1.2037617815441637,1.890269200347239,0,1,0,1,0,0,0,0,1,0
1,1,1,0,-0.11775933450534135,1,1,0,1,1,0,1,1,0,1.353636113972269,0.37056841027992615,0,1,0,1,0,0,0,0,1,0
0,0,1,1,-0.6303319887333076,1,1,0,0,1,0,1,0,0,0.8897540911618924,-0.332555784875159,0,1,0,1,0,0,0,0,1,0
1,0,0,0,-1.2816237461508113,1,0,0,0,0,0,0,0,1,-0.6592638715703998,-0.9906257815491486,1,0,0,1,0,0,0,0,0,1
1,0,0,0,-1.2057077580061064,1,0,0,0,0,0,0,0,1,-1.499699440388922,-0.9860444866401588,0,0,1,1,0,0,0,0,0,1
1,0,0,0,-1.2620321164499888,1,0,0,0,0,1,0,0,1,0.42711087496714817,-0.9609100856522815,0,1,0,1,0,0,0,0,1,0
1,1,1,0,0.1764815368531743,1,1,0,0,0,0,1,1,1,0.9386790643437566,0.5116732793976876,0,1,0,1,0,0,0,0,1,0
1,0,0,0,-1.2816237461508113,1,0,0,0,0,0,0,0,0,0.18888170936266252,-0.9794038140732262,0,1,0,1,0,0,0,0,0,1
0,1,0,0,-1.1901848846953025,1,1,0,0,0,0,1,1,1,0.9641807898188849,-0.879723922224391,0,1,0,1,0,0,0,0,1,0
0,0,1,1,-1.2087931677831945,1,0,0,0,0,0,0,0,0,-1.4773115880566896,-0.986785732104314,0,0,1,1,0,0,0,0,0,1
0,0,1,1,-1.09548903580781,1,1,0,0,0,0,1,1,1,1.1157266692676275,-0.7633193343957334,0,1,0,1,0,0,0,0,1,0
1,0,0,0,-1.2816237461508113,1,0,0,0,0,0,0,0,1,-0.7163260049980822,-0.9913807809499917,1,0,0,1,0,0,0,0,1,0
0,0,1,1,1.5442794375142583,1,1,0,1,1,0,1,1,1,1.5199273197898566,2.38078663288926,0,1,0,0,0,1,1,0,0,0
0,0,0,0,-1.2143177973694712,1,0,0,0,0,0,0,0,0,0.39530584571645233,-0.9265862637677845,0,1,0,1,0,0,0,1,0,0
0,0,1,1,-1.0226620813521585,1,0,0,0,0,0,0,0,0,-1.4258444689924172,-0.933417660817709,0,0,1,1,0,0,0,0,0,1
1,0,0,0,-1.206320829704921,1,0,0,0,0,0,0,0,1,-0.6429412995190549,-0.9447800646231449,1,0,0,1,0,0,0,0,0,1
1,0,0,0,-1.273265517994183,1,0,0,0,0,0,0,0,1,-0.6428875791105009,-0.9857707358528129,1,0,0,1,0,0,0,0,0,1
0,1,0,0,-1.0542902966687935,1,0,0,0,0,0,1,0,1,0.49622518635660784,-0.7777073706223406,0,1,0,1,0,0,0,0,1,0
1,0,0,0,0.3654496544921426,1,1,0,0,1,1,1,1,0,1.3557967381581786,0.9260318816603489,0,1,0,1,0,0,1,0,0,0
1,0,0,0,0.682957067457689,1,1,0,0,0,0,1,0,0,0.7920566253229633,0.8706509680505465,0,1,0,1,0,0,1,0,0,0
1,1,0,0,-1.2676517494856514,1,1,0,0,0,0,1,1,1,0.9629380401572428,-0.9536547184125711,0,1,0,1,0,0,0,0,1,0
1,0,0,0,-0.7652563035804778,0,0,0,0,1,0,1,1,1,-0.44584957272077586,-0.7031786630236101,1,0,0,1,0,0,0,0,1,0
0,0,0,0,-1.0850517795533625,1,1,0,0,0,0,0,1,1,0.6319423828921423,-0.7827190488211266,0,1,0,1,0,0,0,0,1,0
1,0,0,0,-1.2816237461508113,1,0,0,0,0,0,0,0,0,0.18036570855508677,-0.9795164908191007,0,1,0,1,0,0,0,0,1,0
1,0,0,0,-1.2816237461508113,1,0,0,0,0,0,0,0,0,-1.4858318236980534,-1.0015622515183866,0,0,1,1,0,0,0,0,0,1
0,0,0,0,-0.8219965419768376,1,0,0,0,0,1,1,1,1,1.1287772014086694,-0.5042584754281636,0,1,0,1,0,0,1,0,0,0
0,0,1,0,-0.8833692269608213,1,0,0,0,0,0,1,1,0,0.8008367745191116,-0.5656924998557405,0,1,0,1,0,0,0,0,1,0
1,1,1,0,0.7981163849403435,1,1,0,0,1,0,1,1,1,1.3020492773295558,1.4310647740866913,0,1,0,1,0,0,0,0,1,0
0,0,1,0,1.2670997256948235,1,1,0,1,1,0,1,1,1,1.4068149865522266,1.9594545343788357,0,1,0,0,0,1,1,0,0,0
0,0,0,0,-1.2816237461508113,1,0,0,0,0,0,0,0,0,-1.5100242580220253,-1.0018823459894897,0,0,1,1,0,0,0,0,0,0
0,1,0,0,0.8185487219374995,1,1,0,1,0,0,0,0,1,0.5832112732648894,0.9079316969321577,0,1,0,1,0,0,0,0,1,0
0,1,1,0,0.22403944161247102,1,0,1,0,0,0,0,0,1,0.3152704639119414,0.2548485989125058,0,1,0,1,0,0,0,0,0,0
0,0,0,0,1.6011023293309918,0,0,0,1,0,0,1,1,1,-0.357762841665845,0.7123175581605283,1,0,0,0,0,0,0,0,1,0
0,0,0,0,-0.30468611002455576,1,0,0,1,1,0,1,1,1,1.1459950549232918,0.03197192732628998,0,1,0,1,0,0,0,0,1,0
0,0,0,0,-1.2511307971029666,1,0,0,0,0,0,0,0,1,-0.6413178242088791,-0.9785643476706944,1,0,0,1,0,0,0,1,0,0
0,0,0,0,-1.0012554854765332,1,0,0,0,0,0,0,0,1,-0.5589363319742771,-0.8333013262834621,1,0,0,1,0,0,0,0,0,1
1,0,0,0,-1.0325091424594968,1,1,0,0,1,0,1,0,1,0.9500439617493343,-0.7120746172636977,0,1,0,1,0,0,0,0,1,0
0,0,0,0,-0.7365742585797087,1,0,0,0,0,0,0,0,1,0.2570730534495681,-0.5691391133955057,0,1,0,1,0,0,0,1,0,0
1,1,0,0,0.15830845720277975,1,1,0,0,0,0,1,1,1,1.1415835650517174,0.5963478091594734,0,1,0,1,0,0,0,0,1,0
1,0,1,1,-0.5241455306457394,1,0,0,0,0,0,0,0,1,0.2845120569996023,-0.3765941359125593,0,1,0,1,0,0,1,0,0,0
1,1,0,0,-1.2652465379493514,1,1,0,0,0,0,1,1,1,0.9557218121963077,-0.9537657005057689,0,1,0,1,0,0,0,0,1,0
0,0,0,0,-1.034489666902382,0,0,0,0,1,0,1,1,1,-0.5510134883786965,-0.8524881013839769,1,0,0,1,0,0,0,0,1,0
0,0,0,0,-1.1144643213838656,1,1,0,0,0,0,0,0,0,0.34896364906784255,-0.8263076621856253,0,1,0,1,0,0,0,0,1,0
1,0,0,0,-1.208834223657478,1,1,0,0,0,0,0,0,1,0.31618221671077235,-0.9168140140215948,0,1,0,1,0,0,0,0,1,0
1,1,0,0,-0.34487195269254545,1,1,0,0,0,0,1,1,1,1.0478198810946102,-0.001311439717101695,0,1,0,1,0,0,0,0,1,0
0,0,0,0,-1.1662551952235234,1,0,0,0,0,0,0,0,1,-0.636262191043429,-0.9274180306789298,1,0,0,1,0,0,0,0,0,1
1,1,0,0,-1.071755292223656,1,0,0,0,0,0,0,0,1,0.1753349878328046,-0.8207543926893356,0,1,0,1,0,0,0,0,1,0
1,1,0,0,-0.6567492565490296,1,1,0,0,0,0,1,0,1,0.7346191285861428,-0.4285083704962482,0,1,0,1,0,0,0,0,1,0
0,0,0,0,-0.5505279686617244,1,1,0,0,0,1,1,1,1,0.44293578383263604,-0.353930755411323,1,0,0,1,0,0,0,0,1,0
0,0,0,0,-1.2577056314865278,0,0,0,0,0,0,0,0,1,-1.003136851657774,-0.9880681716125232,1,0,0,1,0,0,0,0,1,0
1,0,0,0,-1.2572930813040173,0,0,0,0,0,0,0,0,1,-1.220294225741787,-0.9886209454446184,1,0,0,1,0,0,0,0,0,1
0,0,1,1,-0.4219914964290947,1,1,0,0,0,0,0,0,0,-1.350636275227201,-0.7840369092085998,0,0,1,0,0,0,0,0,0,1
1,0,0,0,0.16882769637075848,1,1,0,0,0,0,0,0,0,0.34441929918235176,0.2153495517315811,0,1,0,1,0,0,0,0,0,0
0,0,1,0,0.8858067663595542,1,1,0,1,1,1,1,1,0,1.5067630534155367,1.5890605132418596,0,1,0,0,1,0,0,0,1,0
1,0,0,0,-1.2578953126520298,1,0,0,0,0,0,0,0,1,-0.651658490214677,-0.977357146371887,1,0,0,1,0,0,0,0,0,1
1,0,1,0,-1.261018377868641,1,0,0,0,0,0,0,0,1,0.13358434713594983,-0.9647389453515559,0,1,0,1,0,0,0,0,1,0
1,0,0,0,0.1609909321103724,1,1,0,1,0,0,0,0,1,-0.2757234758698898,-0.07817147664997465,1,0,0,1,0,0,0,1,0,0
0,0,1,1,0.36659103080609656,1,1,0,0,0,0,1,1,1,0.9795177817666523,0.8063800841031944,0,1,0,1,0,0,0,0,1,0
0,0,0,0,1.1198182688049811,1,0,0,1,1,0,1,1,1,1.3916849811181748,1.8154970036612337,0,1,0,0,1,0,0,0,1,0
1,1,0,0,-1.104179045240588,1,0,1,0,0,0,1,0,0,0.5712982640207793,-0.8180727125915973,0,0,0,1,0,0,1,0,0,0
1,0,0,0,-1.2332433274082804,0,0,0,0,0,0,0,0,0,-1.1959848375082982,-0.9779342317039561,1,0,0,1,0,0,0,0,0,0
1,0,0,0,-1.1461738055184711,1,1,0,1,0,0,0,1,1,0.83085436957634,-0.8294516658467008,0,1,0,1,0,0,0,0,1,0
0,0,0,0,-1.2409180113122174,1,0,0,0,0,0,0,0,1,-0.5303484867688687,-0.9705193004996244,1,0,0,1,0,0,0,1,0,0
1,0,0,0,-0.2466192403803335,1,1,0,0,0,0,1,1,1,0.9910871331051134,0.08918155555237156,0,1,0,1,0,0,1,0,0,0
1,0,0,0,-0.9970222716428261,1,1,0,0,1,0,1,0,1,0.9636664450664385,-0.6713924945296932,0,1,0,1,0,0,0,0,1,0
1,0,0,0,-1.0698320719010481,1,0,0,0,0,0,1,1,1,0.830822860511333,-0.7720520860653347,0,1,0,1,0,0,0,0,1,0
0,0,0,0,-1.2778533577984257,1,1,0,0,0,0,1,1,1,0.9862471680751406,-0.9647157693202798,0,1,0,1,0,0,0,0,1,0
1,1,0,0,-0.660532458693897,1,0,0,0,0,0,0,0,0,0.28339909201410457,-0.4843599120033912,0,1,0,1,0,0,0,1,0,0
0,0,1,1,-0.6303319887333076,1,0,1,0,1,0,1,0,1,1.26115202428371,-0.2525700698453405,0,1,0,1,0,0,0,0,1,0
1,0,0,0,-0.8976049899739942,1,0,0,1,0,0,0,0,1,0.28729885509356035,-0.6821188803617002,0,1,0,1,0,0,0,0,1,0
0,0,1,1,0.43287434384596307,1,0,0,0,0,0,0,0,0,0.17962476830242272,0.33334043923614354,0,1,0,1,0,0,1,0,0,0
0,1,1,0,-0.5168785858224143,1,0,0,1,1,0,1,1,1,1.1067649192869011,-0.1498941725187838,0,1,0,1,0,0,0,0,1,0
0,1,0,0,-1.2816237461508113,1,0,0,0,0,0,0,0,1,0.16097002466452226,-0.9797731186182502,0,1,0,1,0,0,0,0,1,0
1,0,1,0,0.3891541637339238,1,1,0,1,1,0,0,0,1,1.0025506172751169,0.7283905898500388,0,1,0,1,0,0,1,0,0,0
0,0,1,0,-0.9247011288941072,1,0,0,0,1,0,1,1,1,1.0749521269058593,-0.5967571172291497,0,1,0,1,0,0,0,0,1,0
0,0,0,0,-1.155693777071981,1,0,0,0,0,0,0,1,1,0.5166888563591931,-0.8657491088613471,0,1,0,1,0,0,0,0,1,0
1,1,0,0,-1.0450599760426345,1,0,0,0,0,0,0,1,1,0.692087127367018,-0.7504292093789878,0,1,0,1,0,0,0,0,1,0
0,0,1,0,0.8350744654560759,1,0,0,1,0,0,1,1,1,1.0681115245797843,1.2227247367499714,0,1,0,0,1,0,1,0,0,0
0,0,0,0,-0.7116106814850387,1,0,0,0,0,0,0,0,0,-1.4434937641046777,-0.8541242196438908,0,0,1,0,0,0,0,1,0,0
0,0,0,0,-1.1188008067964355,1,0,0,0,0,0,1,0,1,0.5980849454784314,-0.8168345256151923,0,1,0,1,0,0,0,1,0,0
1,0,0,1,-0.5971436695660527,0,0,1,0,0,0,0,0,0,-0.755843154262982,-0.6965352940596511,1,0,0,1,0,0,0,0,0,1
0,0,1,0,0.1364805803828094,1,1,0,0,0,0,1,1,1,1.0774311839475155,0.48266976129879113,0,1,0,1,0,0,0,0,1,0
1,1,0,0,-0.9259075987494532,1,1,0,0,0,0,1,1,1,1.0540952697613941,-0.6136608021337105,0,1,0,1,0,0,0,0,1,0
0,0,1,1,-1.0390679057496337,1,0,0,0,0,0,0,0,1,0.13722486625028243,-0.7889478370214422,0,1,0,1,0,0,0,0,1,0
1,1,0,0,0.16356203164894273,1,1,0,0,0,0,1,1,1,1.1536823105897362,0.603997682790794,0,1,0,1,0,0,0,0,1,0
0,0,0,0,-0.8018825015320789,1,1,0,0,0,0,1,1,1,1.1316061700932314,-0.4432391678479295,0,1,0,1,0,0,0,0,1,0
1,0,0,0,-1.1077774362147492,1,0,0,0,0,0,0,0,0,-0.6115690330746112,-0.9067518833261209,1,0,0,1,0,0,0,0,1,0
1,0,1,0,-1.1397496622793257,0,0,0,0,0,0,1,0,0,-0.9105630612107021,-0.9437012361164335,1,0,0,1,0,0,0,0,0,1
0,0,0,0,-1.0933490186469577,0,0,0,0,1,0,0,1,0,-0.802462778499363,-0.8991596436711187,1,0,0,1,0,0,0,0,1,0
1,0,0,0,0.43667048938129666,1,1,0,0,1,1,1,1,0,1.3618633144279968,1.0026335576466199,0,1,0,1,0,0,1,0,0,0
0,0,0,0,-0.03343663284873766,1,1,0,0,0,0,0,1,1,0.6697763306927756,0.1849184699403193,0,1,0,1,0,0,0,0,1,0
1,0,0,0,1.4063248522031635,1,1,0,1,0,1,1,1,1,1.3321078591826556,2.104957747587269,0,1,0,0,1,0,0,0,0,0
0,0,1,0,0.48128111353508907,1,1,1,0,1,1,1,1,1,1.4947623119518383,1.1743390929130435,0,1,0,0,1,0,0,0,0,0
0,0,0,0,0.8086485699051489,1,1,0,1,0,0,1,1,1,1.117251484133554,1.2359245113212907,0,1,0,1,0,0,0,1,0,0
0,0,0,0,-0.8797292194059259,1,0,1,0,0,0,1,0,1,0.668353985020441,-0.607377093244454,0,1,0,1,0,0,0,0,0,1
1,0,0,0,-1.2133608936453302,0,0,0,1,0,0,0,0,1,-0.9612690215979246,-0.9681703790861608,1,0,0,1,0,0,0,0,0,1
0,0,0,0,-1.2340200952740692,1,0,0,0,0,0,0,0,0,-1.4895989729505452,-0.9915482968068683,0,0,1,1,0,0,1,0,0,0
0,1,0,0,-0.6926544464542216,1,1,0,0,0,0,1,1,1,1.0633053433356734,-0.3561884421386616,0,1,0,1,0,0,0,0,1,0
1,0,0,0,-1.2788846779374399,1,0,0,0,0,0,0,1,1,0.4773107200054232,-0.9726065739018697,0,1,0,1,0,0,0,0,1,0
1,0,0,1,-1.2816237461508113,1,0,0,0,0,0,0,0,0,-1.508260776954414,-1.001859013052751,0,0,1,1,0,0,0,0,0,1
0,0,0,0,0.4115396674775298,0,0,0,1,0,0,0,0,0,-1.1471505694539648,-0.45052404136447644,1,0,0,1,0,0,0,0,0,0
0,0,0,0,-1.23482643161714,1,0,0,0,0,0,0,0,0,0.1735465071925739,-0.9456025928183789,0,1,0,1,0,0,1,0,0,0
0,0,0,0,-0.9280564425939115,1,0,0,0,1,0,1,1,1,1.0566099092999557,-0.6315438531183917,0,1,0,1,0,0,0,0,0,0
1,0,0,0,-0.45290613322867257,1,1,0,1,0,0,1,1,1,1.212095309032349,-0.041698139322339844,0,1,0,1,0,0,0,0,1,0
1,0,1,1,-1.2426642078927845,1,0,0,0,0,0,0,0,1,-0.46957636343023734,-0.9645835263910929,1,0,0,1,0,0,0,0,0,1
0,0,1,1,-0.1440515752904625,1,0,0,0,0,0,0,0,0,-1.5060945191682895,-0.7403157520391254,0,0,1,1,0,0,0,0,0,1
0,1,0,0,-0.27908680005287,1,1,0,1,0,0,0,1,1,0.9325614380744541,0.03554864794245606,0,1,0,1,0,0,0,0,1,0
0,0,0,0,-1.0502903508242598,1,0,0,1,0,0,1,1,1,0.9751772869917853,-0.7292609229806343,0,1,0,1,0,0,0,0,1,0
1,0,1,0,-0.12702310236353198,1,1,0,0,1,0,1,1,1,0.2995081332395967,-0.059757425208928905,1,0,0,0,1,0,0,0,0,0
0,0,1,1,-0.7178476211123546,1,0,0,0,0,0,0,0,1,-1.4888967818829653,-0.8719972366712891,0,0,1,1,0,0,0,0,0,1
0,0,0,0,-0.7681973837250835,1,0,0,0,0,1,1,1,1,1.1357212833237618,-0.44081402037423745,0,1,0,1,0,0,1,0,0,0
0,0,1,0,-0.3132625445615114,1,0,1,0,1,0,1,1,1,1.2376272040429075,0.11802492449898098,0,1,0,1,0,0,0,0,1,0
0,0,0,0,-0.7803748850534248,1,1,0,0,0,0,0,1,1,0.6660915812955189,-0.5066724484087047,0,1,0,1,0,0,0,0,1,0
1,0,1,0,-0.5895516576942874,1,1,0,0,1,0,1,1,1,1.2395407835869379,-0.19798158566326896,0,1,0,1,0,0,0,0,1,0
1,0,0,0,-1.1101462394841708,1,0,0,0,0,0,1,0,1,0.5499720384991464,-0.8178836004023722,0,1,0,1,0,0,0,0,1,0
0,1,0,0,-1.0670342200524257,1,1,0,0,0,0,0,1,1,0.7274135052375429,-0.7690754174213351,0,1,0,1,0,0,0,0,1,0
0,0,0,0,0.9270895526905568,1,0,0,1,0,0,0,0,1,0.3653222153550813,0.8316186022652293,0,1,0,1,0,0,0,0,1,0
0,0,0,0,-0.752186007673512,1,0,0,0,0,0,0,0,0,-1.3554275912761302,-0.8544026077562595,0,0,1,1,0,0,0,1,0,0
1,0,0,0,-0.7231495065084541,1,0,0,0,1,0,0,1,1,0.09298315598142189,-0.5982863006173735,1,0,0,0,1,0,0,0,0,1
0,0,0,0,-1.095224479492917,1,0,0,0,0,0,0,1,1,0.5071379709451177,-0.8133832223031667,0,1,0,1,0,0,0,0,1,0
1,0,1,0,-0.4588498171558292,1,1,0,0,1,0,1,1,0,1.2402116354712707,-0.05306008448847198,0,1,0,1,0,0,0,0,1,0
0,0,0,0,-1.1674270063941075,1,1,0,1,0,0,1,1,1,1.1627342380232228,-0.8402728674931814,0,1,0,1,0,0,0,1,0,0
1,0,0,0,-1.2816237461508113,1,0,0,0,0,0,0,0,1,-1.5262413349079351,-1.0020969170648564,0,0,1,1,0,0,0,0,0,1
0,1,0,0,-0.7973847077037504,1,1,0,1,0,0,1,0,1,0.8704845061782729,-0.4966132840238071,0,1,0,1,0,0,0,0,1,0
0,0,0,0,-0.8959682636925409,1,1,0,0,0,1,0,1,0,0.07503697362691875,-0.6987885643786852,1,0,0,1,0,0,0,0,1,0
0,0,0,0,-0.8964695206234491,0,0,0,0,1,0,1,1,1,-0.517503630525823,-0.7815284793782734,1,0,0,1,0,0,0,0,1,0
1,0,1,0,0.7898031309885477,0,0,0,1,1,0,1,1,0,-0.16988154742877332,0.34624924044076855,1,0,0,0,1,0,0,0,1,0
1,0,0,0,-0.5940862446474459,1,1,0,0,1,0,1,1,1,0.5615721900225558,-0.3887515352940247,1,0,0,0,1,0,0,0,0,0
1,0,1,1,-0.3379319997665362,1,0,1,0,0,0,0,1,0,0.8803242600658748,-0.05266469262767398,0,1,0,1,0,0,0,0,0,0
0,0,0,0,0.731275101728427,1,1,0,1,1,0,1,1,1,1.3662021998273735,1.3670014551473562,0,1,0,1,0,0,0,0,1,0
0,0,0,0,-1.2816237461508113,1,0,0,0,0,0,0,0,1,0.17295824240831376,-0.979614500342521,0,1,0,1,0,0,0,0,1,0
0,1,1,0,-0.3395925668045903,1,0,0,0,0,0,0,1,1,0.5923284366884151,-0.15909416219457853,0,1,0,1,0,0,0,1,0,0
0,1,1,0,-1.0403563525334882,1,1,0,0,0,0,0,1,1,0.6505784320869981,-0.7319095506181345,0,1,0,1,0,0,0,0,1,0
1,0,0,1,0.26309941838790785,1,1,0,0,1,0,1,1,1,1.1671883707316697,0.7100643592311379,0,1,0,1,0,0,1,0,0,0
1,0,1,0,-1.1188008067964355,1,1,0,1,0,0,0,0,1,0.6472197563114246,-0.8327329878255235,0,1,0,1,0,0,0,0,1,0
1,0,0,0,-1.1207691434681006,1,1,0,0,0,0,1,0,1,0.6709132425703702,-0.8360016760654255,0,1,0,1,0,0,0,0,1,0
0,1,0,0,-0.7903479537131739,1,0,0,1,0,0,1,0,1,0.9308911385170613,-0.4615183496222919,0,1,0,1,0,0,0,0,1,0
1,0,1,0,1.0799014786028596,1,1,0,1,0,0,1,0,1,0.922662890502081,1.3715588690062976,0,1,0,1,0,0,1,0,0,0
0,1,0,0,-0.9966836022806536,1,0,0,0,1,0,1,1,1,0.9671417223706799,-0.6851236365111228,0,1,0,1,0,0,0,0,0,0
1,0,0,0,-0.8062184253437479,1,0,0,1,0,0,0,0,1,0.4654856444917671,-0.5934868423639519,0,1,0,1,0,0,0,0,1,0
0,0,1,1,-0.796558119107394,1,1,0,0,1,0,0,0,1,0.6601631905810995,-0.5629153485897708,0,1,0,1,0,0,0,0,1,0
1,0,0,0,-0.9181934397252159,0,0,0,0,0,0,1,1,1,-0.6151148573567666,-0.8025739892047179,1,0,0,1,0,0,0,0,1,0
1,0,0,0,-0.5747626364275616,1,1,0,0,0,1,0,0,1,0.7138153067869171,-0.3452818970412454,0,1,0,1,0,0,0,0,1,0
0,0,1,0,-1.0303946963631547,1,0,0,0,0,0,0,0,0,-1.486742414912431,-0.9488882614850613,0,0,1,1,0,0,1,0,0,0
0,0,1,0,1.1095734767101662,1,1,1,1,1,0,1,0,1,1.349495179659966,1.7319060313024057,0,1,0,1,0,0,0,0,1,0
1,0,1,1,1.3619938013952642,1,1,0,1,1,0,0,1,0,0.2845434409482414,1.1213859289140657,1,0,0,0,1,0,0,0,0,0
0,0,1,0,-0.3538845781808453,1,0,0,0,0,1,0,0,1,-0.20187759545043488,-0.36605898881812327,1,0,0,1,0,0,0,0,1,0
0,1,1,0,0.37014882240809416,1,1,0,0,1,1,1,1,1,1.518067384819604,0.98054305820801,0,1,0,0,1,0,0,0,1,0
0,1,0,0,-1.2816237461508113,0,0,0,0,0,0,0,0,0,-1.321347440011871,-0.999385928908779,1,0,0,1,0,0,0,0,1,0
1,0,0,0,-1.047578038528552,0,0,1,0,0,1,0,0,0,-0.6891614752762691,-0.8649593870888106,1,0,0,1,0,0,0,0,0,1
0,1,1,0,-1.2816237461508113,1,1,0,0,0,0,0,0,1,0.3014240702306149,-0.9779147457555745,0,1,0,1,0,0,0,0,1,0
0,0,0,0,-0.7495547049271047,1,1,0,1,0,0,0,0,1,0.5642174607664744,-0.5331037173649704,0,1,0,1,0,0,0,0,1,0
0,0,0,0,0.9688427930645953,1,0,0,0,1,0,1,1,1,1.062378961201441,1.3958799114022193,0,1,0,0,0,0,0,0,1,0
0,0,1,0,-1.1764057975336137,1,0,0,0,0,1,1,0,1,0.6797294399417899,-0.8636189935938625,0,1,0,1,0,0,0,0,1,0
0,0,0,0,-1.1176339194078513,0,0,0,0,0,0,0,0,1,-1.3136845667636836,-0.9569724552974074,1,0,0,1,0,0,0,0,1,0
0,0,0,0,-1.2002122764736234,1,0,0,0,0,0,0,0,0,-1.4966114903446408,-0.9828743238889994,0,0,1,1,0,0,0,0,0,0
0,0,1,0,-1.0655660164490206,1,1,0,0,0,0,1,0,1,0.6319303713360628,-0.7918139279008382,0,1,0,1,0,0,0,0,1,0
0,0,0,0,-1.2710958319196584,1,1,0,0,0,0,0,0,0,-0.4899648686628543,-0.9812431187404088,1,0,0,1,0,0,0,0,0,1
0,0,0,0,-1.0373893371192475,1,0,0,0,0,0,1,0,1,0.4890260161827066,-0.754408622611318,0,1,0,1,0,0,0,0,1,0
0,0,1,0,-0.25389947594761886,1,0,0,0,0,0,0,0,1,0.15473874534507356,-0.20437557351137098,0,1,0,1,0,0,0,0,1,0
0,0,0,0,-1.2816237461508113,1,0,0,0,0,0,0,0,0,-1.4647028874200572,-1.0012826907436296,0,0,1,1,0,0,0,0,0,1
0,0,1,0,0.2043649178131033,1,1,0,0,1,0,1,1,1,1.2394389653152122,0.700020067411183,0,1,0,1,0,0,0,0,1,0
1,1,0,0,-0.7021950912746115,0,0,0,0,0,0,1,0,1,-0.8654299069537909,-0.7270705720860301,1,0,0,1,0,0,0,0,0,1
1,0,0,1,-1.2816237461508113,1,0,0,0,0,0,0,0,0,-1.5150015767269365,-1.0019482017928794,0,0,1,1,0,0,0,0,0,1
1,1,0,0,0.11072144693710897,1,1,0,0,1,0,1,1,1,1.2091836075795317,0.5358220961546644,0,1,0,1,0,0,0,0,1,0
1,0,0,0,-1.2496509591536709,0,0,1,0,0,0,0,0,0,-1.0941193985729103,-0.9840678388588908,1,0,0,1,0,0,0,0,0,1
0,0,1,0,-1.2409180113122174,1,0,0,0,0,0,0,0,0,0.18702405433840272,-0.9471885153330959,0,1,0,1,0,0,0,0,1,0
1,0,1,0,-0.5297152380104722,1,1,0,0,1,0,1,1,1,1.1994252274277812,-0.1563811805730856,0,1,0,1,0,0,0,0,1,0
0,0,0,0,-1.242167052958634,1,0,0,0,0,1,0,0,1,-0.4794965506471749,-0.9693810657135651,1,0,0,1,0,0,0,0,1,0
1,0,0,0,-1.1710004757880006,1,0,1,0,0,0,0,0,1,-0.5160416870921721,-0.9352321857745005,1,0,0,1,0,0,0,0,1,0
0,0,0,0,-0.983533239456159,1,1,0,0,0,0,0,1,1,0.6455240203840503,-0.6691144129991662,0,1,0,1,0,0,0,0,1,0
1,1,0,0,-1.2816237461508113,1,0,0,0,0,0,0,0,1,0.1571654401685916,-0.9798234577633599,0,1,0,1,0,0,0,0,1,0
0,0,1,1,-1.183426973366836,0,0,0,0,0,0,0,0,0,-1.3224310630548535,-0.9774623891613273,1,0,0,1,0,0,0,0,0,1
0,1,0,0,-0.9662212273364262,1,1,0,0,0,0,0,1,1,0.6439861256946591,-0.6921032174638287,0,1,0,1,0,0,0,0,1,0
1,0,0,0,-1.1903143678875172,1,0,0,0,1,0,0,0,0,-0.4255163540479628,-0.9415147548854604,1,0,0,1,0,0,0,0,1,0
1,0,0,0,-0.06945147478684159,1,1,0,0,0,0,1,1,1,0.9934449347784331,0.2742525000771714,0,1,0,1,0,0,0,1,0,0
0,0,1,1,0.29093349139546826,1,0,0,0,0,0,0,0,0,-0.29667159840100665,-0.004132226753376364,1,0,0,1,0,0,0,0,1,0
0,0,0,0,-0.7974160557862568,1,1,1,0,0,0,1,0,1,1.1308789172630291,-0.44889880831885354,0,1,0,1,0,0,1,0,0,0
0,1,0,0,-1.0853917074549193,1,0,0,0,0,0,0,0,0,0.34131390080207763,-0.8241998685168972,0,1,0,1,0,0,0,0,1,0
1,0,0,1,-1.256707732518938,1,1,0,0,1,0,0,1,0,1.0752207681897767,-0.9454779721605746,0,1,0,1,0,0,0,0,1,0
0,0,0,0,-1.2816237461508113,1,0,0,0,0,0,0,0,1,0.29487171611231194,-0.9780014411371921,0,1,0,1,0,0,0,0,1,0
1,0,1,0,1.26605687411125,1,1,0,1,1,0,1,1,1,1.283983197828466,1.9246397573254166,0,1,0,1,0,0,0,0,1,0
1,1,0,0,-1.1188008067964355,1,0,0,0,0,0,1,1,1,0.8257416305084169,-0.8027015574807397,0,1,0,1,0,0,0,0,1,0
0,0,1,0,-0.9967646936086436,1,0,0,0,0,0,1,0,1,0.617716686356812,-0.7119204394478617,0,1,0,1,0,0,0,0,1,0
1,0,0,0,-1.2816237461508113,1,0,0,0,0,0,0,0,0,-0.575275111791359,-0.9895145110883079,1,0,0,1,0,0,0,0,0,1
1,1,0,0,-1.2816237461508113,1,1,0,0,0,0,0,0,1,0.32154043191490506,-0.9776485825382802,0,1,0,1,0,0,0,0,1,0
0,0,0,0,-0.789507690196757,1,1,0,0,1,0,0,1,1,0.8834937845682027,-0.48583688367252326,0,1,0,1,0,0,0,0,1,0
0,1,1,0,-1.2067806678661965,1,0,0,0,0,0,1,0,1,0.6452889154080756,-0.9008746103151545,0,1,0,1,0,0,0,0,0,1
0,0,0,0,-1.1119985253817863,1,0,0,0,1,0,1,1,1,1.1660604656643254,-0.7793464165630093,0,1,0,1,0,0,0,0,1,0
0,0,1,1,-0.6396758923596985,1,0,0,0,0,1,1,0,0,0.8894298784204615,-0.32840513063361215,0,1,0,1,0,0,0,0,1,0
0,0,0,0,0.5094285867473239,1,1,0,1,0,0,1,0,1,0.8722102186755829,0.8058421510239302,0,1,0,1,0,0,0,1,0,0
0,0,0,0,-0.9063865212993131,1,0,0,0,0,0,0,1,0,0.5005861260485126,-0.6341140764720814,0,1,0,1,0,0,1,0,0,0
1,0,0,0,-1.261959876886691,0,0,0,0,0,0,0,1,1,-0.9806537168712766,-0.9880274147259354,1,0,0,1,0,0,0,0,1,0
1,0,0,0,-0.7245279048168368,1,1,0,0,1,0,1,0,1,0.8334465316070814,-0.44060349456422016,0,1,0,1,0,0,0,0,1,0
0,0,0,0,-1.0095480983538747,1,0,1,0,0,1,0,0,0,0.14715014857645098,-0.7747492095649872,1,0,0,1,0,0,0,0,1,0
0,0,0,0,-1.218315037092509,1,1,0,1,0,0,0,1,1,0.9462516353718055,-0.9176736534506609,0,1,0,1,0,0,0,1,0,0
0,0,1,1,1.5270719577121736,1,1,1,1,1,1,0,0,0,1.311091199968749,2.1391597009426087,0,1,0,0,0,1,1,0,0,0
0,0,0,0,-1.2816237461508113,1,0,0,0,0,0,0,0,1,-1.4840048075980483,-1.0015380779381509,0,0,1,1,0,0,0,0,0,1
0,0,0,0,-1.2816237461508113,1,0,0,0,0,0,0,0,0,0.1385060956508786,-0.9800703429231805,0,1,0,1,0,0,0,0,1,0
0,0,0,0,-0.45970373405141723,1,1,1,0,0,0,1,1,1,1.2123770149868884,-0.03032733625838656,0,1,0,1,0,0,1,0,0,0
1,0,0,0,0.8953476170941752,1,1,0,1,1,0,1,1,1,1.2774333435404954,1.4631983432113147,0,1,0,0,0,0,1,0,0,0
0,0,1,1,1.4023826996187267,1,1,1,1,1,1,0,0,0,0.5928565673552968,1.3992281768171542,0,0,0,0,0,1,0,0,0,0
0,0,0,0,-0.9609351871535922,1,0,0,0,0,0,0,1,0,0.6027753243527627,-0.6920302608642359,0,1,0,1,0,0,1,0,0,0
0,1,0,0,-1.2816237461508113,1,0,0,0,0,0,0,0,1,0.17455122244405274,-0.9795934233357513,0,1,0,1,0,0,0,0,1,0
0,0,0,0,-1.1689747351184137,0,0,0,1,0,0,1,1,1,-0.4704257040556141,-0.9168323735623843,1,0,0,1,0,0,0,0,0,0
0,0,0,0,-1.2275109803703064,0,0,0,0,0,0,0,0,1,-1.3462089138036866,-0.9857457724468421,1,0,0,1,0,0,0,0,0,1
1,0,0,0,-1.2171367075901327,0,0,0,0,0,0,0,0,1,-1.235148692450846,-0.9797446970544598,1,0,0,1,0,0,0,0,1,0
1,0,0,0,-1.101446568063403,0,0,0,0,0,0,0,0,1,-1.2210298525213743,-0.9430215170564236,1,0,0,1,0,0,0,0,1,0
1,0,0,0,-1.1188008067964355,1,0,0,0,0,0,0,0,0,-1.4819905205004744,-0.9579651000087087,0,0,1,1,0,0,0,0,0,1
1,0,0,0,-0.8149624770848451,1,0,0,0,0,0,0,0,0,0.285273154235651,-0.6083417214160348,0,1,0,1,0,0,0,0,0,1
0,0,0,0,-0.3116042390826552,1,0,1,0,0,0,0,1,1,0.08856859190596836,-0.27287830177989036,1,0,0,1,0,0,1,0,0,0
1,1,0,0,-0.7466880918127958,1,0,0,1,0,0,0,0,1,0.30541835028625286,-0.5678032920972315,0,1,0,1,0,0,0,0,1,0
1,0,0,0,-1.2409180113122174,1,0,1,0,0,0,0,0,1,-0.544379958351726,-0.9701163649516628,1,0,0,1,0,0,0,0,1,0
0,1,1,0,-1.0971641193590362,1,1,0,1,0,0,1,0,1,0.9543492232125964,-0.7952576612995874,0,1,0,1,0,0,0,0,1,0
0,0,1,0,-0.5331096341167594,1,0,0,0,0,0,0,0,1,0.25745842740918584,-0.37126751986638423,0,1,0,1,0,0,0,0,1,0
0,0,0,0,-1.255921374971625,1,0,0,0,0,0,1,0,1,0.5496169832638323,-0.9543792757442889,0,1,0,1,0,0,0,0,0,1
1,0,0,1,-1.0484804911776093,1,1,0,0,0,0,0,1,0,0.952497678728389,-0.7401221435172212,0,1,0,1,0,0,0,0,1,0
1,1,0,0,-0.9199693563097949,1,1,0,0,0,0,0,1,1,0.7100258281216741,-0.6376616936961285,0,1,0,1,0,0,0,0,1,0
1,0,0,0,-0.9250197405661212,1,1,0,1,0,0,1,1,1,1.1669257733997407,-0.586288153075026,0,1,0,1,0,0,0,0,1,0
0,0,0,0,-1.2816237461508113,1,0,0,1,0,0,0,0,0,0.6097077592440391,-0.9738357885467658,0,1,0,1,0,0,0,0,1,0
1,0,0,0,-1.254644252763027,1,0,0,0,0,0,0,0,0,0.3084428016646551,-0.955880156150481,0,1,0,1,0,0,0,0,1,0
0,0,0,0,-1.1769500030656974,1,0,0,0,0,0,0,0,0,0.1819892113796862,-0.9002374918702395,0,1,0,1,0,0,0,0,1,0
0,0,0,0,0.7851846931762334,1,1,0,1,0,0,1,0,1,0.9481607934781004,1.1411515636042666,0,1,0,1,0,0,0,1,0,0
1,0,0,0,-1.1523833822192913,1,0,0,0,0,0,0,0,1,0.1606303333814307,-0.8909621835745779,0,1,0,1,0,0,0,0,1,0
1,0,0,0,-1.2816237461508113,1,0,0,0,0,0,0,0,0,-0.5466778846802443,-0.9891361360077121,1,0,0,1,0,0,0,0,0,1
0,0,0,0,-0.3836115584161958,1,0,1,0,0,0,0,0,1,-0.45808703673878565,-0.4888629164899604,1,0,0,1,0,0,1,0,0,0
0,0,0,0,-1.2816237461508113,1,0,0,0,0,0,0,0,1,-0.6490184425222454,-0.9904902224256443,1,0,0,1,0,0,0,0,1,0
1,0,0,0,-1.2215182764846333,1,0,0,0,0,0,1,1,1,0.7914309463756457,-0.910447454178166,0,1,0,1,0,0,0,0,1,0
0,1,0,0,-1.2645569850860503,0,0,0,0,0,0,0,0,0,-1.3292428440796578,-0.9962689194757155,1,0,0,1,0,0,0,0,1,0
1,0,0,0,-1.2808859937418,0,0,0,0,0,0,0,0,1,-1.3309088717587447,-0.9991030249511726,1,0,0,1,0,0,0,0,0,1
0,0,0,0,-1.2563159463217461,0,0,0,0,0,0,0,0,1,-1.3446434497244144,-0.9931610043139366,1,0,0,1,0,0,0,0,0,1
1,0,0,0,0.7985371288523534,1,1,0,0,0,0,1,0,0,0.7252618236429738,0.9612402552081089,0,1,0,1,0,0,1,0,0,0
1,0,0,0,-0.9689949568345955,1,0,0,0,0,1,0,0,1,-0.33704725565823895,-0.7972472315180631,1,0,0,0,0,0,0,0,1,0
1,0,0,0,-0.5180946025544972,1,0,1,0,0,0,0,0,0,-0.4453633650006461,-0.5727201817959181,1,0,0,1,0,0,0,0,1,0
1,1,0,0,0.13262158662155094,1,1,0,0,1,0,1,1,1,1.1575001301075059,0.5373540872631274,0,1,0,1,0,0,0,0,1,0
1,0,1,0,-0.5703789177364238,1,1,0,0,0,0,0,0,1,0.3350833536570108,-0.40857297714307134,0,1,0,1,0,0,0,0,1,0
0,1,0,0,-1.1079583492069578,1,1,0,0,0,0,0,0,1,0.3278995363772157,-0.8356560217291964,0,1,0,1,0,0,0,0,1,0
1,0,0,0,-0.4756329181123795,1,0,0,0,0,0,0,0,1,-0.16688474550666146,-0.4728885291333718,1,0,0,1,0,0,1,0,0,0
0,0,0,0,-1.2816237461508113,1,0,0,0,0,0,0,0,0,-1.5039255632238326,-1.0018016530563312,0,0,1,1,0,0,0,0,0,1
0,1,0,0,-1.2816237461508113,1,0,0,0,0,0,0,1,1,0.7578357232653359,-0.9718758806820181,0,1,0,1,0,0,0,0,1,0
1,1,0,0,-1.2816237461508113,1,1,0,0,0,0,0,0,1,0.3158807939930404,-0.9777234662305525,0,1,0,1,0,0,0,0,1,0
1,0,0,0,-1.2670827102731084,1,0,0,0,0,0,0,0,1,-1.4866688396308043,-0.9985658907378878,0,0,1,1,0,0,0,0,0,1
0,0,0,0,-1.262491175740293,1,0,0,0,0,0,0,0,0,-1.4919135671042079,-0.9977114408428231,0,0,1,1,0,0,0,0,0,1
1,0,0,0,0.8733532690204621,1,0,0,1,0,0,0,1,1,0.824093101700026,1.0618887802191723,0,1,0,1,0,0,0,0,1,0
1,0,1,0,-1.2273734545047452,1,1,0,0,0,0,0,0,1,0.4325544848871535,-0.9258275235881159,0,1,0,1,0,0,1,0,0,0
1,0,1,0,1.0877936510222355,1,1,0,1,1,0,1,0,1,1.3116513858145868,1.6882963418969443,0,1,0,1,0,0,0,0,1,0
0,0,0,0,-0.7250949426330631,0,0,0,1,0,0,0,1,1,-0.6135395549326101,-0.6940029733688979,1,0,0,1,0,0,0,1,0,0
0,1,0,0,-1.2816237461508113,1,0,0,0,0,0,0,0,1,0.3687462416579528,-0.9770239939375494,0,1,0,1,0,0,0,0,0,1
1,0,0,0,-1.2468214004166551,1,0,0,0,0,0,1,0,1,0.5098167356200668,-0.9510203646218938,0,1,0,1,0,0,0,0,1,0
0,0,1,0,-1.0205860348582367,1,1,0,0,0,0,0,0,1,0.6319070076956492,-0.7554632613392305,0,1,0,1,0,0,0,1,0,0
0,0,0,0,-0.1853116777751854,0,0,0,0,0,0,0,0,0,-1.221638794265973,-0.6758128450027883,1,0,0,1,0,0,0,1,0,0
0,1,1,0,0.7715041084575894,1,1,0,1,0,0,1,0,1,0.7719773066406499,0.9661273859555753,0,1,0,1,0,0,0,0,1,0
1,0,0,0,-0.9567565836785658,1,1,0,0,0,0,1,0,1,0.6824162860656118,-0.6662804752221452,0,1,0,1,0,0,0,0,1,0
1,0,0,0,-0.8738463826247017,1,1,0,0,0,0,1,1,1,1.018330294702482,-0.5505365709004948,0,1,0,1,0,0,0,0,1,0
1,0,0,0,-0.46678691802294286,1,0,0,0,0,1,0,0,1,-0.30937703579817677,-0.5066583627734336,1,0,0,0,1,0,0,0,0,0
0,1,0,0,-0.6958852460808675,1,0,0,0,0,0,1,1,1,0.9836303025227872,-0.36666869153153275,0,1,0,1,0,0,0,0,1,0
0,0,0,0,-0.8772926078571551,1,1,0,0,0,1,1,0,0,0.8554471668830037,-0.5745770679103936,0,1,0,1,0,0,0,0,1,0
1,0,0,0,-1.2052048164064717,0,0,0,0,0,0,0,0,0,-1.3320920033333767,-0.9815868411151466,1,0,0,1,0,0,0,0,1,0
1,0,0,0,-0.9855234971012623,1,0,0,1,0,0,0,0,0,0.377726686411519,-0.7353575994151796,0,1,0,1,0,0,0,0,1,0
0,1,0,0,-1.2816237461508113,1,0,0,0,0,0,0,0,1,0.15953393811143546,-0.9797921197389937,0,1,0,1,0,0,0,0,1,0
0,1,0,0,-0.42030379160559955,1,0,0,0,0,0,0,0,1,0.3150970872987271,-0.2639430746076536,0,1,0,1,0,0,1,0,0,0
0,0,0,0,-1.167635240127268,0,0,0,0,0,0,0,0,1,-1.3480272276243281,-0.9703130273479319,1,0,0,1,0,0,0,0,0,1
0,0,0,0,-0.9228655456299404,1,0,0,0,0,0,0,0,0,-1.493852272525558,-0.9253375863397685,0,0,1,1,0,0,1,0,0,0
0,0,0,0,-0.7826143500634345,1,0,0,0,0,0,0,0,1,0.1990892043853519,-0.6301669308336564,0,1,0,1,0,0,0,1,0,0
0,1,0,0,-0.9002938032062272,1,0,0,0,0,0,1,1,1,0.9403320736530493,-0.5809814107645563,0,1,0,1,0,0,0,0,1,0
1,0,0,0,-0.7053103239596938,1,0,0,0,0,0,1,1,1,0.9003139247921338,-0.4267781962172707,0,1,0,1,0,0,0,0,1,0
0,0,0,0,-0.35080796816885546,1,0,0,1,0,0,1,1,1,1.0578588573280303,0.010970484392213223,0,1,0,1,0,0,0,0,1,0
0,0,1,1,-0.9938162434082659,1,0,0,0,0,0,0,0,1,-1.4987865203547703,-0.9460111566225469,0,0,1,0,0,0,0,0,0,1
0,0,0,0,-0.8793745009504582,1,1,0,1,0,0,0,0,1,0.643666395797078,-0.6027652877841072,0,1,0,1,0,0,1,0,0,0
0,1,0,0,-1.1449470896472178,1,0,0,0,1,0,1,0,1,0.682331825392156,-0.8554009259874086,0,1,0,1,0,0,0,0,0,0
1,0,0,0,-1.2816237461508113,1,0,0,0,0,0,0,0,1,0.16031111958874522,-0.9797818367103989,0,1,0,1,0,0,0,0,1,0
0,0,1,0,1.3420091853109593,1,1,0,1,1,0,1,1,1,1.4358872360581896,2.130801188891267,0,1,0,0,1,0,0,0,1,0
0,0,0,0,-0.6550702036775871,1,0,0,0,1,1,0,1,1,1.1701331643837356,-0.2982735483041061,0,1,0,1,0,0,0,0,1,0
1,0,0,0,-1.2437150520574336,1,1,0,0,0,0,0,0,1,0.3811985565094523,-0.9417153066199895,0,1,0,1,0,0,0,0,1,0
0,0,0,0,-0.4737015722308603,0,0,0,0,0,0,1,1,1,-0.5522708844236179,-0.5618342508486518,1,0,0,0,0,0,0,1,0,0
0,0,0,0,-1.0780950719578415,1,0,0,0,0,0,1,1,0,0.840685174522562,-0.7855800472487924,0,1,0,1,0,0,0,0,1,0
1,0,1,1,1.3348294470573234,1,1,1,1,1,0,0,0,0,0.31348520628390053,1.0938542009989167,1,0,0,0,0,0,0,1,0,0
1,0,1,0,-0.5385879431229756,1,1,0,0,0,0,0,1,1,0.669882665969603,-0.2984497347283296,0,1,0,1,0,0,0,0,1,0
0,0,0,0,-1.2816237461508113,1,0,0,0,0,0,0,0,0,-1.4801415047224447,-1.001486961879547,0,0,1,1,0,0,0,0,0,1
0,0,1,1,-1.2799214970670427,1,0,0,0,0,0,0,0,1,-0.6828463916915554,-0.9901438904247005,1,0,0,1,0,0,1,0,0,0
1,0,0,0,-0.8374564853393416,1,0,0,0,1,0,1,0,1,0.6893285991522807,-0.5753573223483233,0,1,0,1,0,0,0,0,1,0
0,0,1,1,1.3780204080059235,1,1,0,0,0,0,0,1,1,1.1541126547686757,1.8533635802977169,0,1,0,0,1,0,0,1,0,0
1,0,1,0,-1.1188008067964355,1,1,0,1,0,0,0,0,1,0.6134202261511521,-0.8310750471118349,0,1,0,1,0,0,0,0,1,0
0,0,1,0,-0.9949532908276375,1,1,0,0,0,0,0,1,1,0.6726579206776916,-0.7332019250851106,0,1,0,1,0,0,0,1,0,0
0,0,0,0,-1.2816237461508113,1,0,0,0,0,0,0,0,1,-0.3710315408171186,-0.9868121274855806,1,0,0,1,0,0,0,1,0,0
1,1,1,0,1.4734043478375174,1,1,0,1,0,0,1,1,1,1.3381126531969048,2.219336486227692,0,1,0,1,0,0,0,0,0,0
0,1,0,0,-0.5515754116358234,1,1,0,0,0,0,0,0,1,0.3094865852689934,-0.4208303959376533,0,1,0,1,0,0,0,0,1,0
1,0,1,1,-0.8989153444047318,1,0,0,0,0,0,1,0,1,0.5056504978169147,-0.649018957715428,0,1,0,1,0,0,1,0,0,0
0,0,0,0,-1.188019071082616,1,0,0,0,0,0,0,0,1,-0.6579770980624747,-0.9395718543239632,1,0,0,1,0,0,0,0,0,1
0,0,0,0,-1.2816237461508113,1,0,0,0,0,0,0,0,0,-0.6534634991705013,-0.990549035773561,1,0,0,1,0,0,0,0,1,0
1,0,0,0,0.983818108033885,1,0,0,0,0,0,0,0,0,-1.362004534175451,-0.44949985255310443,0,0,1,0,0,1,0,0,0,0
0,0,0,0,0.5608085435601773,1,1,0,1,1,0,1,1,1,1.4603809155731309,1.1807625018025023,0,1,0,1,0,0,1,0,0,0
1,0,0,1,-1.2816237461508113,1,0,0,0,0,0,1,1,1,0.925402212342488,-0.96965877817892,0,1,0,1,0,0,0,0,1,0
0,1,1,0,1.1112182304139644,1,1,0,0,0,0,1,1,1,1.2846971957306934,1.68773816531857,0,1,0,0,1,0,0,1,0,0
0,0,1,1,-0.7124651048465188,1,0,0,1,0,0,0,0,1,0.7833161984374288,-0.43874183488075774,0,1,0,1,0,0,1,0,0,0
1,1,1,0,0.1703969313463124,1,1,0,0,0,0,1,1,1,0.9585198752100347,0.5092253050658768,0,1,0,1,0,0,0,0,1,0
1,0,1,1,1.1227076684095973,1,1,0,0,1,1,0,1,0,1.294619430934563,1.7111941054745916,0,1,0,0,0,1,1,0,0,0
0,0,1,0,0.8338131066252031,1,1,0,1,0,1,1,1,0,1.491801972837415,1.5450559747069357,0,1,0,0,1,0,0,0,1,0
0,0,0,1,-1.1595065416350294,1,1,0,1,1,0,0,0,0,0.655130121479466,-0.8499859364683638,0,1,0,1,0,0,1,0,0,0
1,0,0,0,1.3573351004729335,1,1,1,0,1,1,1,1,0,1.671559097257376,2.3182813499902815,0,1,0,0,0,1,0,1,0,0
0,0,0,0,0.1743037011303027,1,1,0,1,0,0,1,1,1,1.1437240807945053,0.6209461492687101,0,1,0,1,0,0,0,0,1,0
0,1,1,0,-0.16221784555012284,1,1,0,0,0,0,1,1,1,1.1757806319505804,0.2767176552526633,0,1,0,1,0,0,1,0,0,0
1,1,0,0,-0.945157147041079,1,1,0,0,0,0,1,1,1,1.0053331553357678,-0.6448597350992195,0,1,0,1,0,0,0,0,1,0
0,1,1,0,-0.7174196752478035,1,1,0,0,0,1,1,1,1,1.3001427047648397,-0.3289668710642455,0,1,0,1,0,0,1,0,0,0
0,1,0,0,0.25902155186898834,1,1,0,0,0,0,0,1,1,0.9651417489132841,0.5799193236325866,0,1,0,1,0,0,0,1,0,0
1,0,1,0,-1.0484069013169672,1,0,0,0,1,0,1,1,1,1.0260613793349638,-0.7097676294458304,0,1,0,1,0,0,0,0,1,0
1,1,0,0,-0.9379253501256499,1,1,0,0,1,0,1,1,1,1.2038859124283599,-0.5853965640092287,0,1,0,1,0,0,0,0,1,0
1,0,0,0,-1.0030993759859599,1,1,0,0,0,0,1,1,1,0.9827305380288015,-0.6955625344557481,0,1,0,1,0,0,0,0,1,0
1,0,0,0,-0.21731037667276265,1,0,0,1,0,1,0,0,1,-0.1994984611409309,-0.27590845475179787,1,0,0,0,1,0,0,0,0,0
1,0,1,1,0.6683707629698981,1,1,0,1,1,0,1,1,1,1.3273322340018365,1.1700629626981502,0,1,0,1,0,0,1,0,0,0
0,1,1,0,-0.3968964440312289,1,1,0,0,0,1,1,1,0,1.2348818910433623,0.03406260707324679,0,1,0,1,0,0,1,0,0,0
1,0,1,1,1.3818662252762055,1,0,1,0,0,0,1,1,1,0.4440084193746758,1.254766884410535,1,0,0,0,0,1,0,0,0,0
0,0,0,0,-0.9381290424121753,1,0,0,0,0,0,0,0,0,-1.4886870510656065,-0.927412194832114,0,0,1,1,0,0,1,0,0,0
1,0,0,0,1.2993033587654674,1,1,0,1,0,1,1,1,1,1.3404962725821168,2.019282227234491,0,1,0,0,1,0,0,0,0,0
0,0,0,0,1.1120042231176444,1,1,0,0,1,0,1,1,1,1.1671631815144468,1.680940394646641,0,1,0,0,1,0,0,0,1,0
1,1,1,0,0.8897623390197195,1,1,0,0,1,0,1,1,0,1.1868633902416275,1.3994368119195884,0,1,0,1,0,0,0,0,1,0
0,0,0,0,-1.2816237461508113,1,0,0,0,0,0,0,0,0,-1.5102554361097562,-1.001885404748552,0,0,1,1,0,0,0,0,1,0
1,0,0,0,-0.2517443685317398,1,1,0,1,0,0,0,0,1,0.9255510104279524,0.08692277812527387,0,1,0,1,0,0,0,1,0,0
1,0,0,0,-0.9859898755715605,1,1,0,0,0,0,1,0,0,0.6750094953556112,-0.7046189477493353,0,1,0,1,0,0,0,0,1,0
0,0,1,0,0.9170606713496646,1,1,0,1,0,0,1,1,0,1.1933317953379063,1.4024191811717273,0,1,0,0,1,0,0,1,0,0
0,0,0,0,-1.0857445091500777,1,1,0,1,0,0,1,0,1,0.8395958787245187,-0.7869593598117351,0,1,0,1,0,0,0,0,1,0
1,0,1,0,1.3266507579909763,1,1,0,1,1,0,1,1,1,1.3278774557124442,2.0588015050549715,0,1,0,1,0,0,0,0,0,0
0,1,0,0,-1.1559053689614909,0,0,0,0,0,0,0,0,0,-1.2518726308273778,-0.9647721700807527,1,0,0,1,0,0,0,0,1,0
1,1,1,0,-1.1881311161406773,1,0,0,0,0,0,0,0,0,0.18692083927915917,-0.912630102139225,0,1,0,1,0,0,0,0,0,1
1,0,0,0,-0.9503593101823717,1,1,0,1,0,0,1,1,1,1.1579978696050144,-0.6163676353721896,0,1,0,1,0,0,0,0,1,0
0,0,0,0,-1.1023193676411625,1,0,0,1,0,0,1,0,1,0.7667158095482263,-0.7998759285773702,0,1,0,1,0,0,1,0,0,0
1,1,0,0,-1.2816237461508113,1,1,0,0,0,0,0,0,1,0.29443275875380076,-0.9780072490613401,0,1,0,1,0,0,0,0,1,0
0,0,0,0,-1.2816237461508113,1,0,0,0,0,0,0,0,1,0.13836236252861836,-0.9800722446820997,0,1,0,1,0,0,0,0,1,0
0,0,1,0,1.2640669693357218,1,1,0,0,0,1,1,1,1,1.186334576087069,1.8734983472720512,0,1,0,1,0,0,0,1,0,0
0,0,0,0,0.7138484120711969,1,0,0,0,0,0,0,0,0,-1.4651865060516305,-0.5748683840472888,0,0,1,0,0,1,0,0,0,0
0,1,1,0,-0.6933600844411806,1,1,0,0,0,0,0,1,1,0.6965139825307417,-0.42542281383753094,0,1,0,1,0,0,0,1,0,0
1,0,1,0,1.3642490183577978,1,1,0,1,0,1,1,1,1,1.4417376268601378,2.1828256941264006,0,1,0,0,1,0,0,0,1,0
0,0,0,0,-0.6710377235719016,1,0,0,1,1,0,0,1,1,0.9918959230670955,-0.32481967789026867,0,1,0,1,0,0,0,1,0,0
0,0,1,0,-0.4048619577356879,1,0,0,0,1,0,1,1,1,1.0290144531688648,-0.10854797174923689,0,1,0,1,0,0,0,1,0,0
0,0,1,1,0.1375368728676648,1,1,1,0,0,0,1,1,1,1.283675771208352,0.6434563498873529,0,1,0,0,1,0,0,0,0,0
1,0,0,0,-1.1843662699507078,1,0,1,0,0,0,0,0,1,-0.5168588770698979,-0.9419574912939555,1,0,0,1,0,0,0,0,1,0
1,0,0,0,0.9050584434327333,1,1,0,0,0,1,1,1,1,1.284302586969097,1.5275194556875902,0,1,0,0,1,0,0,0,1,0
0,0,0,0,-1.0044423812248462,1,0,0,0,0,1,1,1,1,0.2220023705988053,-0.7768402631565577,1,0,0,1,0,0,0,0,0,0
0,1,0,0,-0.24481896681742332,1,1,0,0,0,0,0,1,1,0.7133684340175729,-0.017761246156952668,0,1,0,1,0,0,0,0,1,0
0,0,0,0,-1.2816237461508113,1,0,0,0,0,0,0,0,1,0.16651247312144682,-0.9796997854809696,0,1,0,1,0,0,0,0,1,0
1,0,0,0,-1.1776132334560623,1,1,0,0,0,0,0,0,1,0.3899629582320819,-0.8930997959848315,0,1,0,1,0,0,0,0,1,0
0,0,0,0,-1.0282630321893804,1,1,0,0,0,0,1,1,1,0.9884293094793456,-0.6972034747241532,0,1,0,1,0,0,0,0,1,0
0,0,0,0,-0.6807724458820359,1,0,0,0,0,0,0,0,0,-1.4893843048591082,-0.8706473517372455,0,0,1,1,0,0,1,0,0,0
1,0,0,0,-1.2739823676814395,0,0,0,0,0,0,0,0,0,-1.1992813488844312,-0.9949438137878085,1,0,0,1,0,0,1,0,0,0
1,0,0,0,-0.30715366577406183,1,1,0,0,0,1,0,0,1,0.5443850140538103,-0.128637063479853,0,1,0,1,0,0,0,0,1,0
0,0,0,0,-0.7599057208750104,1,0,0,1,0,1,1,0,0,0.12422258145169346,-0.5736227224034525,1,0,0,0,0,0,0,0,0,1
1,0,0,0,1.4670965816591826,1,1,1,0,0,0,1,1,1,1.3215391343576783,2.1293485349227916,0,1,0,0,0,1,0,1,0,0
0,0,0,0,-0.9317955120165993,0,0,0,0,0,0,0,1,1,-0.8956796557230484,-0.8526301854029588,1,0,0,1,0,0,0,0,0,0
0,0,1,1,0.6532323254260419,1,1,0,0,0,0,1,0,0,0.6524522297029439,0.8388292518086266,0,1,0,1,0,0,0,0,1,0
0,0,0,0,-1.218226245463608,1,0,0,0,1,0,1,1,0,0.9861029395446742,-0.9044005049235495,0,1,0,1,0,0,0,0,1,0
1,0,1,1,1.3262849290520662,1,0,1,0,0,0,1,1,1,0.33299850826116684,1.1129085359021003,1,0,0,0,0,1,0,0,0,0
0,1,0,0,-0.29976827811933254,1,1,0,1,0,0,0,1,1,0.8432052891946406,-0.03352593315729356,0,1,0,1,0,0,0,0,1,0
0,1,0,0,-1.1188008067964355,1,0,0,0,0,0,0,0,1,0.14640955792443144,-0.8691391735484401,0,1,0,1,0,0,0,0,0,1
0,0,0,0,-1.2816237461508113,1,0,0,0,0,0,0,0,0,-0.6440468632827856,-0.9904244425621593,1,0,0,1,0,0,0,0,1,0
0,0,1,0,-0.8872598528930355,1,1,0,0,0,0,0,0,1,1.0090645954212172,-0.4908732696130005,0,1,0,1,0,0,0,1,0,0
0,0,0,0,-1.2816237461508113,1,0,0,0,0,0,0,1,1,-0.24491655292077197,-0.9851434772865874,1,0,0,1,0,0,0,0,1,0
0,0,0,0,-0.47380174134368713,1,1,0,0,1,0,0,1,1,0.7960207716121354,-0.18962478990851986,0,1,0,1,0,0,0,0,1,0
1,1,0,0,-0.7516021830095903,1,1,0,1,1,0,1,1,1,1.3910203982778795,-0.36124325320548006,0,1,0,1,0,0,0,0,1,0
0,0,1,1,-0.6895369960819742,1,1,0,0,0,0,0,1,1,0.6827836722714212,-0.42565117999984864,0,1,0,1,0,0,0,0,1,0
1,0,1,0,-0.7779494266930734,1,1,0,0,1,0,1,1,1,1.1721844608059924,-0.4166443203599868,0,1,0,1,0,0,0,0,1,0
0,0,0,0,-1.139349244041651,1,0,0,0,1,1,1,1,1,0.30931963519348615,-0.8635321758824973,1,0,0,1,0,0,0,0,0,0
1,0,1,0,1.1604075347173837,1,1,0,1,1,0,1,0,1,1.3480693344657064,1.7474573890471932,0,1,0,1,0,0,0,0,1,0
0,0,0,0,-0.821581262820254,1,1,0,0,0,0,0,1,1,0.6451900318117473,-0.544682139097755,0,1,0,1,0,0,0,0,1,0
0,0,0,0,0.17465010212069862,1,1,0,1,0,0,1,1,1,1.1723479053361192,0.6334298207753224,0,1,0,1,0,0,0,0,1,0
1,0,0,0,-1.1899147923886795,1,0,0,0,0,0,0,0,1,0.17239960831809104,-0.924309986919664,0,1,0,1,0,0,0,0,1,0
1,0,0,0,-1.03264760724689,1,1,0,0,0,0,0,0,1,0.5065967005755023,-0.7648076136210968,0,1,0,1,0,0,1,0,0,0
0,0,0,0,-0.8773040991651545,1,1,0,1,0,0,0,0,1,0.515664571247922,-0.6185752572796532,0,1,0,1,0,0,1,0,0,0
0,0,0,0,-0.5040774018941238,1,0,0,1,0,1,0,0,1,-0.32484861035445406,-0.5320312176825991,1,0,0,0,0,0,0,1,0,0
1,0,0,0,-1.2815335920689386,1,0,0,0,0,0,1,0,1,0.4851059371591515,-0.9754048986583193,0,1,0,1,0,0,0,0,1,0
1,0,0,0,-1.2816237461508113,1,0,0,0,0,0,1,1,1,0.83891564858572,-0.9708030975356454,0,1,0,1,0,0,0,0,1,0
0,1,0,0,-1.2816237461508113,1,0,0,0,0,0,0,0,1,0.16862344765387238,-0.9796718547953915,0,1,0,1,0,0,0,0,1,0
0,1,0,0,-1.2487878523987415,0,0,0,0,0,0,0,0,0,-1.3408124167059838,-0.9934454604000146,1,0,0,1,0,0,0,0,1,0
0,0,0,0,1.0559409408999378,1,1,0,0,1,1,1,1,1,1.3272381680192127,1.7333655989285477,0,1,0,0,0,0,0,0,1,0
0,0,0,0,-0.9551089903684851,1,1,0,0,0,0,0,1,1,0.6101179334380379,-0.6568732963157179,0,1,0,1,0,0,0,0,1,0
1,0,0,0,-1.271793454257493,1,0,0,0,0,0,0,0,1,-0.5719936017025968,-0.9840158084613495,1,0,0,1,0,0,0,0,0,1
1,1,0,0,-1.2799812360921423,1,1,0,0,0,0,1,1,1,0.9503165003230931,-0.9677754110258406,0,1,0,1,0,0,0,0,1,0
1,1,0,0,-1.2816237461508113,1,1,0,0,0,0,0,0,1,0.3225775534722977,-0.977634860195504,0,1,0,1,0,0,0,0,1,0
0,0,1,0,0.8403694947097597,1,1,0,1,0,0,1,1,1,1.1240353456928016,1.2632850809595744,0,1,0,0,0,0,0,1,0,0
1,0,0,0,-1.2761465723643095,1,0,0,0,0,0,0,1,1,0.531520252418135,-0.969776343981191,0,1,0,1,0,0,0,0,0,1
1,0,0,0,-0.5687720094026233,1,0,0,0,0,0,0,0,0,0.24401902240984183,-0.42794868862305024,0,1,0,1,0,0,0,0,0,1
0,0,0,0,-0.7117434584104956,1,0,0,0,0,0,0,0,0,-1.5083331636692474,-0.882632028482403,0,0,1,1,0,0,1,0,0,0
0,0,0,0,-1.0089546686946227,1,0,0,0,0,0,0,0,1,-0.5928819722150382,-0.8552785218172816,1,0,0,1,0,0,1,0,0,0
0,0,0,0,-1.1747485606893329,1,0,0,0,0,1,1,1,1,1.075379977940539,-0.8530112270243874,0,1,0,1,0,0,0,0,1,0
0,0,1,0,0.6049103190937655,1,1,0,1,1,1,1,1,0,1.5712646642235384,1.287267072377204,0,1,0,1,0,0,0,0,1,0
0,0,0,0,-0.9813834262811503,1,1,0,0,0,0,0,0,1,0.4878354648934774,-0.7069982401710014,0,1,0,1,0,0,0,1,0,0
0,0,0,0,-1.2816237461508113,1,0,0,0,0,0,0,0,1,0.14169497389007057,-0.9800281502988372,0,1,0,1,0,0,0,0,1,0
0,0,0,1,-1.219396613608286,1,0,1,0,0,1,0,0,1,-0.2878768406187081,-0.9523034170350743,1,0,0,1,0,0,0,0,0,0
1,0,0,0,-1.2816237461508113,1,0,0,0,0,0,0,0,0,0.20001317395516055,-0.9792565316532919,0,1,0,1,0,0,0,0,0,1
1,1,1,0,-0.824185016587384,1,1,0,0,0,0,1,1,1,1.1604309077279882,-0.4738217663605957,0,1,0,1,0,0,0,0,1,0
0,1,1,0,-1.0765100713754125,1,1,0,0,0,0,0,1,1,0.6446838913739948,-0.7989629435449257,0,1,0,1,0,0,0,0,1,0
0,0,0,0,-0.8679362325249346,1,1,0,0,0,0,0,0,1,0.3971768689436881,-0.6361095168304736,0,1,0,1,0,0,0,0,1,0
1,0,0,0,-1.2816237461508113,1,0,0,0,0,0,0,0,1,-1.4978954403035616,-1.0017218674100832,0,0,1,1,0,0,0,0,0,1
1,0,0,0,-1.2816237461508113,1,0,0,0,0,0,0,0,0,-1.4852328260588414,-1.001554326072359,0,0,1,1,0,0,0,0,0,1
1,0,1,1,-0.981151873979305,1,0,0,0,0,0,1,1,0,0.9471516318257551,-0.6482458028410312,0,1,0,0,0,0,1,0,0,0
0,0,1,0,1.2697235353715433,1,1,0,0,0,0,1,0,1,1.302408920221548,1.936850538956979,0,1,0,0,1,0,0,0,1,0
0,0,1,1,-0.9851871402459255,0,0,0,0,0,0,0,0,0,-1.1787928204659328,-0.9141256513040416,1,0,0,1,0,0,0,0,0,0
1,0,0,0,-0.8156389417529384,1,1,0,0,1,0,1,0,1,0.8225103056324804,-0.5349557858971775,0,1,0,1,0,0,0,0,1,0
0,0,0,0,-1.2816237461508113,1,0,0,0,0,0,0,0,0,-0.6960345390452063,-0.9911123008964715,1,0,0,1,0,0,0,0,0,1
0,1,0,0,-1.2618187915237395,0,0,0,0,0,0,0,0,1,-1.2124975994117326,-0.9918308790916048,1,0,0,1,0,0,0,0,0,1
0,0,0,0,-1.0068673845614118,1,0,0,1,0,1,0,0,1,-0.2757491027399267,-0.8027685128530331,1,0,0,1,0,0,0,1,0,0
0,0,1,1,0.3227844071336745,1,1,0,1,1,1,0,0,1,1.342795874354922,0.8444345651077351,0,1,0,0,1,0,0,0,1,0
1,0,1,1,-1.1007649866063947,1,0,0,0,1,0,0,0,0,-0.5198391550405226,-0.8904326094235083,1,0,0,1,0,0,0,0,1,0
1,1,0,0,-0.4454364023141654,1,1,0,0,0,0,1,1,1,1.0379130547149642,-0.1142962300084418,0,1,0,1,0,0,0,0,1,0
1,0,1,0,0.7864838769790553,0,0,0,1,1,0,1,1,0,-0.17143742468710552,0.34321323921522534,1,0,0,0,1,0,0,0,1,0
1,0,0,0,-1.2114621348507078,1,0,0,0,0,0,0,0,0,0.15202559608371013,-0.926400284007136,0,1,0,1,0,0,0,0,0,1
1,0,0,0,-1.2409180113122174,1,0,0,1,0,0,0,0,1,-0.3663789591301171,-0.9627417532433273,1,0,0,1,0,0,0,0,0,1
0,1,0,0,-1.2259537237889,1,0,0,0,0,0,1,1,1,0.8325097618691248,-0.9170937835916769,0,1,0,1,0,0,0,0,1,0
0,0,1,1,-0.6100526199148675,1,0,0,0,0,0,1,1,1,0.9117485676596057,-0.3020336985594565,0,1,0,1,0,0,0,0,1,0
0,0,0,1,0.15879648499639362,1,1,0,0,0,0,0,0,0,0.6272558778152418,0.2817661680514141,0,1,0,1,0,0,0,1,0,0
0,0,0,0,-0.7092537138346133,1,0,1,0,0,0,0,1,1,-0.008681197058133444,-0.5718744183243409,1,0,0,1,0,0,1,0,0,0
1,0,0,0,-1.2808551367152856,1,0,0,0,0,0,0,0,1,-0.6385566108745192,-0.9899252630575328,1,0,0,1,0,0,0,0,0,1
1,1,0,0,0.13090523150263142,1,1,0,0,0,0,1,1,1,0.9784525997364258,0.5147960671646812,0,1,0,1,0,0,0,0,1,0
1,1,1,0,1.0465646090739718,1,1,0,0,0,0,1,1,1,1.0891315176429228,1.5212285420702163,0,1,0,1,0,0,0,0,0,0
0,0,0,0,0.3061319811991347,1,1,0,0,0,0,1,0,1,0.6713976993722377,0.48036865218068625,0,1,0,1,0,0,0,0,1,0
0,0,0,0,1.0855005234041366,1,1,0,0,1,0,1,1,1,1.0997777102658157,1.5689386571706916,0,1,0,0,1,0,0,0,1,0
1,0,1,1,-0.990168894021853,1,0,0,0,0,0,1,0,1,0.513327938437034,-0.7475662575300467,0,1,0,1,0,0,0,0,0,0
1,0,0,0,-0.926516256605246,1,0,0,0,0,1,0,0,0,-0.44942619959736446,-0.7846075304487353,1,0,0,1,0,0,0,0,0,1
0,0,0,0,-1.2419095585012554,0,0,0,0,0,0,0,0,1,-1.3151974743829693,-0.9890524188615368,1,0,0,1,0,0,0,0,0,1
1,0,0,0,-1.2409180113122174,1,0,0,0,0,0,0,0,1,-0.6506458408084463,-0.9697557449889272,1,0,0,1,0,0,0,0,0,0
1,0,0,0,-1.1898830023705962,1,0,0,0,1,1,0,0,1,0.510701084758017,-0.8975949407355844,0,1,0,1,0,0,0,0,0,0
0,0,0,0,-0.11812846536954574,0,0,0,0,0,0,0,0,0,-1.3120244220481374,-0.6867163662136041,1,0,0,1,0,0,0,1,0,0
1,0,0,0,-1.2477304022898217,1,0,0,0,0,0,0,0,1,-0.6298289985658764,-0.9761615714974948,1,0,0,1,0,0,0,0,0,0
0,0,0,0,-1.1392560948721078,1,0,0,0,0,0,1,0,0,0.5497701062528293,-0.8466369226433554,0,1,0,1,0,0,0,0,1,0
0,0,0,0,1.113346514809242,1,1,0,0,1,0,1,1,1,1.167186629585464,1.6828108657648846,0,1,0,0,1,0,0,0,1,0
0,0,1,0,1.5677776925507676,1,1,0,0,0,0,1,1,1,1.239232648988129,2.2293641523653065,0,1,0,0,0,1,1,0,0,0
0,0,1,0,0.7294611639352213,1,1,0,1,0,0,1,1,1,1.1246447693870698,1.16628809943911,0,1,0,1,0,0,0,0,0,0
1,0,0,0,-1.2816237461508113,1,0,0,0,0,0,0,0,1,-1.4897790747075852,-1.0016144783099237,0,0,1,1,0,0,0,0,0,1
0,1,0,0,-0.6964717362319186,1,1,0,0,0,0,1,0,1,0.6916507139647674,-0.43515110970528564,0,1,0,1,0,0,0,0,1,0
1,0,0,0,-1.2816237461508113,1,0,0,0,0,0,0,0,0,-1.4817289553283415,-1.0015079657254309,0,0,1,1,0,0,0,0,0,1
0,0,0,0,-1.2084386470674708,0,0,0,0,0,0,0,0,1,-1.3386026673268383,-0.9807216478263291,1,0,0,1,0,0,0,0,0,1
1,0,0,0,-1.2305180187750175,1,0,0,0,0,0,0,0,1,0.4643027051740264,-0.9378624032656211,0,1,0,1,0,0,0,0,0,1
1,0,0,0,-0.04375102166376967,1,1,0,0,0,0,1,1,1,1.0154436379181984,0.295431221641273,0,1,0,1,0,0,0,1,0,0
0,1,0,0,-1.2816237461508113,1,0,0,0,0,0,1,0,1,0.47201986424528714,-0.9756575619713287,0,1,0,1,0,0,0,0,1,0
0,0,0,0,-1.1190679809068231,1,0,0,0,0,0,0,0,1,0.3281066625730695,-0.8377385796328708,0,1,0,1,0,0,0,1,0,0
0,0,0,1,-0.6832927289485273,1,0,0,0,0,0,1,1,1,0.03662230714555481,-0.5620170461232907,1,0,0,1,0,0,0,0,0,1
1,0,0,0,-0.9283421858091656,1,0,0,1,1,0,0,0,1,0.4961955386056772,-0.6674919898750196,0,1,0,1,0,0,0,0,1,0
1,0,1,0,1.3251018953596019,1,1,0,1,1,0,0,0,0,0.8327330130921697,1.5334598131795427,0,1,0,0,1,0,0,0,1,0
1,0,1,0,-0.13287137912547548,1,1,1,1,0,0,0,0,1,0.7206788786116344,0.10882757463649656,0,1,0,1,0,0,0,0,1,0
0,0,0,0,-0.4178726859388599,1,1,0,1,0,0,0,0,1,0.5133162855970975,-0.24399064082093408,0,1,0,1,0,0,0,0,1,0
1,0,0,0,-1.2816237461508113,1,0,0,0,0,0,0,1,0,0.49376865155419764,-0.9753697998355491,0,1,0,1,0,0,0,0,1,0
1,0,0,0,-1.0792726827580879,1,0,0,0,0,0,0,0,1,0.18196533271191478,-0.8251401248066493,0,1,0,1,0,0,0,0,1,0
1,0,0,0,-1.2816237461508113,1,0,0,0,0,0,0,1,1,0.5164816198114455,-0.975069280447375,0,1,0,1,0,0,0,0,1,0
0,0,0,0,0.030504413504074984,1,0,1,0,1,1,1,0,1,1.2775521543104293,0.4709757402911385,0,1,0,0,1,0,0,0,1,0
1,0,0,0,-1.0868716547047912,0,0,0,0,0,0,1,0,0,-0.5478236744078624,-0.9059380110963877,1,0,0,1,0,0,0,0,0,1
1,0,0,0,-1.0184413508792456,1,1,0,0,0,0,1,0,1,0.6351751995713326,-0.7443454098195126,0,1,0,1,0,0,0,0,1,0
1,0,0,0,0.8925234133801443,1,0,0,1,1,0,1,1,1,1.3063273262193809,1.4765347366741766,0,1,0,0,1,0,1,0,0,0
1,0,0,0,-1.1344821142866968,1,1,0,0,0,0,0,1,1,0.6921540720841796,-0.8406452435173359,0,1,0,1,0,0,0,0,1,0
0,0,1,1,-1.2816237461508113,1,0,0,0,0,0,0,0,1,0.15357752474337474,-0.979870930120834,0,1,0,1,0,0,0,0,0,1
0,0,0,0,-0.8338606629262776,1,1,0,0,1,0,0,1,1,1.1579291889183296,-0.47567885098943613,0,1,0,1,0,0,1,0,0,0
0,0,1,0,-1.0085602172444164,1,1,0,0,0,0,1,0,1,0.7117225565590567,-0.7271664697123537,0,1,0,1,0,0,0,0,1,0
1,0,1,1,-0.35551606282306886,1,0,0,0,0,0,0,0,1,0.1873237481413221,-0.27237346022051123,0,1,0,1,0,0,0,0,1,0
0,0,0,0,-1.2319025272033113,1,0,0,0,0,0,0,0,0,0.17449994015384684,-0.9434653941420102,0,1,0,1,0,0,1,0,0,0
1,0,0,0,-1.2816237461508113,1,0,0,0,0,0,0,0,1,0.1502057996310939,-0.9799155420252033,0,1,0,1,0,0,0,0,1,0
0,0,1,0,0.029424827788335703,1,1,0,0,1,0,1,1,1,1.3013018388781592,0.49464283963345856,0,1,0,1,0,0,0,0,1,0
1,0,1,1,-0.6264555288451534,1,0,0,0,0,0,0,0,1,0.1365856544854307,-0.5011706272940734,0,1,0,1,0,0,0,0,1,0
0,0,0,0,-0.749465137978138,1,1,1,0,0,0,0,0,0,0.5326576063094427,-0.5264857352685774,0,1,0,1,0,0,0,0,1,0
0,0,0,0,-0.5150993759322289,1,1,0,0,0,0,1,0,1,0.674150340360611,-0.25557153672850014,0,1,0,1,0,0,0,0,1,0
0,1,0,0,0.9571916699718578,1,1,0,0,1,0,1,1,1,1.3187602659104805,1.4581033338506997,0,1,0,0,1,0,1,0,0,0
1,0,0,1,-1.1798770394584057,0,0,1,0,0,0,0,0,0,-0.5171884205390255,-0.9448399933193057,1,0,0,1,0,0,0,0,0,1
0,0,0,0,-1.2816237461508113,1,0,0,0,0,0,0,0,1,0.1696175020297318,-0.9796587022822784,0,1,0,1,0,0,0,0,1,0
0,0,0,0,-0.31856491715171464,0,0,0,1,1,0,1,1,1,-0.2603981003850698,-0.389942378566017,1,0,0,1,0,0,0,1,0,0
0,1,0,0,-0.5512065188245642,1,1,0,0,0,0,0,0,1,-0.02042884090827296,-0.497461060183914,0,0,0,1,0,0,0,0,0,1
0,0,0,0,-0.3431510947190438,0,0,0,0,0,0,0,0,0,-0.6270832902239445,-0.5522564273997346,1,0,0,1,0,0,0,1,0,0
0,0,0,0,-1.2094855773106548,1,0,0,0,0,0,0,1,1,-0.32069005605870404,-0.931348950678032,1,0,0,1,0,0,0,0,1,0
0,1,1,0,1.2514989253618172,1,1,0,0,1,0,1,1,0,1.3079432350713334,1.8743735895384428,0,1,0,1,0,0,1,0,0,0
1,0,0,0,0.38526406055753387,1,1,0,0,0,0,0,0,0,0.40607838141792596,0.42724785841215407,0,1,0,1,0,0,0,0,1,0
0,1,0,0,-1.2175920337428152,1,1,0,0,0,0,1,1,1,0.9748813859758612,-0.9070618639627629,0,1,0,1,0,0,0,0,1,0
0,0,1,1,0.6486878920347788,1,0,0,0,0,0,1,0,1,0.6038430085614215,0.73337236776599,0,1,0,1,0,0,0,0,0,0
0,0,1,1,-1.2816237461508113,1,0,0,0,0,0,0,0,1,0.16148593949019477,-0.9797662924559448,0,1,0,1,0,0,0,0,1,0
0,0,0,0,-0.717854611466498,1,0,0,1,0,0,0,0,1,0.3497938166977299,-0.5109571433393834,0,1,0,1,0,0,0,1,0,0
1,0,1,0,-0.4038810147981917,1,1,0,0,1,0,1,1,1,1.1899057461933202,-0.021290229451271903,0,1,0,1,0,0,0,0,1,0
1,0,0,0,0.5892968424878402,1,1,0,0,0,0,1,0,0,0.8481020823853778,0.8003247079225386,0,1,0,1,0,0,1,0,0,0
1,1,1,0,-1.256703705084194,1,1,1,0,0,0,0,0,1,0.5087514448401126,-0.955381547001636,0,1,0,1,0,0,0,0,1,0
0,1,0,0,-0.0736830019050703,1,1,0,1,1,0,1,1,1,1.4441638062380968,0.49185588634040167,0,1,0,1,0,0,0,0,1,0
1,0,0,0,-1.2816237461508113,1,0,0,0,0,0,0,0,1,-0.6400303956564215,-0.990371299953055,1,0,0,1,0,0,0,0,1,0
0,0,0,0,-0.6608095456756579,1,1,0,1,0,0,1,0,1,0.9704663196338816,-0.3320682266169087,0,1,0,1,0,0,0,0,1,0
0,0,1,0,-0.3719745886129722,1,1,0,0,1,1,1,1,1,1.351703808604727,0.09463731864640401,0,1,0,1,0,0,0,0,1,0
1,0,0,0,0.3249956144628637,1,1,0,0,1,1,1,1,0,1.328699489423551,0.8327934763217387,0,1,0,1,0,0,1,0,0,0
0,0,0,0,-0.7087324307988409,1,1,0,1,0,0,0,0,1,0.4964449786131139,-0.5179797016923037,0,1,0,1,0,0,0,0,1,0
0,1,0,0,0.14998632688580077,1,1,0,0,0,1,1,1,1,1.1715905902626895,0.5613479985994734,0,1,0,1,0,0,0,0,1,0
0,0,0,0,-0.635024730139731,1,0,0,1,0,0,0,1,1,0.8945520466259989,-0.3012129646453698,0,1,0,1,0,0,0,0,0,0
1,1,1,0,-0.18226590411058696,1,1,0,0,0,0,1,1,1,0.9812259622077243,0.11601720364589319,0,1,0,1,0,0,0,0,1,0
1,0,0,0,-0.7394570579291512,1,1,0,0,0,0,1,1,1,0.9444892688659527,-0.4063571903367356,0,1,0,1,0,0,0,0,1,0
0,0,0,0,-1.0594677357016453,1,0,0,0,0,0,0,0,1,0.3856769581638005,-0.7809456538035016,0,1,0,1,0,0,1,0,0,0
0,0,0,0,-1.2816237461508113,1,0,0,0,0,0,0,0,1,0.17475150100243714,-0.9795907734139467,0,1,0,1,0,0,0,0,0,1
0,0,0,0,-1.2816237461508113,0,0,0,0,0,0,0,0,0,-1.319079883768805,-0.999355926462287,1,0,0,1,0,0,0,0,0,1
0,1,0,0,-1.1755624938042124,1,1,0,0,0,0,0,1,1,0.7525905198393289,-0.872973867547174,0,1,0,1,0,0,0,0,1,0
1,1,0,0,0.23203352493029752,1,1,0,0,1,0,1,1,1,1.1573539854958919,0.685836825749729,0,1,0,1,0,0,0,0,1,0
0,1,0,0,-0.07324870174831329,1,1,0,0,0,1,1,1,1,1.23983398300703,0.3582224668771623,0,1,0,1,0,0,0,0,1,0
0,0,1,1,-1.0620516653630094,1,0,0,0,0,0,0,0,1,0.13773891577949846,-0.8072316756047644,0,1,0,1,0,0,0,0,1,0
1,0,0,0,-0.49518314546961684,1,1,0,0,1,0,0,0,1,0.5857832293469045,-0.2660329869434839,0,1,0,1,0,0,0,0,1,0
1,1,1,0,-0.22327464034736777,0,0,0,0,0,0,0,0,0,-0.9715074542555556,-0.5719756842798631,1,0,0,1,0,0,0,0,0,0
0,0,1,0,0.8692046279435427,1,1,0,1,0,0,1,1,1,1.2150864929549337,1.3447213767926018,0,1,0,0,1,0,0,1,0,0
0,0,1,0,-0.8821315642170553,1,0,0,0,0,1,0,0,1,-0.4365708080259812,-0.749331716026947,1,0,0,1,0,0,0,0,1,0
0,0,1,0,0.8600080371361941,0,0,0,1,1,0,1,1,1,-0.1553471015330123,0.39831850529244633,1,0,0,0,0,0,0,0,1,0
1,0,0,1,-1.2816237461508113,0,0,0,0,0,0,0,0,0,-1.3252873086733155,-0.999438058023134,1,0,0,1,0,0,0,0,1,0
1,0,0,0,-0.4721280889482662,1,0,1,0,0,0,0,0,0,-0.28545463631693496,-0.5059569919934889,1,0,0,1,0,0,0,0,1,0
1,0,0,0,-1.2166335237327102,1,0,0,0,0,0,0,0,1,-1.4948941285782702,-0.9882406174760205,0,0,1,1,0,0,0,0,0,1
1,0,1,0,0.42338189564318174,1,0,1,0,0,1,0,0,1,-0.2252679401671585,0.11007952282714834,1,0,0,0,0,0,0,0,1,0
0,1,0,0,-0.9272077505641532,1,1,0,0,0,0,1,1,1,0.9875677377539099,-0.5911353006208069,0,1,0,1,0,0,0,0,1,0
0,1,0,0,-1.0307734356218605,1,0,0,1,0,0,1,1,1,1.080601602549695,-0.7071392852072009,0,1,0,1,0,0,0,0,1,0
0,0,0,0,-0.991404924178918,1,1,0,0,0,0,0,1,1,0.6557912830755823,-0.6723705199501676,0,1,0,1,0,0,0,0,1,0
1,0,0,0,-0.7670980489746383,1,1,0,1,0,0,0,0,1,0.5088808808764098,-0.527517989866582,0,1,0,1,0,0,0,0,1,0
0,0,0,0,-1.2553815627765113,1,0,0,0,0,0,0,0,1,-0.5519959479352029,-0.9790307963332248,1,0,0,1,0,0,0,1,0,0
1,0,0,0,-1.2816237461508113,1,0,0,0,0,0,0,0,1,0.16719646954974415,-0.9796907354006005,0,1,0,1,0,0,0,0,1,0
1,0,1,0,-1.0907865801427974,1,1,0,0,0,0,0,0,1,0.48419821699256427,-0.8335689125447772,0,1,0,1,0,0,1,0,0,0
0,1,0,0,-0.2725492148536631,1,1,0,1,0,0,0,1,1,0.9306797584419537,0.01729562011922654,0,1,0,1,0,0,0,0,1,0
0,0,0,0,-0.20546284980606438,1,1,0,0,1,0,1,1,1,1.1631437115306964,0.2136816340944966,0,1,0,1,0,0,0,0,1,0
1,0,0,1,-1.1774482362251608,1,1,0,0,1,0,1,1,0,1.1950832514166927,-0.8594374227650776,0,1,0,1,0,0,0,0,1,0
0,0,0,0,-1.2118856337604267,1,0,0,0,0,0,1,1,0,0.838224679785942,-0.8980289554721941,0,1,0,1,0,0,0,0,1,0
1,0,0,0,-1.2816237461508113,1,0,0,0,0,0,0,0,0,-0.5959769703394915,-0.9897884211204309,1,0,0,1,0,0,0,0,0,1
1,0,0,0,-0.6561284458543777,0,0,0,0,1,0,1,0,1,-0.7895250709751939,-0.7321658053995077,1,0,0,1,0,0,0,0,1,0
1,0,0,0,-1.2816237461508113,1,0,0,0,0,0,0,0,1,-1.368758935294882,-1.0000132389720648,0,0,1,1,0,0,0,0,0,1
0,0,0,0,-1.0164070774276044,1,0,0,0,0,0,1,0,0,0.5686674339921819,-0.7478880417136191,0,1,0,1,0,0,0,0,1,0
0,0,0,0,-1.224832693345866,1,0,0,0,0,0,0,0,0,-1.5037465490047455,-0.9898238223138719,0,0,1,1,0,0,0,0,1,0
1,1,0,0,-0.6177223735276968,1,1,0,0,0,0,1,0,1,0.7770390249323882,-0.37532848184622797,0,1,0,1,0,0,0,0,1,0
0,1,0,0,-1.2736374800462027,1,0,0,0,0,0,0,0,1,0.15496838636019022,-0.9745074848580989,0,1,0,1,0,0,0,0,1,0
0,0,0,0,-1.2816237461508113,1,0,0,0,0,0,0,0,0,0.19472232210807683,-0.9793265358703539,0,1,0,1,0,0,0,0,0,1
1,0,1,0,-0.8470003250766135,1,1,0,0,0,0,0,1,1,0.6728992607536806,-0.5826200334454691,0,1,0,1,0,0,0,0,1,0
0,0,0,0,-0.9738641153244458,1,0,0,0,1,0,0,0,0,0.4237162765793635,-0.7354717940358836,0,1,0,1,0,0,0,0,0,0
1,0,0,0,-1.0377374322958923,1,0,0,0,0,0,0,0,1,0.1775364555570506,-0.7987009182129379,0,1,0,1,0,0,0,0,0,1
1,0,0,0,-0.9458829684973995,1,0,0,0,0,0,1,1,1,0.880201358231184,-0.6517331474303685,0,1,0,1,0,0,0,0,1,0
0,0,0,0,-1.163355743958686,1,0,1,0,0,0,0,1,1,0.7563650100947861,-0.8554121928639564,0,1,0,1,0,0,0,0,0,1
0,0,0,0,-1.2816237461508113,1,0,0,0,0,0,0,0,1,0.2286160726514694,-0.9788780815309273,0,1,0,1,0,0,0,0,0,1
0,1,0,0,-0.7586288342425722,1,1,0,0,0,0,0,0,1,0.31590851256039476,-0.5460789441426659,0,1,0,1,0,0,0,0,0,1
0,0,0,0,-1.2816237461508113,1,0,0,0,0,0,0,0,1,0.27100348823214354,-0.9783172459742395,0,1,0,1,0,0,0,0,0,1
0,0,0,0,-1.2126870971414903,1,0,0,0,0,0,1,0,1,0.4883026239148406,-0.9162626724677028,0,1,0,1,0,0,0,0,1,0
1,1,0,0,0.3565106357932424,1,0,1,0,0,0,0,1,0,1.1287700623928312,0.7802775915879219,0,1,0,1,0,0,0,0,0,0
0,0,0,0,-0.8454574676892551,1,0,0,0,1,0,0,1,1,0.8232522980448216,-0.5402338947072441,0,1,0,1,0,0,0,0,1,0
0,0,0,0,-1.1793854457448196,1,0,0,0,1,0,0,0,1,0.34203088392578057,-0.8998629493442,0,1,0,1,0,0,1,0,0,0
1,0,0,0,-1.2816237461508113,1,0,0,0,0,0,0,0,0,-1.4878922852438012,-1.0015895138575082,0,0,1,1,0,0,0,0,0,1
0,0,0,0,-0.927480884972395,1,1,0,0,0,0,0,0,1,0.4295185203563376,-0.6819497118691756,0,1,0,1,0,0,0,0,0,1
0,0,1,1,-0.409474377454465,1,0,0,1,0,1,0,0,0,0.08019464053129821,-0.35113144775410193,0,0,0,1,0,0,0,0,1,0
1,0,0,0,-1.2816237461508113,1,0,0,0,0,0,0,0,0,-1.5091802698986083,-1.0018711790300854,0,0,1,1,0,0,0,0,0,1
0,0,0,0,-1.249993383972552,0,0,0,0,0,0,1,0,1,-0.7233343715695988,-0.9777414512151913,1,0,0,1,0,0,0,0,1,0
1,1,0,0,-1.2816237461508113,1,0,0,0,0,0,0,0,1,0.21682162617826117,-0.9790341359839531,0,1,0,1,0,0,0,0,1,0
0,0,1,0,-0.6998627753462785,0,0,0,0,0,0,0,0,1,-1.338060297539271,-0.851132338505142,1,0,0,1,0,0,0,0,1,0
1,0,0,0,-1.2816237461508113,1,0,0,0,0,0,0,0,1,0.2595816974482754,-0.9784683697524856,0,1,0,1,0,0,0,0,1,0
0,1,0,0,-1.0992752523107738,1,0,0,0,0,0,1,0,1,0.5902796316632667,-0.8049236916593349,0,1,0,1,0,0,0,1,0,0
0,0,0,0,-1.2816237461508113,1,0,0,0,0,0,0,0,0,-0.656316443567218,-0.9905867835965178,1,0,0,1,0,0,0,0,1,0
1,0,1,1,-0.03346851521636529,0,0,1,0,0,0,0,0,0,-0.9623109107810743,-0.5193158960089154,1,0,0,1,0,0,1,0,0,0
1,0,0,0,-0.04998766194161032,1,1,0,0,0,0,1,1,1,1.0101052885356128,0.2902918543582396,0,1,0,1,0,0,0,1,0,0
0,0,1,1,0.04380920583979631,1,1,0,0,0,0,1,1,1,1.1164335740179219,0.43395744649403883,0,1,0,1,0,0,0,1,0,0
0,0,0,0,0.16904303989456526,0,0,0,0,1,0,1,0,1,-0.6690511888596394,-0.2929227128294142,1,0,0,1,0,0,0,0,0,0
0,1,0,0,0.00809219985924814,1,1,0,0,1,0,0,1,0,0.7973622041286773,0.30539733103699174,0,1,0,1,0,0,0,1,0,0
1,1,1,0,-0.32655138462145583,0,0,0,0,0,0,0,1,0,-0.8836303528293433,-0.5911234954138223,1,0,0,1,0,0,0,0,0,0
0,0,0,0,0.9722536469715511,1,1,0,1,0,0,1,0,1,1.0427798662157335,1.4043211708329897,0,1,0,1,0,0,0,1,0,0
0,0,0,0,-1.2684538469820208,1,0,0,0,0,0,0,0,0,-1.5117475931180306,-0.9991280266778756,0,0,1,1,0,0,0,0,1,0
0,0,1,0,-0.14429138608245554,1,1,0,0,1,0,1,0,0,0.7874698072972757,0.1050229773818937,0,1,0,1,0,0,0,0,1,0
0,0,1,0,0.9571916699718578,1,1,0,1,0,0,1,1,0,1.115214195480159,1.4146016773686092,0,1,0,0,1,0,0,0,0,0
0,1,0,0,-0.8773363419965743,1,0,0,0,0,0,0,0,1,0.24301272566932158,-0.65512967070675,0,1,0,1,0,0,0,0,0,1
0,0,0,0,-1.0373893371192475,1,0,0,0,0,0,1,0,1,0.48249769778418905,-0.7621949246941149,0,1,0,1,0,0,0,0,1,0
1,0,0,0,-1.259398004256909,1,0,0,0,0,0,0,0,1,0.27227074223016695,-0.9510911561006788,0,1,0,1,0,0,0,0,1,0
1,0,1,0,1.093031946392851,1,1,0,1,1,0,1,1,1,1.3380627711714699,1.6428619683322292,0,1,0,1,0,0,0,0,1,0
0,1,0,0,-1.1136718016610785,1,0,0,0,0,0,0,0,0,0.44620997824926395,-0.8411901920457203,0,1,0,1,0,0,0,0,1,0
1,0,0,0,0.7224102339510639,1,0,1,0,0,0,0,0,0,0.5781204281595164,0.7997161103765029,0,1,0,1,0,0,0,0,1,0
1,0,1,0,1.2919196986936055,1,1,0,1,0,0,1,0,1,0.9049028264281942,1.5747872916882824,0,1,0,1,0,0,1,0,0,0
1,0,0,0,-1.0231023058180897,1,1,0,0,0,0,1,0,1,0.6625609477632654,-0.7539607071725999,0,1,0,1,0,0,0,0,1,0
0,0,1,1,0.16513209516022337,1,1,0,0,0,0,1,1,1,1.054619159292248,0.5052436662706948,0,1,0,1,0,0,0,1,0,0
1,0,1,0,0.5285159915707456,1,1,1,0,0,0,0,1,0,1.1141566062549666,0.9578673191688789,0,1,0,1,0,0,0,0,1,0
1,0,0,0,-1.1985229008872613,1,1,0,1,0,0,0,0,1,0.5777215001759675,-0.9035156525843867,0,1,0,1,0,0,0,0,1,0
0,0,0,0,-1.2028892587697773,1,0,0,0,0,0,0,1,1,0.5048792090175728,-0.9078214205348117,0,1,0,1,0,0,0,0,1,0
0,0,0,0,-1.16936055704113,1,0,0,1,1,0,0,0,1,0.5676288006180127,-0.8864873214907423,0,1,0,1,0,0,0,0,1,0
1,0,0,0,-1.2816237461508113,1,0,0,0,0,0,0,0,1,0.1593784557577827,-0.9797941769541169,0,1,0,1,0,0,0,0,1,0
1,0,1,0,0.6532794353509173,1,1,0,0,0,0,0,0,1,-0.002001540869550983,0.37026052907841844,1,0,0,0,1,0,0,0,1,0
1,0,1,0,0.8081408134342309,1,1,1,0,1,0,0,1,0,1.187479692137055,1.35432443077861,0,1,0,1,0,0,0,0,1,0
0,0,0,0,1.137260433654776,1,1,0,1,1,0,1,1,1,1.347814828388052,1.810804322009336,0,1,0,1,0,0,0,0,1,0
0,0,1,1,-0.7463648664414422,1,0,1,1,0,1,0,0,0,0.18032167565796667,-0.538053549143832,1,0,0,0,0,0,0,0,0,1
0,0,0,0,-1.144423409715658,1,1,0,1,0,0,1,0,0,0.8217129721730478,-0.8372083735616495,0,1,0,1,0,0,0,0,0,0
0,0,1,0,-1.2002122764736234,1,1,0,0,0,0,0,0,1,0.3295621162216482,-0.9112071037826864,0,1,0,1,0,0,0,1,0,0
1,0,0,0,0.930483440556137,1,0,0,0,0,0,0,0,0,-1.3592304171597462,-0.4541040031755966,0,0,1,0,0,1,0,0,0,0
1,0,0,0,-1.174391634006664,1,0,0,0,0,0,0,0,0,-0.5170418304232888,-0.9302740611383677,1,0,0,1,0,0,0,0,0,1
1,0,0,0,-1.2267288837301327,1,1,0,0,0,0,0,0,1,0.3732352282358195,-0.9284532031972375,0,1,0,1,0,0,0,0,1,0
0,1,0,0,-0.28142623704338804,1,1,0,0,0,0,0,1,1,0.7797678653794179,-0.03744455511896059,0,1,0,1,0,0,0,0,1,0
1,0,0,0,-0.7138849531000412,1,1,0,0,0,1,0,0,1,0.8049821125977548,-0.4609601660266226,0,1,0,1,0,0,0,0,1,0
0,0,0,0,-0.8819113750747145,1,0,0,0,0,0,0,0,0,-1.4878658928380912,-0.9147215930853347,0,0,1,1,0,0,0,1,0,0
1,0,0,0,-0.9211693499172625,1,0,0,0,1,1,1,1,1,1.170843708536857,-0.5653782356060908,0,1,0,1,0,0,0,0,1,0
1,0,0,0,-1.1420846699198446,1,0,0,0,0,0,0,0,1,0.16042044425769347,-0.8838875699010289,0,1,0,1,0,0,0,0,1,0
0,0,1,0,-1.2052453260728406,1,1,0,1,0,0,1,0,1,0.8736149737991699,-0.8951697273069372,0,1,0,1,0,0,0,0,1,0
0,0,0,0,0.843307922310626,1,0,0,0,1,0,1,1,1,1.0539313640154824,1.241697821582524,0,1,0,0,1,0,1,0,0,0
0,0,1,1,0.9863046273762162,1,1,0,1,1,1,1,1,1,1.5037525675531604,1.7056926530248244,0,1,0,0,0,1,1,0,0,0
0,0,0,0,-0.7206271209766567,0,0,0,0,0,0,1,1,1,-0.5106594325432422,-0.6823742503514039,1,0,0,1,0,0,0,0,1,0
1,0,0,0,-1.2002122764736234,1,1,0,0,0,0,0,0,1,0.35175331240185315,-0.9098490988107109,0,1,0,1,0,0,0,0,1,0
0,0,1,1,-0.3035928410521612,1,0,0,0,0,0,0,0,0,0.28464707040552634,-0.20441607226808084,0,1,0,1,0,0,1,0,0,0
0,0,0,0,-0.30468611002455576,1,0,0,1,1,0,1,1,1,1.1403840854073761,0.042770099225130497,0,1,0,1,0,0,0,0,1,0
1,0,0,0,-0.8115426838979689,0,0,0,0,0,0,0,0,1,-1.2007255703154476,-0.8498261386807745,1,0,0,1,0,0,0,0,1,0
1,0,1,0,0.37026770373600876,1,1,0,0,0,0,1,1,1,0.9382177253560631,0.7070419298963271,0,1,0,1,0,0,0,0,1,0
0,1,0,0,-0.4860900025087832,1,1,0,1,0,0,1,0,1,0.7791333208157707,-0.18214685547645648,0,1,0,1,0,0,0,0,1,0
0,0,0,0,-1.1913299784323594,1,0,0,0,0,0,0,0,0,-1.4948861048132083,-0.982785618700649,0,0,1,1,0,0,0,0,0,0
0,1,0,0,-1.2306660093031503,1,1,0,0,0,0,1,1,1,0.9663550065394156,-0.9229439693873872,0,1,0,1,0,0,0,0,1,0
0,0,0,0,0.560458986037294,1,0,1,1,0,0,0,0,1,0.02819087834723838,0.3107238754223204,0,0,0,1,0,0,0,1,0,0
1,1,1,1,0.7000846123572597,1,1,0,1,1,0,0,0,1,0.7835833042644921,0.855614298792385,0,1,0,1,0,0,0,0,1,0
0,0,0,0,-0.6307575367505148,1,0,0,0,0,0,0,1,1,-0.00784665043511622,-0.5307752599370313,1,0,0,1,0,0,0,0,0,1
0,0,0,0,-1.0019481142839595,1,0,0,0,1,0,1,1,1,0.9155457267530261,-0.6938419550436259,0,1,0,1,0,0,0,0,1,0
1,0,0,0,-0.9137649647537693,0,0,0,0,0,0,1,1,0,-0.6415347534243618,-0.8038681974877018,1,0,0,1,0,0,0,0,1,0
0,0,0,0,-1.2816237461508113,1,0,0,0,0,0,0,0,1,-1.491161477577074,-1.0016327691321465,0,0,1,1,0,0,0,0,0,1
1,0,0,0,-1.2104644369982411,0,0,0,0,0,0,0,0,1,-1.2848195531984183,-0.9777954513184909,1,0,0,1,0,0,0,0,1,0
0,0,1,1,-0.5453502762265423,1,1,0,1,0,0,0,1,1,1.2824410412243195,-0.09254250187457663,0,1,0,1,0,0,1,0,0,0
0,0,0,0,-0.8762676235462452,1,1,0,0,0,0,1,0,1,0.6726314726948681,-0.5847988724022957,0,1,0,1,0,0,0,0,1,0
0,0,0,0,-0.42998023061822266,1,0,0,0,0,0,0,0,0,-1.4984698510247265,-0.8023721529836046,0,0,1,1,0,0,1,0,0,0
1,0,0,0,-1.1188008067964355,1,0,0,0,1,0,1,1,1,0.1683973906444384,-0.8579235830961226,1,0,0,0,0,0,0,0,0,0
0,1,0,0,-1.2816237461508113,0,0,0,0,0,0,1,0,0,-0.8811206531113489,-0.9935612087243118,1,0,0,1,0,0,0,0,1,0
1,0,1,1,-0.6568954952122578,1,0,0,0,0,0,0,0,1,0.3172958894276051,-0.4810903061841202,0,1,0,1,0,0,1,0,0,0
0,0,0,0,-1.0862482513475678,1,0,0,0,0,0,0,0,1,0.1445505231721219,-0.8328344492002345,0,1,0,1,0,0,0,0,0,1
0,0,0,0,-0.8694530549077558,1,0,0,0,0,0,0,1,1,0.716736035884496,-0.5769938895328971,0,1,0,1,0,0,0,0,1,0
0,1,1,0,1.3895933373098266,1,1,0,1,1,0,1,1,1,0.7101293631092342,1.4883529905701367,0,0,0,0,0,1,1,0,0,0
0,0,1,1,-0.6051541295856687,1,1,0,1,1,0,1,1,1,1.328236840566526,-0.1494951154923474,0,1,0,1,0,0,0,0,0,0
1,0,0,0,-1.2297362947574917,1,0,0,0,1,0,1,1,0,1.0008805222525927,-0.9195731411805842,0,1,0,1,0,0,0,0,0,0
1,0,0,0,-1.2625706513429988,1,0,0,0,0,0,0,0,1,-0.6489905375668394,-0.9799164082395357,1,0,0,1,0,0,0,0,0,1
1,0,0,0,-0.910009143952712,1,1,0,0,0,0,0,0,1,0.33230403749663884,-0.66366405661339,0,1,0,1,0,0,1,0,0,0
0,0,1,1,-1.0488572387214934,1,0,0,1,1,0,0,0,0,-0.24249013680929804,-0.8324315875457997,1,0,0,1,0,0,0,0,0,1
0,0,0,0,1.1263033280170882,1,1,0,0,1,1,1,1,1,1.3659248792618677,1.8168509657645044,0,1,0,0,0,0,0,0,1,0
1,0,0,1,-1.1427822860505994,0,0,0,0,0,0,0,0,0,-1.2088914137453006,-0.9573140762089203,1,0,0,1,0,0,0,0,0,1
0,1,0,0,-1.2816237461508113,1,0,0,0,0,0,0,0,1,0.14906152155191724,-0.9799306821752867,0,1,0,1,0,0,0,0,1,0
1,0,0,0,-1.0209812905723679,1,1,0,0,0,0,0,1,1,0.7223811409086788,-0.7328562265876838,0,1,0,1,0,0,0,0,1,0
1,1,0,0,-1.2816237461508113,1,0,0,0,0,0,0,0,1,0.15665691685491123,-0.9798301861272342,0,1,0,1,0,0,0,0,1,0
1,0,0,0,-1.2816237461508113,1,0,0,0,0,0,0,0,0,-1.5047197739919576,-1.0018121614025504,0,0,1,1,0,0,0,0,0,1
0,0,0,0,0.8595847844862717,1,0,1,0,1,0,1,1,1,1.323208248495012,1.488286583707132,0,1,0,0,1,0,1,0,0,0
1,0,1,0,-1.0837029081571479,1,0,0,0,1,0,1,1,1,1.002754850663487,-0.750857365709243,0,1,0,1,0,0,0,0,1,0
0,0,0,0,-0.9500161794621065,1,1,0,0,0,0,0,0,0,0.6523655880390742,-0.6768896129056289,0,1,0,1,0,0,0,0,1,0
0,0,1,1,0.6759716663129959,1,1,0,0,1,1,0,1,1,1.4157293625260685,1.3095551293055359,0,1,0,0,0,1,1,0,0,0
1,1,1,0,0.4529837807832744,1,1,0,0,1,0,1,1,1,1.2497296897323902,0.9515746470493754,0,1,0,1,0,0,0,0,1,0
1,0,0,0,-1.129200018219829,0,0,0,0,0,0,0,0,1,-0.870230926041148,-0.9226477303804245,1,0,0,1,0,0,1,0,0,0
0,0,0,0,0.7545243907939685,1,1,1,1,0,1,1,1,1,1.5110774059032173,1.5087528459856216,0,1,0,0,0,0,0,0,0,0
1,0,0,0,0.3591928846291502,1,0,1,0,1,0,0,1,0,0.27913233755795,0.32093915135337947,1,0,0,0,1,0,0,1,0,0
1,0,0,0,-1.2816237461508113,1,0,0,0,0,0,0,0,0,0.19037673101277167,-0.979384033171562,0,1,0,1,0,0,0,0,0,1
0,0,1,0,-0.7125456878102114,1,1,0,1,0,0,1,1,1,1.1671314853734596,-0.37349262905573677,0,1,0,1,0,0,0,0,1,0
1,0,0,0,-0.08023338184157344,1,1,0,0,0,0,0,1,1,0.6585263554257051,0.10834404634345048,0,1,0,1,0,0,0,0,1,0
1,0,1,0,-0.44501208439011264,1,1,0,0,1,1,1,1,1,1.3641665856792724,0.0017468651063314855,0,1,0,1,0,0,0,0,1,0
0,0,1,1,0.018117567873740418,1,0,0,0,0,0,0,0,1,-1.3473433881957648,-0.6866237439993444,0,0,1,0,0,0,0,0,0,1
1,1,1,0,0.35493566276942967,1,1,0,1,0,0,1,1,1,1.266188818158195,0.8959320449786337,0,1,0,1,0,0,0,0,1,0
0,0,0,0,-0.8622049604900968,1,0,0,0,0,0,0,0,1,0.17042284588127185,-0.6764684089164974,0,1,0,1,0,0,0,0,1,0
1,0,0,0,-1.2750774659520319,0,0,0,0,0,0,0,0,1,-1.321965579059491,-0.9971840452502319,1,0,0,1,0,0,0,0,1,0
1,0,0,0,-1.2816237461508113,1,0,0,0,0,0,0,0,1,-1.5123848516862084,-1.0019135794309164,0,0,1,1,0,0,0,0,0,1
0,0,0,0,-1.162556011204876,1,0,0,0,0,0,0,0,1,-0.6513914211995958,-0.9256012695634132,1,0,0,1,0,0,0,0,0,1
1,0,0,0,-1.1536745750135229,1,0,0,0,0,0,0,0,1,-0.6463133893044659,-0.912923719813464,1,0,0,1,0,0,0,0,0,1
1,1,1,0,0.46313366913683346,1,0,0,0,0,0,0,1,1,0.6087030858600192,0.5587361073399895,0,1,0,1,0,0,0,0,1,0
1,0,0,0,-0.2882154494897265,1,1,0,0,0,1,0,0,1,0.5322271681578438,-0.11313977644811832,0,1,0,1,0,0,0,0,1,0
1,0,0,0,1.2957889280091057,1,0,0,1,0,1,1,1,1,1.3224519710134517,1.9428715739838185,0,1,0,0,1,0,1,0,0,0
0,0,1,0,-0.7208284085427015,1,0,0,0,0,0,1,1,0,0.7712634996206079,-0.4080793179277597,0,1,0,1,0,0,0,0,1,0
0,0,0,0,-0.36641525785687185,1,1,0,0,0,0,1,0,0,0.6576845293002815,-0.11698899378129443,0,1,0,0,0,0,0,0,1,0
0,0,0,0,-1.2523583479189637,1,0,0,1,0,1,0,0,0,0.7583020965772118,-0.9417557121911542,0,1,0,1,0,0,0,0,1,0
0,0,0,0,-0.9098778188713459,1,1,0,0,0,0,1,1,1,1.0676471322006975,-0.5684203858770835,0,1,0,1,0,0,1,0,0,0
0,1,0,0,-1.2563760761087233,1,0,1,0,1,0,0,0,0,-0.08479477629717311,-0.9753589390437559,1,0,0,1,0,0,0,0,0,0
1,0,0,0,-1.27354145056666,1,0,0,0,0,0,0,0,0,-0.6544163197736663,-0.9874973823738944,1,0,0,1,0,0,0,0,0,1
1,0,0,0,-1.265663288977418,1,0,0,0,0,0,1,0,1,0.6001577853052908,-0.9628928015268295,0,1,0,1,0,0,0,0,1,0
1,0,1,1,-1.0068287068535982,1,0,0,0,0,0,0,0,1,-0.47133756299142837,-0.8373446449582318,1,0,0,0,0,0,0,0,1,0
1,0,0,0,-1.2409180113122174,1,0,0,0,0,0,0,0,1,0.2617222045254538,-0.952671357168452,0,1,0,1,0,0,0,1,0,0
0,0,0,0,-0.7561569027322299,1,1,0,0,1,0,0,0,1,0.1974567161438447,-0.5811685340078919,1,0,0,0,1,0,0,0,0,1
1,0,0,0,-1.1477344420906648,1,0,0,0,1,0,1,1,0,1.03541883419682,-0.8268646291761249,0,1,0,1,0,0,0,0,0,0
1,0,0,0,-1.2409180113122174,1,0,1,0,0,0,0,0,1,-0.35429068573615896,-0.9621903254336122,1,0,0,1,0,0,0,0,0,1
0,0,0,0,-1.2585931922028863,1,0,0,0,0,0,0,0,1,-0.6169842877750096,-0.9811360145019365,1,0,0,1,0,0,0,1,0,0
1,0,0,0,-1.2816237461508113,1,0,0,0,0,0,0,0,0,-1.4845331765481558,-1.001545068883228,0,0,1,1,0,0,0,0,0,1
1,0,1,0,-0.39383827302751234,1,0,0,0,0,0,0,0,1,0.17316093754784626,-0.28455452377192625,0,1,0,1,0,0,1,0,0,0
0,0,0,0,0.2705807829802405,1,1,0,1,1,0,1,1,1,1.2844883612723508,0.7564250998105924,0,1,0,1,0,0,0,0,1,0
1,0,0,0,-1.1195805449119893,1,0,0,0,0,0,1,0,1,0.5202414879492757,-0.8285889085018666,0,1,0,1,0,0,0,0,1,0
0,0,0,0,-0.5614348558682509,1,1,0,0,0,1,1,0,1,0.7866395790575622,-0.2637155458346476,0,1,0,1,0,0,0,0,1,0
0,0,0,0,0.41269866118938797,1,1,0,0,1,1,0,0,1,0.7028074321222225,0.5869552370119002,0,1,0,1,0,0,0,0,1,0
0,0,0,0,-0.9976118368680955,1,0,1,0,0,0,1,1,1,1.0974887359218317,-0.6697055504727306,0,1,0,1,0,0,0,0,1,0
0,0,0,0,-1.2339114145835763,1,0,0,0,0,0,1,1,1,0.9702878747597364,-0.9192691581194873,0,1,0,1,0,0,0,0,1,0
1,0,0,0,-1.1876003165189706,1,0,0,0,0,0,0,0,0,-0.5032014541760457,-0.9397827378387088,1,0,0,1,0,0,0,1,0,0
1,0,0,0,1.0719564730485467,1,0,0,0,0,0,0,0,0,-1.512104474085818,-0.5282480284168989,0,0,1,0,0,1,0,0,0,0
1,1,0,0,-1.2283781455111227,1,1,0,0,0,0,1,1,1,0.9615857483331863,-0.9121643873771218,0,1,0,1,0,0,0,0,1,0
1,0,1,0,-0.9966836022806536,1,0,1,0,0,0,0,0,0,0.328648796870654,-0.7358708649153334,0,1,0,1,0,0,0,0,1,0
1,0,0,0,-1.1132063249140447,1,0,0,0,0,0,1,0,0,-0.3248661127807959,-0.8862393203802218,1,0,0,1,0,0,0,0,0,1
1,0,0,0,-1.2110195028350306,1,0,0,0,0,0,0,0,1,-0.4161141704735959,-0.945915119219154,1,0,0,1,0,0,0,1,0,0
1,0,0,0,1.0790505965161579,1,0,0,1,1,1,1,1,1,1.3876839321291474,1.7318562337593035,0,1,0,0,1,0,1,0,0,0
1,0,0,0,-1.2816237461508113,1,0,0,0,0,0,0,0,1,-1.5210944410425107,-1.0020288175818686,0,0,1,1,0,0,0,0,0,1
0,0,0,0,-1.2816237461508113,1,0,0,0,0,0,0,0,1,0.16023709654929263,-0.979782816122613,0,1,0,1,0,0,0,0,1,0
1,0,1,0,-1.1126179815925505,1,0,0,0,1,0,0,1,1,0.9621901978903,-0.7895224150878775,0,1,0,1,0,0,0,0,1,0
0,0,0,0,-1.0716425775165164,1,0,0,0,0,0,1,1,0,0.8089469559000633,-0.7504200551427316,0,1,0,1,0,0,0,0,1,0
0,0,1,1,-1.0391208369959468,1,0,0,1,0,0,0,1,0,0.6183915486769048,-0.7600585220256205,0,1,0,1,0,0,0,0,1,0
1,0,0,0,-0.4852511083213099,1,1,0,0,0,0,0,1,1,0.6745107487172649,-0.27289934645671216,0,1,0,1,0,0,0,0,1,0
0,0,1,0,-0.02868972591688495,1,1,0,1,0,1,0,0,0,-0.0995960257173573,-0.09185029736375687,1,0,0,1,0,0,0,0,1,0
0,0,0,0,-1.2816237461508113,1,0,0,0,0,0,0,0,0,-1.4706049884619612,-1.001360782509266,0,0,1,1,0,0,0,0,0,1
1,0,0,0,-0.26547182026645644,1,1,0,0,0,0,0,1,1,0.6321855175821655,-0.024078270975657,0,1,0,1,0,0,0,0,1,0
0,0,1,1,0.38228772665745947,1,1,0,0,0,0,1,1,1,0.9732797172378667,0.8224663258285257,0,1,0,1,0,0,0,0,1,0
1,1,1,0,-0.019745966154397852,1,1,0,0,0,0,0,0,1,0.5708278743518282,0.10737457906654471,0,1,0,1,0,0,0,0,1,0
0,0,0,0,-0.39805504551658866,1,1,1,0,0,0,1,0,1,0.9437216216317111,-0.038746405776727,0,1,0,1,0,0,1,0,0,0
1,0,1,0,1.2114144148461643,1,1,0,1,1,0,1,1,1,1.3034908008537422,1.8354161614102402,0,1,0,1,0,0,0,0,1,0
1,0,1,0,-1.0357788303655044,1,0,0,0,0,0,0,0,1,0.14851055468608787,-0.810725361332225,0,1,0,1,0,0,0,0,1,0
1,0,0,0,-1.2129075580874318,1,0,0,0,0,0,1,0,1,0.5003809988086391,-0.9117930140232567,0,1,0,1,0,0,0,0,1,0
0,0,0,0,-1.2547568158523679,1,0,0,0,0,0,0,0,1,0.18695768387665704,-0.9589266166404329,0,1,0,1,0,0,0,0,1,0
1,0,0,0,0.9154189467112854,1,1,0,1,0,0,0,1,1,0.9977845786299159,1.2189046047772865,0,1,0,1,0,0,0,0,1,0
1,0,0,0,-1.2589424348453901,0,0,0,0,0,0,0,0,1,-1.3218885669225813,-0.9917357456999609,1,0,0,1,0,0,0,0,1,0
0,0,0,0,-1.2214646206514663,1,0,0,0,0,0,0,1,0,0.651827785429721,-0.9128024950086904,0,1,0,1,0,0,0,0,1,0
0,0,1,1,-1.132778614842378,1,0,0,0,0,0,0,1,1,0.646315563656092,-0.8363965066936486,0,1,0,1,0,0,0,0,1,0
0,0,0,0,-0.9223084832386708,1,0,1,1,0,0,1,0,1,0.27204189096645176,-0.6845125249930812,1,0,0,1,0,0,0,0,1,0
1,0,0,0,0.8429529163120738,1,0,0,0,0,0,0,0,0,-1.4876700437825967,-0.5405849836952108,0,0,1,0,0,1,0,0,0,0
0,0,0,0,-1.2740633449710108,1,0,0,0,0,0,0,1,0,0.46822222978550754,-0.9692900239899181,0,1,0,1,0,0,0,0,1,0
1,0,0,0,-1.2361339967723413,1,0,0,0,0,0,1,1,1,0.830451635651435,-0.9247604960831397,0,1,0,1,0,0,0,0,1,0
1,0,0,0,-1.2758134553225908,1,1,0,0,0,0,0,0,1,0.32965695660577604,-0.9726795237891646,0,1,0,1,0,0,0,0,1,0
0,0,0,0,-0.815798557392058,0,0,0,0,0,0,0,0,1,-1.1377934921299941,-0.8650216462719248,1,0,0,1,0,0,0,0,1,0
0,0,0,0,-1.2446776144790717,1,0,0,0,0,0,0,0,1,-0.527904822083066,-0.9661131434892251,1,0,0,1,0,0,0,0,1,0
0,0,0,0,-0.9550312936479126,1,1,0,0,0,0,0,0,0,0.6541489101582436,-0.6808392541509227,0,1,0,1,0,0,0,0,1,0
0,0,0,0,-1.2816237461508113,1,0,0,0,0,0,0,0,0,0.17701072616605065,-0.9795608811974726,0,1,0,1,0,0,0,0,0,1
1,1,0,0,-0.43726811032511753,1,1,0,1,0,0,1,1,1,1.2441629465206303,-0.018422379020616747,0,1,0,1,0,0,0,1,0,0
1,0,1,0,-0.4675090493789317,1,1,0,0,1,1,1,1,1,1.3715699000545603,-0.021612751981063154,0,1,0,1,0,0,0,0,1,0
1,0,0,0,-1.2816237461508113,0,0,0,0,0,0,0,0,1,-1.1309319273262464,-0.996866506844564,1,0,0,1,0,0,0,0,1,0
0,1,0,0,1.3236668629022224,1,0,1,1,0,1,1,0,0,0.3279861642900938,1.1053282730914467,1,0,0,0,0,1,0,1,0,0
1,1,1,0,-0.019745966154397852,1,0,0,0,0,0,0,1,1,0.5485016881119033,0.09700957515062876,0,1,0,1,0,0,0,0,0,0
1,0,0,1,-1.217018891100406,1,0,0,0,0,0,0,0,1,-0.5934795644758418,-0.9583977445655067,1,0,0,1,0,0,0,0,1,0
0,0,0,0,0.27895623173818135,0,0,0,0,0,0,1,1,1,-0.41388573376197696,-0.1127514367783375,1,0,0,1,0,0,0,0,1,0
1,0,0,0,1.3948262357114631,1,1,0,1,1,1,1,1,0,1.6575597865941951,2.358306470609322,0,1,0,0,0,0,0,1,0,0
1,1,1,1,0.3666436085139981,1,1,0,1,1,1,1,1,1,1.5504899002533805,0.9972041283168435,0,1,0,0,0,0,0,0,0,0
1,0,0,0,-0.9324543850431539,1,1,0,0,0,0,1,1,1,1.0115453736373543,-0.6288178928167115,0,1,0,1,0,0,0,0,1,0
0,1,0,0,0.8697686674652216,1,1,0,0,1,0,1,1,1,1.187709021019491,1.3675289128508394,0,1,0,0,1,0,0,0,1,0
0,0,0,0,-0.70431091065933,1,0,0,1,1,0,0,1,1,1.1564517763086037,-0.3612590547792099,0,1,0,1,0,0,0,0,0,0
1,0,0,0,-1.2519551410859686,0,0,0,0,0,0,0,0,1,-1.0659090241843194,-0.9877606016405619,1,0,0,1,0,0,1,0,0,0
0,0,0,0,-0.8836202522492176,1,1,0,0,0,0,0,0,1,0.37904500442992306,-0.6504789091102965,0,1,0,1,0,0,0,0,1,0
0,1,0,0,-1.1188008067964355,1,0,0,0,0,0,0,0,1,0.6574111226184483,-0.8282537284117669,0,1,0,1,0,0,0,0,0,1
0,0,0,0,-1.2383846334873103,1,0,1,1,0,0,0,0,0,-0.19003007859490134,-0.9533701722059875,1,0,0,1,0,0,0,0,1,0
1,0,0,0,-1.2816237461508113,1,0,0,0,0,0,0,0,0,-1.489259938638013,-1.0016076095267579,0,0,1,1,0,0,0,0,0,1
0,0,0,0,-1.1378179128117392,1,0,0,0,0,0,0,0,0,-1.4902525107001048,-0.9712190209300303,0,0,1,1,0,0,1,0,0,0
1,1,0,0,-0.2719256250476992,1,1,0,1,0,0,0,0,1,0.6969202597227837,-0.034328154186612225,0,1,0,1,0,0,0,0,1,0
1,0,0,0,-1.2816237461508113,1,0,0,0,0,0,0,0,0,0.15292745763609578,-0.9798795312762242,0,1,0,1,0,0,0,0,0,1
1,0,0,0,-1.1722601146687595,0,0,0,0,0,0,0,0,0,-1.3197666352170732,-0.9689703898015529,1,0,0,1,0,0,1,0,0,0
1,0,0,0,-1.2816237461508113,1,0,0,0,0,0,0,0,0,-1.5037545500287433,-1.001799390349838,0,0,1,1,0,0,0,0,0,1
1,0,0,0,0.2684675291668761,1,0,0,1,1,0,1,1,1,1.2807874683660583,0.7824032527114002,0,1,0,0,1,0,0,0,0,0
0,0,1,0,1.3546515525301495,1,1,0,1,1,0,1,1,0,1.3346565327439757,2.058259519631655,0,1,0,0,1,0,0,0,1,0
0,1,0,0,-1.2223263329742597,0,0,0,0,0,0,0,0,1,-1.04106208978203,-0.977369172323119,1,0,0,1,0,0,0,0,0,1
1,0,0,0,-1.1729989596322103,1,1,0,0,0,0,0,0,1,0.5996683520735016,-0.88568966154492,0,1,0,1,0,0,0,0,0,1
1,0,0,0,-1.2590769465966714,1,0,0,0,0,0,1,1,1,0.8372971749835689,-0.9479481867228955,0,1,0,1,0,0,0,0,1,0
0,0,1,1,-0.8638551300581752,1,0,0,1,0,0,0,1,1,0.7510489191213205,-0.5896457314035692,0,1,0,1,0,0,0,1,0,0
1,0,0,0,-1.2584197521748077,1,0,0,0,0,0,0,0,1,-0.6492351948358801,-0.9771405846909974,1,0,0,1,0,0,0,0,1,0
1,0,0,0,-0.5150961224348025,1,1,0,0,0,0,1,0,1,0.7043025627245315,-0.25439564445843266,0,1,0,1,0,0,0,0,1,0
0,1,0,0,0.5583419653569663,1,1,0,1,1,1,1,1,0,1.7149514842330404,1.2836986951119973,0,1,0,1,0,0,0,0,1,0
0,0,0,0,-0.28653281834972805,1,1,0,0,0,0,1,0,1,0.8006862800923884,-0.014527421267547136,0,1,0,1,0,0,0,0,1,0
0,0,0,0,-1.224406330082002,1,0,0,0,0,0,0,0,1,-0.2954002976964384,-0.9461901231417623,1,0,0,1,0,0,1,0,0,0
1,1,0,0,-1.176134505248018,1,1,0,0,0,0,1,1,1,0.9669130358684697,-0.8675906640170234,0,1,0,1,0,0,0,0,1,0
0,0,0,0,-1.219688291628807,1,0,0,0,0,0,0,0,0,0.18315056070514474,-0.9325829699241626,0,1,0,1,0,0,0,0,1,0
0,1,0,0,0.10239481928434067,1,1,0,0,0,1,1,1,1,1.1861394088975323,0.5180436375134834,0,1,0,1,0,0,0,0,1,0
0,0,0,0,-1.2816237461508113,1,0,0,0,0,0,0,0,1,0.1476290051334757,-0.9799496360589335,0,1,0,1,0,0,0,0,1,0
0,0,0,0,-0.9398202770367635,1,1,0,1,1,1,1,1,1,1.5495652191246305,-0.538678339485827,0,1,0,1,0,0,0,0,0,0
0,0,0,0,-0.30468611002455576,1,0,0,1,0,0,1,1,1,1.1512476355013412,0.03108760835812049,0,1,0,1,0,0,0,0,1,0
0,0,0,0,-1.276878146431279,1,1,0,0,0,0,0,0,1,-0.2002038427034793,-0.9816265583015249,1,0,0,1,0,0,0,0,1,0
0,1,0,0,0.8019718588276236,1,1,0,1,0,0,0,0,1,0.6120964796037405,0.9078020668012989,0,1,0,1,0,0,0,0,1,0
0,0,0,0,-1.2816237461508113,1,0,0,0,0,0,0,0,1,0.14266645793574662,-0.9800152964178419,0,1,0,1,0,0,0,0,1,0
0,1,1,0,0.7598795482703244,0,0,0,0,0,0,1,0,1,-0.7296702151410146,-0.022022517415959078,1,0,0,1,0,0,0,0,1,0
0,0,1,1,-0.9042002425605786,1,0,1,1,0,0,0,0,0,-0.2531309945960735,-0.7261262377995972,1,0,0,1,0,0,0,0,0,0
0,0,0,0,0.22351085658779965,1,1,0,1,0,0,1,1,1,1.2295255838944195,0.686604313449338,0,1,0,1,0,0,0,0,1,0
0,0,0,0,-1.2816237461508113,1,0,0,0,0,0,0,0,0,-0.6560282634306697,-0.9905829706330451,1,0,0,1,0,0,0,0,1,0
1,0,0,0,-0.8454180008012875,1,1,0,0,0,0,0,0,0,-0.38405964315384583,-0.7310846422386837,1,0,0,1,0,0,0,0,1,0
0,0,0,0,-0.2151034976031139,1,1,1,1,0,0,0,0,0,-0.14428432125451418,-0.2653968390433861,1,0,0,1,0,0,0,0,1,0
0,0,1,0,1.3119359418250514,1,1,0,0,0,0,1,0,1,1.1337912086304285,1.8286738036824413,0,1,0,0,1,0,0,0,1,0
0,1,0,0,0.6032488170662407,1,1,0,1,0,0,1,0,1,0.975885983793984,0.9612235758245411,0,1,0,1,0,0,0,0,1,0
0,0,0,0,0.9404392585883128,1,0,0,0,1,1,0,0,0,-0.20591145178726214,0.47311250123088244,1,0,0,0,0,1,0,1,0,0
0,0,0,0,-1.1462041229917264,1,1,0,0,0,0,0,0,0,0.34794253108011525,-0.85112560776807,0,1,0,1,0,0,0,0,1,0
0,0,0,0,-1.1179206605888912,1,0,0,0,0,0,1,0,1,0.5330095168070156,-0.8387034212892325,0,1,0,1,0,0,0,0,0,0
1,0,0,0,-1.1121749625827821,1,0,0,0,0,0,0,0,0,0.19016639427840157,-0.850199142056951,0,1,0,1,0,0,0,0,0,1
1,0,0,0,-1.2816237461508113,1,0,0,0,0,0,0,0,0,-1.493906633344375,-1.0016690907842656,0,0,1,1,0,0,0,0,0,1
0,0,1,0,-0.4808901523924737,1,0,0,0,0,0,0,0,1,0.2643772062937158,-0.33294982408355556,0,1,0,1,0,0,0,0,1,0
1,1,1,1,0.39356845458509493,1,1,0,1,1,1,1,1,1,1.5373203337655164,1.019420864913076,0,1,0,0,0,0,0,0,0,0
1,0,0,0,-1.2816237461508113,1,0,0,0,0,0,0,0,0,-1.4789619596907986,-1.0014713551060412,0,0,1,1,0,0,0,0,0,1
1,1,0,0,-0.8076513509818533,1,1,0,0,0,0,1,1,1,1.006519879703793,-0.4862437467263596,0,1,0,1,0,0,0,0,1,0
0,0,0,0,1.1247605169064934,1,0,0,1,1,0,1,1,0,1.3554037530275953,1.8006765106465343,0,1,0,1,0,0,0,0,1,0
1,0,0,0,1.4194424264369259,1,1,0,1,1,1,1,1,0,1.4491356298929836,2.1183207564424547,0,1,0,0,0,0,0,0,1,0
0,0,0,0,-1.1649801750487427,1,0,0,0,0,0,0,0,0,-0.6393309717860247,-0.9297776567703578,1,0,0,1,0,0,0,0,0,1
0,0,0,0,-1.2816237461508113,1,0,0,0,0,0,0,0,0,0.19487411484201647,-0.979324527473256,0,1,0,1,0,0,0,0,0,1
0,0,1,1,-0.9080210911875419,1,0,0,1,1,0,0,0,0,-0.26886395374904337,-0.7421810813271962,1,0,0,1,0,0,0,0,0,1
1,0,0,1,-1.2816237461508113,1,0,0,0,0,0,0,0,1,0.34469710251482333,-0.9773421924442152,0,1,0,1,0,0,0,0,1,0
0,0,1,0,-1.2399472982416102,1,1,0,1,0,0,1,0,1,0.8637137426101129,-0.929455601920822,0,1,0,1,0,0,0,0,1,0
1,0,0,0,-0.9553419681215727,1,0,0,0,0,0,0,0,0,-0.5666472977236952,-0.8079880142774738,1,0,0,1,0,0,0,0,0,1
1,0,0,0,-1.2816237461508113,1,0,0,0,0,0,1,0,1,0.49533390614735334,-0.9753490896691215,0,1,0,1,0,0,0,0,1,0
1,0,0,0,-1.1468916515496548,1,0,0,0,0,0,1,0,1,0.516266010846552,-0.8533816392129207,0,1,0,1,0,0,0,0,1,0
0,0,0,0,-1.0178348906971784,1,0,0,0,0,0,0,0,1,-0.6044780214500224,-0.854826896642159,1,0,0,1,0,0,0,0,1,0
0,0,0,0,-1.1549911700956468,1,0,0,1,0,1,0,0,1,0.7798571315404896,-0.8441376989948902,0,1,0,1,0,0,0,0,1,0
0,0,0,0,-0.9077394218237713,1,1,0,1,1,0,0,0,1,0.9715647683467343,-0.5889439639686336,0,1,0,1,0,0,0,0,1,0
0,0,0,0,-0.9781128039086393,1,1,0,0,0,0,0,0,1,0.35172738066968245,-0.7218276781637145,0,1,0,1,0,0,0,0,1,0
1,0,0,0,-1.1968677318020624,1,0,0,0,1,0,0,0,1,-0.5225987597562842,-0.9344134043059714,1,0,0,1,0,0,0,0,1,0
1,1,1,0,1.5149272309726136,1,1,0,0,0,0,1,1,1,1.2894689264162167,2.226543663235483,0,1,0,1,0,0,0,1,0,0
0,1,1,0,-0.33553247066153813,1,1,0,0,0,0,1,1,1,0.9493623211373985,-0.007497432099004442,0,1,0,1,0,0,0,0,1,0
0,0,1,1,0.7249126007731677,1,1,0,0,1,1,0,1,1,1.2601314149566811,1.2562477219008834,0,1,0,0,0,1,1,0,0,0
0,1,0,0,-0.2532989451761204,1,1,0,1,1,0,1,1,1,1.370709426011974,0.27164075460926457,0,1,0,1,0,0,0,0,1,0
0,0,1,0,0.6397438492393585,1,1,0,1,1,0,1,1,0,1.7220827418849587,1.3816884975638313,0,1,0,1,0,0,0,0,1,0
0,0,1,1,-1.2773280489605652,0,0,1,0,0,0,0,0,0,-1.143908432657359,-0.9956018490942818,1,0,0,1,0,0,0,0,0,0
1,0,0,0,-1.2283811031635103,1,0,0,0,0,0,1,0,1,0.49048772371974636,-0.9337607740177245,0,1,0,1,0,0,0,0,1,0
1,0,0,0,-0.8235854757445087,1,1,0,0,0,0,1,1,1,0.9757480090587435,-0.4998874666813393,0,1,0,1,0,0,0,0,1,0
1,0,0,0,-1.2816237461508113,1,0,0,0,0,0,0,0,0,0.16620678289957305,-0.9797038301235459,0,1,0,1,0,0,0,0,1,0
0,0,0,0,0.13305006669831784,1,1,0,0,1,0,1,1,1,1.237495636967731,0.5749408351511097,0,1,0,1,0,0,0,1,0,0
0,0,0,0,-0.08010651759053061,1,0,0,0,0,0,1,0,1,0.5269252019270748,0.10796937764098052,0,1,0,1,0,0,0,0,1,0
0,1,1,0,-1.0437094523340453,1,1,0,0,0,0,0,1,1,0.639519986749354,-0.7762186295141612,0,1,0,1,0,0,0,0,1,0
1,0,0,0,-1.0990365943253204,1,0,0,0,0,0,0,0,1,-0.6498130528162235,-0.8798621779675926,1,0,0,1,0,0,0,0,0,1
1,0,0,0,-1.2672588735980121,1,0,0,0,0,0,0,0,1,-0.694437144838822,-0.9818024306259122,1,0,0,1,0,0,0,0,1,0
0,0,1,1,-0.8181374440674138,1,0,0,1,0,1,0,1,1,0.8768225645458945,-0.5383920678414612,0,1,0,1,0,0,0,0,0,0
0,0,0,0,-1.0484529613779985,1,0,0,1,1,0,0,0,1,0.5367988027424071,-0.7875055609898064,0,1,0,1,0,0,0,0,1,0
0,0,0,0,-0.9195427607716947,1,0,0,0,1,0,1,1,0,1.0662261487896734,-0.6082080181524628,0,1,0,0,0,0,0,0,0,1
1,0,0,0,0.15474822914864997,1,1,0,1,1,0,1,1,1,1.331741344925244,0.6803184002510017,0,1,0,1,0,0,0,0,1,0
0,0,1,0,1.1493226016650055,1,1,0,1,1,0,1,1,1,1.4431625897955873,1.8192250235182756,0,1,0,0,0,1,1,0,0,0
0,0,0,0,-1.1073301412499523,1,0,0,1,0,0,1,0,1,0.7656537591428244,-0.8045707081591276,0,1,0,1,0,0,1,0,0,0
1,0,1,0,-0.30284226770498274,1,1,1,0,0,0,0,0,1,0.5007650879030966,-0.16851200078408263,0,1,0,1,0,0,0,0,1,0
1,0,0,0,-1.2816237461508113,1,0,0,0,0,0,0,0,0,-1.4724297703459037,-1.0013849265281853,0,0,1,1,0,0,0,0,0,1
1,0,0,0,0.2217768808980053,1,1,0,0,0,0,1,1,0,1.0751449406415237,0.5736452522273006,0,1,0,1,0,0,1,0,0,0
0,0,0,0,-1.2816237461508113,1,0,0,0,0,0,1,0,0,0.4662413673502253,-0.9757340183081579,0,1,0,1,0,0,0,0,1,0
1,0,0,0,0.8896567991112536,1,0,0,1,1,0,1,1,1,1.2668429207177727,1.4646320112700058,0,1,0,0,1,0,1,0,0,0
1,0,1,0,-0.8072039280406296,1,1,0,0,0,0,0,1,1,0.6731894270765277,-0.5359614325151231,0,1,0,1,0,0,0,0,1,0
0,0,0,0,-1.2002122764736234,1,1,0,0,0,0,0,0,1,0.3288678918266381,-0.9120551934874542,0,1,0,1,0,0,0,0,1,0
0,0,0,0,-0.6710377235719016,1,0,0,1,1,0,0,1,1,1.0024815389905548,-0.32587304729257865,0,1,0,1,0,0,0,1,0,0
0,0,0,0,-0.905721153713573,1,1,0,0,0,0,0,1,1,0.6397246392299842,-0.609796723183454,0,1,0,1,0,0,0,0,1,0
0,0,1,1,0.9478022481245301,1,1,1,1,1,0,0,1,0,0.3446239647540928,0.8087005504987632,1,0,0,0,0,0,0,1,0,0
0,0,0,0,0.590840056424512,1,1,0,1,1,0,0,0,1,0.6394273492496791,0.7550757087425047,0,1,0,1,0,0,1,0,0,0
1,1,1,0,-0.9152721326034655,1,1,0,0,0,0,0,1,0,0.7825033046416376,-0.6173099779909698,0,1,0,1,0,0,0,0,1,0
0,1,1,0,-1.276132939680371,1,0,0,0,0,0,0,0,1,0.1775922399477773,-0.9752993840835811,0,1,0,1,0,0,0,0,1,0
0,0,1,1,-1.1739949866406165,1,0,0,0,0,0,0,0,0,-1.4828638412126434,-0.9798528919158053,0,0,1,1,0,0,0,0,0,1
1,0,0,0,0.297809577293736,1,1,0,0,0,1,1,1,0,1.3098381152074707,0.784658658090386,0,1,0,1,0,0,1,0,0,0
1,0,0,0,-1.2002122764736234,1,1,0,0,0,0,0,0,1,0.34099992600188395,-0.9097849333209501,0,1,0,1,0,0,0,0,1,0
0,0,0,1,-1.1595065416350294,1,1,0,1,0,0,1,1,1,1.1618693993071962,-0.8462495271854498,0,1,0,1,0,0,0,0,1,0
0,0,0,0,-0.9652837449206579,1,0,0,0,0,0,0,0,1,0.3044491501457771,-0.7368084928479921,0,1,0,1,0,0,0,1,0,0
1,0,0,0,-1.202199026363114,0,0,0,0,0,0,0,0,0,-1.237463096778513,-0.9716010875471272,1,0,0,1,0,0,1,0,0,0
0,0,0,0,-0.6441501972403969,0,0,0,0,1,0,1,1,1,-0.4416064064131633,-0.6332851251839575,1,0,0,1,0,0,0,0,0,0
1,0,0,0,-1.1870872160511183,0,0,1,1,0,0,0,0,1,-0.9365206893851732,-0.955559184202278,1,0,0,1,0,0,0,0,0,1
0,0,1,0,0.2676993054765099,1,1,1,0,1,1,0,1,1,1.255206875408581,0.8003417359453242,0,1,0,0,1,0,0,0,0,0
1,0,0,0,0.2604968836557576,1,1,0,0,0,0,0,0,0,0.3424074717623984,0.30891875741837505,0,1,0,1,0,0,0,0,1,0
1,0,1,0,-0.39885612336168075,1,1,0,0,1,0,1,1,1,1.2719574540698944,0.01245932895980885,0,1,0,1,0,0,0,0,1,0
0,1,0,0,-0.15334112093419555,1,0,0,1,0,0,1,1,1,1.1128679911029136,0.27686575054396434,0,1,0,1,0,0,0,0,1,0
1,0,1,0,1.3743051675073175,1,0,0,1,0,0,0,1,0,0.8738553899903586,1.6353112371761782,0,1,0,0,1,0,0,1,0,0
1,0,0,0,-0.7493420826112187,1,0,0,0,0,0,1,1,0,0.8993794712330577,-0.43649364083741593,0,1,0,1,0,0,0,0,1,0
1,0,0,0,-1.0279164218325947,1,1,0,0,0,0,1,1,1,1.1405079305483887,-0.7068535177069271,0,1,0,1,0,0,0,0,1,0
1,0,0,0,-1.2816237461508113,1,0,0,0,0,0,0,0,0,-1.4865996703315207,-1.0015724110359754,0,0,1,1,0,0,0,0,0,1
0,0,0,0,-0.8752060693142303,1,1,0,0,0,0,0,0,1,0.49132525311631103,-0.6185613680892276,0,1,0,1,0,0,1,0,0,0
1,0,1,1,-0.5495175420330781,1,0,0,0,0,0,0,0,1,0.16690044457906877,-0.4122922962600297,0,1,0,1,0,0,0,0,1,0
0,1,0,0,0.5846509234708674,1,1,0,1,1,1,1,1,0,1.7249601786615905,1.3174382174908719,0,1,0,1,0,0,0,0,1,0
0,1,0,0,-0.29024916152822255,1,1,0,1,0,0,0,1,1,0.8843334714544405,-0.0017327997624004415,0,1,0,1,0,0,0,0,1,0
0,0,0,0,-1.0108495994313114,1,1,0,0,0,0,0,0,1,0.38997904766605657,-0.7538541468200302,0,1,0,1,0,0,0,0,1,0
1,0,0,0,-1.2487980101387621,1,0,0,0,0,0,0,0,1,-1.48964999655793,-0.9948236197847725,0,0,1,1,0,0,0,0,0,1
0,0,1,1,1.4388888452365762,1,1,0,0,0,0,0,0,0,0.6239169324334262,1.5029993490762263,0,1,0,0,1,0,0,0,1,0
0,0,0,0,-0.5519064891938226,1,1,0,1,0,0,0,0,1,0.5124216001079143,-0.3546312942142679,0,1,0,1,0,0,0,0,1,0
0,0,0,0,-1.1437058380667837,1,1,0,0,0,0,1,0,1,0.7539002715690518,-0.8463762907526444,0,1,0,1,0,0,0,0,1,0
1,0,0,0,1.2882396179181073,1,1,1,0,1,0,1,1,1,1.4332873238754782,2.0375357745644584,0,1,0,0,0,1,0,1,0,0
0,0,0,0,-0.37052357462138413,1,0,0,0,0,0,1,0,1,0.4703535963056476,-0.16521259033224084,0,1,0,1,0,0,0,0,1,0
1,1,1,0,1.017054680032043,1,1,0,0,1,0,1,1,1,1.138702554817724,1.5264483302694758,0,1,0,1,0,0,0,0,1,0
1,0,0,0,-1.2671773751519764,1,0,0,0,0,0,0,0,0,-0.6529462938523357,-0.9847924191052454,1,0,0,1,0,0,0,0,1,0
0,1,0,0,-0.5091889861242491,1,0,0,0,1,0,0,1,0,0.7247714838478013,-0.2175766156567263,0,1,0,1,0,0,0,1,0,0
0,0,0,0,-0.7117434584104956,1,0,0,0,0,0,0,0,0,-1.502995711753401,-0.8810178389739587,0,0,1,1,0,0,1,0,0,0
1,0,0,0,-0.6668823963344213,1,0,0,0,0,0,0,0,1,-0.6009976919533913,-0.6787986293542442,1,0,0,1,0,0,1,0,0,0
1,0,0,0,-0.967393080811116,1,1,0,0,0,0,0,0,0,-0.36165938154503896,-0.8018333627374857,1,0,0,1,0,0,0,0,1,0
1,1,1,0,-0.06801392881367252,1,1,0,0,1,0,1,1,1,1.242403998026275,0.40082326108539335,0,1,0,1,0,0,0,0,1,0
0,0,1,0,-0.6488041892135141,0,0,0,0,0,0,0,0,1,-1.3493001109119154,-0.8350953898835431,1,0,0,1,0,0,0,0,1,0
1,0,0,0,0.9763411991777032,1,0,0,0,0,0,0,0,0,-1.3502204502961548,-0.4433827850440059,0,0,1,0,0,1,0,0,0,0
0,0,1,1,-0.2850697538859344,1,0,0,0,0,0,1,1,1,0.9103223039843643,0.024241972801394788,0,1,0,1,0,0,0,0,1,0
0,0,0,0,-1.1168517992011748,0,0,0,1,0,0,0,0,1,-1.0422217888387404,-0.9366641806109024,1,0,0,1,0,0,0,0,1,0
0,0,0,0,-1.1122213659485434,1,1,0,1,0,0,1,0,1,0.8567912259013446,-0.8102230080446138,0,1,0,1,0,0,0,0,1,0
1,0,0,0,-1.1051070999754073,1,1,0,0,0,0,1,1,0,1.249007731488193,-0.7640962867972796,0,1,0,1,0,0,0,0,0,1
0,1,0,0,-1.2717998416635665,1,0,0,0,0,0,1,0,1,0.504162794700187,-0.9681275277173584,0,1,0,1,0,0,0,0,1,0
0,0,0,0,-0.9425906280480552,1,1,0,0,1,0,1,1,1,1.1683023541087967,-0.5900200406603123,0,1,0,1,0,0,0,0,1,0
0,0,0,0,0.881843519322729,1,1,0,1,1,0,1,1,1,1.3417162775574953,1.3695263709687886,0,1,0,0,0,0,1,0,0,0
0,0,0,0,0.22310517976836308,1,1,0,0,0,0,1,0,1,0.7628350937593286,0.46215315639829807,0,1,0,1,0,0,0,1,0,0
0,0,0,0,-0.05442281033041524,0,0,0,0,0,0,0,0,0,-1.2905129433024054,-0.6666942479202599,1,0,0,1,0,0,0,1,0,0
0,0,1,1,-0.6013497559348636,1,1,0,0,1,0,1,0,0,0.772729408894168,-0.34310959473282393,0,1,0,1,0,0,0,0,1,0
0,0,0,0,0.46937357223054366,0,0,0,0,0,1,0,0,0,-0.5394462680625968,-0.07414977795101621,1,0,0,0,0,0,0,1,0,0
0,0,0,0,0.1301695659823934,1,1,0,0,1,0,1,1,1,1.1948938056959533,0.5841751301499278,0,1,0,1,0,0,0,0,1,0
0,0,0,0,-1.1621807409437142,0,0,0,1,0,0,1,1,1,-0.5390759008548667,-0.9234771387282623,1,0,0,1,0,0,0,0,1,0
0,0,0,0,-1.2816237461508113,1,0,0,0,0,0,0,0,0,-0.6592810854153323,-0.9906260093086422,1,0,0,1,0,0,0,0,1,0
1,0,0,0,-0.5302633478325642,1,1,0,1,0,0,0,0,1,0.5059186950755723,-0.3283710216791099,0,1,0,1,0,0,0,0,1,0
0,0,0,0,-1.2816237461508113,1,0,0,0,0,0,0,0,1,0.1812038361117171,-0.979505401401915,0,1,0,1,0,0,0,0,0,1
1,1,1,0,-0.0033329810359155783,1,1,0,0,0,0,0,1,1,0.7931043163162519,0.23165501724013224,0,1,0,1,0,0,0,0,1,0
0,0,0,0,1.0986856662946152,1,1,0,1,1,0,1,0,1,1.300338339861109,1.6942967623931038,0,1,0,1,0,0,0,1,0,0
0,0,0,0,-1.2816237461508113,1,0,0,0,0,0,0,0,1,-0.48108257208218586,-0.9882682325709712,1,0,0,1,0,0,0,0,1,0
0,1,0,0,-1.189712903759566,1,0,0,0,0,0,1,1,1,0.8836140079196855,-0.8798773470678993,0,1,0,1,0,0,0,0,1,0
0,0,0,0,-1.2816237461508113,1,0,0,0,0,0,1,0,1,0.6069950751984083,-0.9738716805596666,0,1,0,1,0,0,0,0,1,0
1,0,0,0,-1.2002122764736234,1,0,0,0,0,0,1,0,1,0.46277566745890286,-0.9019148991950174,0,1,0,1,0,0,0,0,1,0
0,0,0,0,-0.7931549280876836,1,0,0,1,1,0,0,0,1,0.5303748873634784,-0.5906666815569684,0,1,0,1,0,0,0,0,1,0
0,0,0,0,-0.8060963521373644,1,0,0,0,0,0,0,0,1,0.25001805086734774,-0.6428282693974657,0,1,0,1,0,0,0,1,0,0
0,0,0,1,-1.1595065416350294,1,1,0,1,1,0,0,0,0,0.6386283983370546,-0.8611502494590003,0,1,0,1,0,0,1,0,0,0
0,1,0,0,-0.6434543882370773,1,1,0,0,0,0,1,1,1,0.9872855872765876,-0.30602152377611547,0,1,0,1,0,0,0,0,1,0
1,1,1,0,0.46595504696594026,1,1,0,1,0,0,0,1,0,1.1404891218158146,0.9271817937842255,0,1,0,1,0,0,0,0,0,0
1,0,1,0,-1.0948735591111205,0,0,0,0,0,0,1,0,0,-0.8849547949040256,-0.9247228568565014,1,0,0,1,0,0,0,0,0,1
1,0,0,0,-1.173619895713155,1,0,0,0,0,0,0,0,1,-0.6450358546993507,-0.9249926697752731,1,0,0,1,0,0,0,0,0,1
1,0,0,0,-1.2201729195149873,1,0,0,0,1,0,1,1,1,1.022794707156711,-0.9033739942185174,0,1,0,1,0,0,0,0,1,0
1,1,0,0,-1.2206603356824817,1,0,0,0,0,0,1,0,1,0.49009101088980317,-0.91590935203535,0,1,0,1,0,0,0,0,1,0
0,0,0,0,-0.7154278860180654,1,0,0,1,0,1,0,0,0,-0.30216867635867206,-0.658781448988864,1,0,0,1,0,0,0,0,0,1
1,1,1,0,-0.4044990841061265,1,0,0,0,0,0,0,0,1,0.30531631009752896,-0.29551416551264764,0,1,0,1,0,0,0,0,1,0
1,0,0,0,-0.5732897439038861,1,0,0,1,0,1,0,0,1,-0.2656783567227137,-0.5437790974661438,1,0,0,0,0,0,0,1,0,0
1,0,0,0,-1.1686158934989619,1,0,0,0,0,0,1,1,1,0.8394154943055547,-0.8660237742964101,0,1,0,1,0,0,0,0,1,0
0,0,0,0,-1.2816237461508113,1,0,0,0,0,0,0,0,0,-1.4800851456059154,-1.0014862161818898,0,0,1,1,0,0,0,0,0,1
0,1,0,0,-1.2816237461508113,1,0,0,0,0,0,0,0,1,0.17893858186759337,-0.9795353733902431,0,1,0,1,0,0,0,0,1,0
1,1,1,0,-0.372566181040739,1,0,0,0,0,0,1,1,1,0.9316842384527106,-0.057651490490072343,0,1,0,1,0,0,0,0,1,0
0,0,0,0,1.1613728848728677,1,1,0,1,0,0,1,0,1,1.1384359682253138,1.6703751287352795,0,1,0,1,0,0,0,1,0,0
0,0,0,0,-1.2816237461508113,1,0,0,0,0,0,0,0,1,-1.46284518198784,-1.0012581111072927,0,0,1,1,0,0,0,0,0,1
0,0,1,0,1.5235476205178196,1,1,0,1,0,1,1,1,1,1.4750767381928573,2.351700313544717,0,1,0,0,1,0,0,0,1,0
1,0,0,0,-1.2816237461508113,1,0,0,0,0,0,0,0,0,-0.6513914211995958,-0.9905216197354186,1,0,0,1,0,0,0,0,1,0
1,0,1,0,0.6420534243483953,1,1,0,0,0,0,0,0,1,0.007874456955281522,0.36795536957370806,1,0,0,0,1,0,0,0,1,0
0,0,1,1,-1.0705599290523,1,0,0,0,0,0,0,0,1,0.17787293521492753,-0.809492635406005,0,1,0,1,0,0,0,0,1,0
0,1,0,0,-1.2675474548033479,1,0,0,0,0,0,0,0,1,0.2373834636211003,-0.968331447496646,0,1,0,1,0,0,0,0,1,0
1,0,0,0,-1.268235351416554,1,0,0,0,0,0,0,0,1,-0.6457580120624007,-0.9830172426064491,1,0,0,1,0,0,0,0,0,1
1,0,1,0,-1.1188008067964355,1,1,0,1,0,0,0,0,1,0.535790705143984,-0.8303052383124466,0,1,0,1,0,0,0,0,1,0
1,0,0,0,1.0017585944977792,1,1,0,0,1,1,1,1,1,1.3144291816354527,1.673449633654574,0,1,0,0,1,0,0,0,1,0
1,1,1,0,-1.2816237461508113,1,1,0,0,0,0,0,0,1,0.30296094794909373,-0.9778944110487046,0,1,0,1,0,0,0,0,1,0
1,1,1,0,-0.6975007681062404,1,0,0,0,1,0,1,1,1,1.1168751165164346,-0.3466575683579213,0,1,0,1,0,0,0,0,1,0
0,0,0,0,-1.2517428243096864,1,1,0,0,0,0,1,1,1,0.9979541631215288,-0.9359048589854414,0,1,0,1,0,0,0,0,1,0
0,1,0,0,-0.06281288506264684,1,1,0,1,0,0,0,1,1,1.1588002724713586,0.3844701728524283,0,1,0,1,0,0,0,0,1,0
1,1,1,0,0.17539094440498298,1,1,0,0,0,0,1,0,1,0.6967055932672713,0.3760504711067371,0,1,0,1,0,0,0,0,1,0
1,0,0,0,-0.7987105071442383,1,1,0,0,0,0,1,0,1,0.6795531749374644,-0.5192022869970181,0,1,0,1,0,0,0,0,1,0
0,0,0,0,-1.2816237461508113,1,0,0,0,0,0,0,1,1,0.5025507244908828,-0.9752536026412439,0,1,0,1,0,0,0,0,1,0
0,0,0,0,-0.4417570628824272,1,0,0,0,0,0,1,1,1,0.8966448597451973,-0.16981738850971595,0,1,0,1,0,0,1,0,0,0
0,0,0,0,-1.2816237461508113,1,0,0,0,0,0,0,1,0,0.4594739727192141,-0.9758235589296659,0,1,0,1,0,0,0,0,1,0
0,0,0,0,-1.0298827661160064,1,1,0,0,0,0,0,0,1,0.2978342128170392,-0.7781592590757787,0,1,0,1,0,0,0,0,1,0
1,0,0,0,-1.2152469595230144,1,0,0,0,0,0,0,0,0,-0.6296428494767078,-0.9591656700294197,1,0,0,1,0,0,0,1,0,0
0,0,0,0,-0.5174767242070915,1,1,0,0,0,0,0,0,1,0.30976860548001783,-0.3553512284198389,0,1,0,1,0,0,1,0,0,0
0,0,0,0,-0.9785552154172894,1,1,0,0,1,0,1,1,0,1.2030036172157794,-0.6403811078971028,0,1,0,1,0,0,0,0,1,0
0,0,0,0,-1.2190963961041574,1,0,0,0,0,1,0,0,1,-0.485702966895899,-0.9584319703615466,1,0,0,1,0,0,0,0,1,0
1,0,0,0,-1.2816237461508113,1,0,0,0,0,0,1,1,1,0.8283407091589311,-0.9709430164705253,0,1,0,1,0,0,0,0,1,0
1,0,0,0,-0.9085307271098639,1,0,0,0,0,0,0,0,0,-1.4884407512501263,-0.9227633387937686,0,0,1,1,0,0,0,0,0,1
0,0,0,0,0.06166550352279012,1,0,0,0,0,0,0,0,1,0.1892433611693963,0.05801765337584282,0,1,0,1,0,0,0,1,0,0
0,0,0,0,-0.1815260891201303,1,1,0,0,0,0,0,1,1,0.6635133297200538,0.029141832677219776,0,1,0,1,0,0,0,0,1,0
1,0,0,0,-1.2816237461508113,1,0,0,0,0,0,0,0,1,0.25639430095701743,-0.9785105427715545,0,1,0,1,0,0,0,0,1,0
0,0,1,1,-1.2618637966965498,1,0,0,0,0,0,0,0,1,0.24617427509554424,-0.9605560718707618,0,1,0,1,0,0,0,0,1,0
1,0,0,0,-0.012267623552413565,1,0,0,0,0,0,0,0,0,0.11931253124377032,-0.0752416457024197,0,1,0,1,0,0,0,0,0,0
0,0,0,1,-1.2816237461508113,1,0,0,0,0,0,0,1,0,0.45793141375477897,-0.9758439688061278,0,1,0,1,0,0,0,0,1,0
1,0,0,0,-0.5997323744345986,1,0,0,1,0,1,0,0,1,-0.2550542429802299,-0.5541017932172425,1,0,0,0,0,0,0,1,0,0
1,0,0,0,-1.2816237461508113,1,0,0,0,0,0,0,0,0,-1.475340944883727,-1.0014234448046635,0,0,1,1,0,0,0,0,0,1
1,1,1,0,1.0345506849473756,1,1,1,0,1,0,1,1,1,1.454861708483394,1.7448148630254041,0,1,0,0,0,0,0,0,1,0
1,0,0,0,-1.2265437877302299,0,0,0,0,0,0,1,1,1,-0.5874068199487129,-0.9518086094074272,1,0,0,1,0,0,0,0,0,1
1,1,0,0,-0.5881306588667969,1,1,0,1,0,0,1,1,1,1.2154666913795318,-0.18953028879019085,0,1,0,1,0,0,0,1,0,0
1,0,1,0,0.43950702688094667,1,1,0,0,1,1,1,1,1,1.2584097174055264,0.9489790208320419,0,1,0,0,1,0,0,0,1,0
1,1,1,0,0.7372635915030016,1,1,0,0,1,0,1,1,1,1.2782906116299526,1.34322337511956,0,1,0,1,0,0,0,0,1,0
1,0,0,0,-1.2816237461508113,1,0,0,0,0,0,0,0,0,-0.4732088881373223,-0.9881640544356,1,0,0,1,0,0,0,0,1,0
0,1,0,0,-0.853622285602037,1,1,1,0,0,0,1,1,1,1.1837221175750534,-0.5056816021311392,0,1,0,1,0,0,0,0,1,0
1,0,0,0,1.4863662228735797,1,0,0,1,0,1,1,1,1,1.2986869413560531,2.177560360683089,0,1,0,0,1,0,1,0,0,0
0,0,0,0,-1.083609051943965,1,0,1,0,0,0,0,0,0,-0.29724655764261,-0.8443822336632836,1,0,0,1,0,0,0,0,1,0
0,0,0,0,-1.0373893371192475,1,0,0,0,0,1,1,1,1,0.22308599060371614,-0.8053392341443633,1,0,0,1,0,0,0,0,0,0
0,0,0,0,-0.628185827367898,1,0,0,1,1,0,0,1,1,0.9647362057505915,-0.26991506489970085,0,1,0,1,0,0,0,1,0,0
0,0,0,0,-1.2816237461508113,1,0,0,0,0,0,0,0,1,0.1693639801801095,-0.9796620566756925,0,1,0,1,0,0,0,0,1,0
1,0,0,0,-1.2816237461508113,1,0,0,0,0,0,1,0,1,0.47647805577825947,-0.9755985748333783,0,1,0,1,0,0,0,0,1,0
0,0,0,0,-1.2795631212177523,0,0,0,0,0,0,1,0,1,-0.9302831470979374,-0.9933170833895211,1,0,0,1,0,0,0,0,1,0
0,0,0,0,-1.2816237461508113,1,0,0,0,0,0,0,0,1,-0.638640872786035,-0.9903529149248134,1,0,0,1,0,0,0,0,0,1
0,0,1,1,-0.025766333433507205,1,0,0,0,0,0,0,0,1,-1.4358850018509455,-0.7058767432104684,0,0,1,0,0,0,0,0,0,1
1,0,1,0,0.8510675495780622,1,1,0,1,1,0,1,1,1,1.2973712703067708,1.3622693026200807,0,1,0,1,0,0,0,0,1,0
0,0,1,0,1.3525858371632176,1,1,0,1,0,0,1,1,1,1.2926264607513975,1.9973126356272783,0,1,0,0,1,0,0,0,1,0
0,0,0,0,-0.35553862569923456,0,0,0,0,0,0,0,0,1,-1.2582187292282407,-0.7300833373502138,1,0,0,1,0,0,0,0,1,0
0,0,0,0,-1.2761028094620563,1,1,0,0,0,0,0,0,1,0.5047635148270074,-0.970636777572551,0,1,0,1,0,0,0,0,0,1
0,0,0,0,0.33538029808659103,1,1,0,1,0,0,1,1,1,1.2034739655817894,0.8044643227020248,0,1,0,1,0,0,0,0,1,0
0,0,0,0,-0.1464337387688157,0,0,0,0,1,0,1,1,1,-0.4990130410450865,-0.3568593413051503,1,0,0,1,0,0,0,0,1,0
1,1,0,0,-1.2816237461508113,1,1,0,0,0,0,1,1,1,0.950315114222682,-0.9693291510713627,0,1,0,1,0,0,0,0,1,0
0,0,0,0,-0.46039707831715715,1,0,0,0,0,0,0,0,0,-1.5074298969127997,-0.8171425055176073,0,0,1,1,0,0,1,0,0,0
0,0,0,0,-0.8579070733810974,1,1,0,0,0,0,0,1,1,0.5835997180474596,-0.5720604910355482,0,1,0,1,0,0,0,0,1,0
1,0,0,0,-1.1584400682082647,1,0,0,0,0,0,1,0,1,0.5329128838385514,-0.8598989520894023,0,1,0,1,0,0,0,0,1,0
1,0,0,1,-1.045148231285871,1,1,0,0,0,0,0,1,0,0.9537977065078179,-0.7366647621111396,0,1,0,1,0,0,0,0,1,0
1,0,0,1,-0.038044074752023385,1,0,0,0,0,1,1,1,1,0.43113575434433316,0.10366517610253805,1,0,0,0,1,0,0,0,0,1
1,0,1,0,-1.0846993552416884,1,0,0,0,0,0,0,0,1,0.15583225583542687,-0.8432567241053602,0,1,0,1,0,0,0,0,1,0
1,0,1,0,-0.9745810393480485,1,0,0,0,0,0,0,0,0,0.2918168570547725,-0.7199637408268169,0,1,0,1,0,0,0,0,1,0
1,0,0,0,-0.9265223528790105,1,1,0,0,0,0,0,1,1,0.7091676208969876,-0.6577177562471337,0,1,0,1,0,0,0,0,1,0
0,0,1,1,-0.9560684066004919,1,1,0,0,0,1,0,0,1,0.6553146459939334,-0.6583157900518188,0,1,0,1,0,0,0,0,1,0
1,0,0,0,-1.0028269142479005,1,0,0,1,0,0,0,0,0,0.38477960517838883,-0.748300867453087,0,1,0,1,0,0,0,0,1,0
1,1,0,0,0.07560923875634544,1,1,0,0,0,0,1,1,1,1.0148604099509202,0.4840074263236386,0,1,0,1,0,0,0,0,1,0
1,0,0,0,0.6248330549993223,0,0,0,1,1,0,1,1,1,-0.27244252853695816,0.18385486443678187,1,0,0,0,1,0,0,0,0,0
0,0,0,0,-1.2747999808469712,1,0,0,0,0,0,1,1,0,0.8799145280657572,-0.9649870498325694,0,1,0,1,0,0,0,0,1,0
0,0,0,0,-0.7535988871154647,0,0,0,0,0,0,0,1,1,-0.9905083650802723,-0.8054255373636899,1,0,0,1,0,0,0,0,1,0
0,0,1,0,0.5950215841588372,1,1,0,0,0,0,0,1,0,0.6153707294999794,0.7474399427472495,0,1,0,0,1,0,0,0,0,1
0,0,0,0,0.929583525820523,1,0,0,0,0,0,0,0,0,-1.359094074969656,-0.45569797121133543,0,0,1,0,1,0,0,0,0,0
1,0,0,0,-1.2816237461508113,1,0,0,0,0,0,0,0,1,-1.5254583478656363,-1.0020865572217819,0,0,1,1,0,0,0,0,0,1
0,0,0,0,-1.0033911356840315,1,0,0,0,1,0,1,1,1,1.035427608808476,-0.681319428320474,0,1,0,1,0,0,0,0,1,0
1,0,0,0,-1.0373893371192475,1,1,0,0,0,0,0,1,1,0.6776945320612169,-0.7451116735185409,0,1,0,1,0,0,0,0,0,0
0,0,0,0,0.5724723495675094,1,0,0,0,0,0,0,0,1,0.24298079498821282,0.4553453037454174,0,1,0,1,0,0,0,0,1,0
0,1,1,0,-1.199709038113217,1,1,0,0,0,0,0,0,0,0.419220351399767,-0.9105250635989439,0,1,0,1,0,0,0,0,1,0
0,0,0,0,0.1037752750725382,1,0,0,0,0,0,0,0,1,0.2023553575040615,0.10534811801913274,0,1,0,1,0,0,0,1,0,0
1,1,0,0,-1.2816237461508113,1,1,0,0,0,0,0,0,1,0.32711462954492826,-0.9775748293219519,0,1,0,1,0,0,0,0,1,0
0,0,0,0,-1.249512047947533,1,1,0,0,0,0,1,1,1,1.0212053433726014,-0.941097949724036,0,1,0,1,0,0,0,0,1,0
1,0,0,0,-1.2816237461508113,1,1,0,0,0,0,0,0,1,0.3341266914439086,-0.9774820514636,0,1,0,1,0,0,0,0,1,0
0,0,0,0,-0.2598044675550013,1,1,0,1,0,0,0,1,1,0.9892344174771215,0.08889353319714392,0,1,0,1,0,0,0,0,1,0
0,0,1,1,-1.1613296585149206,1,0,0,0,0,0,0,0,1,0.1485298420665537,-0.8852412929177036,0,1,0,1,0,0,0,0,1,0
0,1,0,0,-1.2589143030361671,1,0,0,0,0,0,0,0,1,0.15496838636019022,-0.9646535673782121,0,1,0,1,0,0,0,0,1,0
0,0,0,0,-0.6709073212456079,1,1,0,1,0,0,0,0,1,0.501768178542711,-0.4723184822271611,0,1,0,1,0,0,0,0,1,0
1,1,0,0,-1.2816237461508113,1,1,0,0,0,0,0,0,1,0.320276404536331,-0.9776653071129876,0,1,0,1,0,0,0,0,1,0
1,1,0,0,-0.9751119812688626,1,0,0,0,0,0,1,1,0,1.158755288452558,-0.6247072765778104,0,1,0,1,0,0,0,1,0,0
0,0,1,0,-1.2816237461508113,1,0,0,0,0,0,0,0,1,0.3431332269779327,-0.9773628843641,0,1,0,1,0,0,0,0,0,1
1,0,0,0,-1.1770904124203312,1,0,0,0,0,0,0,0,0,0.2228957927348301,-0.8906509426902676,0,1,0,1,0,0,0,0,0,1
0,0,1,0,1.5926433873660064,1,1,0,1,1,1,1,1,1,1.472309508052424,2.5130741434360115,0,1,0,0,1,0,0,0,1,0
1,0,0,0,0.4182542914742393,1,1,0,1,0,0,1,1,1,1.2129902252769027,0.9508356300613386,0,1,0,1,0,0,0,0,1,0
1,1,0,0,0.4655763257622765,1,0,0,0,1,0,0,0,0,-0.03595125872403111,0.19534156038871395,1,0,0,0,1,0,0,1,0,0
0,1,0,0,-1.2816237461508113,1,0,0,0,0,0,0,0,1,0.21754673839428576,-0.9790245418931655,0,1,0,1,0,0,0,0,1,0
0,0,1,1,-0.155738609351246,1,1,0,0,1,0,0,1,1,1.0679631618554182,0.24722253742860867,0,1,0,1,0,0,0,0,1,0
0,1,1,0,-0.27529048588984345,1,0,0,0,1,0,1,1,1,1.1469222070312703,0.1316385338930684,0,1,0,1,0,0,0,0,1,0
0,0,0,0,0.05077083131731261,1,0,0,0,0,0,1,0,1,0.18581733920940577,0.02625137531123178,0,0,0,1,0,0,0,0,1,0
0,0,0,0,-1.2816237461508113,1,0,0,0,0,0,1,1,0,0.9375306054227918,-0.9694983052179779,0,1,0,1,0,0,0,0,1,0
1,0,1,0,-0.8407823188531158,0,0,0,0,0,0,0,0,0,-0.4298882569204641,-0.7155373301969558,1,0,0,0,1,0,0,0,0,0
0,0,0,0,-1.2802123682464481,1,0,0,0,0,0,0,0,1,0.32600873799048574,-0.9763571351261113,0,1,0,1,0,0,0,0,1,0
1,0,0,0,-0.7931549280876836,0,0,1,0,0,1,1,0,1,-0.5273512485937021,-0.7293916875392351,1,0,0,1,0,0,0,0,0,0
0,0,1,0,0.9164859351332638,1,1,0,0,1,0,0,0,1,0.5027928365236147,1.0023579061288177,0,1,0,1,0,0,0,0,1,0
1,0,1,0,0.6670497902120981,1,1,0,0,0,0,1,1,1,1.02890131272857,1.0432413843103587,0,1,0,1,0,0,0,0,1,0
1,0,0,0,-1.2555108348390245,1,1,0,0,0,0,1,0,1,0.701212775244748,-0.9530498920329621,0,1,0,1,0,0,0,0,0,1
1,0,0,0,-1.148930046348426,1,0,0,0,0,0,0,0,1,0.3370069650988678,-0.8649886230058157,0,1,0,1,0,0,1,0,0,0
0,0,0,0,-1.2816237461508113,1,0,0,0,0,0,0,0,1,0.16929211285214835,-0.9796630075652981,0,1,0,1,0,0,0,0,1,0
0,0,1,0,0.07440355593183633,1,1,0,0,0,0,1,1,1,1.0921699814020542,0.42328007448218746,0,1,0,1,0,0,0,0,1,0
1,0,0,0,-1.2453198638256635,0,0,0,0,0,0,0,0,1,-1.0840295535847948,-0.9861562642301793,1,0,0,1,0,0,1,0,0,0
1,1,1,0,-0.8586893814312071,1,0,0,0,1,0,1,1,1,1.0802086607029884,-0.5339849460416288,0,1,0,1,0,0,0,0,1,0
0,0,0,0,-1.2816237461508113,1,0,0,0,0,0,0,0,1,-0.5692245992728086,-0.9894344556636,1,0,0,1,0,0,0,0,0,1
0,0,0,0,-0.0831170811102809,1,0,0,0,0,0,1,0,1,0.5238369658242757,0.10447887321321539,0,1,0,1,0,0,0,0,1,0
0,0,1,0,-1.0373893371192475,1,0,0,0,0,0,1,0,1,0.6570641740945846,-0.7555015161753064,0,1,0,1,0,0,0,0,1,0
0,1,0,0,-1.2816237461508113,1,0,0,0,0,0,0,0,1,0.16182217208545538,-0.9797618437017059,0,1,0,1,0,0,0,0,1,0
1,0,0,0,-1.2002122764736234,1,0,0,0,0,0,1,0,1,0.46548895427186093,-0.901431531496428,0,1,0,1,0,0,0,0,1,0
0,0,1,0,0.9671036984611898,0,0,0,1,1,0,0,0,0,-0.30285246725659254,0.4031998420101509,1,0,0,0,1,0,0,0,0,0
0,1,0,0,-0.744675355024231,1,1,0,0,0,0,1,1,1,1.129037310701575,-0.39754182313712794,0,1,0,1,0,0,0,0,1,0
0,1,1,0,0.8223484711351816,1,1,1,0,0,0,0,0,1,-0.0714185850794069,0.44723925721453206,0,0,0,0,0,0,0,0,1,0
1,1,1,0,-1.2816237461508113,1,1,0,0,0,0,0,0,1,0.4155543913622358,-0.9764046668486647,0,1,0,1,0,0,0,0,1,0
0,0,0,1,0.40813069289912135,1,1,0,0,0,0,0,0,0,0.4765627836565334,0.4493275208251126,0,1,0,1,0,0,0,1,0,0
0,0,0,0,-1.0786573189306372,1,1,0,0,1,0,1,1,1,1.171067364080602,-0.740498029714436,0,1,0,1,0,0,0,0,1,0
1,0,0,0,-1.1451284737837155,1,0,0,0,1,0,1,1,1,1.084685456816784,-0.8284071249688928,0,1,0,1,0,0,0,0,1,0
0,0,0,0,0.6887840859790811,1,1,0,1,0,0,0,0,1,-0.1846929547815989,0.28356238380331844,1,0,0,1,0,0,0,1,0,0
1,1,1,0,0.5492284311883572,1,1,0,0,1,0,1,1,1,1.1974235897059986,1.0435336427354798,0,1,0,1,0,0,0,0,1,0
1,0,0,0,-0.6226641331553329,1,0,0,0,0,0,0,0,0,0.2036054129461342,-0.4865078976359378,0,1,0,1,0,0,0,1,0,0
1,0,0,0,-1.2811524142013944,1,0,0,0,0,0,0,0,1,-0.6405910507698638,-0.9901517243086931,1,0,0,1,0,0,0,0,1,0
0,0,0,0,-0.020670803194863023,1,1,0,0,0,0,1,0,1,0.6979714803159347,0.14438140804894814,0,1,0,1,0,0,0,1,0,0
1,1,0,0,-0.07849546529026297,1,1,0,1,1,0,1,1,0,1.3717264197017596,0.45705010449115835,0,1,0,1,0,0,0,0,0,0
1,0,1,1,-0.3887513225643976,1,1,0,0,0,0,1,0,1,0.7239689815377044,-0.18436436229432834,0,1,0,1,0,0,0,0,1,0
1,0,0,0,-1.161324026308389,0,0,0,0,0,0,0,0,0,-1.3285577006491132,-0.9643172289982236,1,0,0,1,0,0,0,0,0,1
0,0,1,0,0.9277318602715812,1,0,1,1,1,0,1,1,1,1.3812742343057836,1.62659680484593,0,1,0,0,1,0,1,0,0,0
1,1,0,0,-0.779250141159274,1,1,0,1,0,0,1,1,1,1.1791129808044754,-0.40629750800678893,0,1,0,1,0,0,0,1,0,0
1,0,0,0,-0.424791662046412,1,0,0,0,0,0,1,1,1,0.8533997221105369,-0.1332314556741919,0,1,0,1,0,0,0,0,1,0
1,0,0,0,-1.190492563602782,1,0,0,0,0,0,0,0,1,0.24434342155974223,-0.914083824738488,0,1,0,1,0,0,0,0,1,0
0,0,0,0,-1.0948328824367404,1,0,0,0,0,0,1,1,1,0.9386847793003954,-0.8001904846476485,0,1,0,1,0,0,0,0,1,0
1,0,0,0,-1.2816237461508113,1,0,0,0,0,0,0,0,1,0.1689762766332905,-0.9796671864513942,0,1,0,1,0,0,0,0,1,0
1,0,0,0,-0.10078514128277093,1,1,0,1,1,0,1,1,1,1.3028909426558428,0.32332737986210924,0,1,0,0,0,0,0,0,1,0
0,0,1,1,-0.5625574945129275,1,0,0,0,0,0,1,1,0,0.8125873972828809,-0.25560996825654053,0,1,0,1,0,0,0,0,1,0
0,0,0,0,-1.263376325228566,1,1,0,1,0,0,0,0,0,0.5533233860135152,-0.9564711890988731,0,1,0,1,0,0,0,0,0,1
0,0,0,0,-1.2245112898770636,1,0,0,0,0,0,0,0,1,-0.5327769607172148,-0.9530697735490974,1,0,0,1,0,0,0,0,0,1
1,0,1,0,-0.7037366043944713,1,1,0,0,0,0,1,1,1,1.1863248612455282,-0.34475273603504436,0,1,0,1,0,0,0,0,1,0
1,1,0,0,-1.256311915101672,1,1,0,0,0,0,0,0,1,0.31412289450326986,-0.9564855521639695,0,1,0,1,0,0,0,0,1,0
0,1,1,0,1.0219358136635672,1,1,0,0,1,0,1,1,0,1.2122933560933475,1.5721934276073477,0,1,0,1,0,0,1,0,0,0
1,1,1,0,0.608672956917164,1,1,0,1,1,0,1,1,1,1.2758164136041554,1.1364513027936565,0,1,0,1,0,0,0,0,1,0
1,0,0,0,-1.2816237461508113,1,0,0,0,0,0,0,1,1,0.6252847999449597,-0.9736296859058436,0,1,0,1,0,0,0,0,0,1
1,0,0,0,-0.43141945808899923,1,1,0,0,0,0,0,0,0,-0.200782062704728,-0.4630053548034653,1,0,0,1,0,0,0,0,1,0
0,1,0,0,-0.7044394288426159,1,1,1,0,0,0,1,1,1,1.2023481167022916,-0.3282617160271745,0,1,0,1,0,0,0,0,0,0
0,1,0,0,-1.2034800399829286,1,0,0,0,0,0,0,0,1,0.17799706582063018,-0.9099269274234619,0,1,0,1,0,0,0,0,1,0
0,0,0,0,0.07959013116698777,1,0,0,0,0,0,0,0,1,0.21901937324381604,0.08990874313140268,0,1,0,1,0,0,0,1,0,0
0,0,1,0,-0.3460461694226188,1,0,0,0,1,0,1,1,1,1.1392924218997724,0.055268591352193974,0,1,0,1,0,0,0,1,0,0
1,0,0,0,-1.2816237461508113,1,0,0,0,0,0,0,0,1,0.3093787306913868,-0.9778094962052855,0,1,0,1,0,0,0,0,1,0
1,0,0,0,-1.2173346192412342,0,0,0,0,0,0,0,0,0,-1.3333129868520075,-0.9849128572812085,1,0,0,1,0,0,0,0,1,0
1,1,0,0,-1.195664235902883,1,1,0,0,0,0,1,1,1,0.9751577444133902,-0.8862762548643867,0,1,0,1,0,0,0,0,1,0
1,0,0,0,-1.2816237461508113,1,0,0,0,0,0,0,0,1,-1.5000100186687522,-1.0017498457786238,0,0,1,1,0,0,0,0,0,1
0,1,1,0,0.8210563804654221,1,1,0,1,0,0,0,1,0,1.1550824263285449,1.2624983579542688,0,1,0,0,1,0,0,0,0,0
0,0,1,0,-1.1469476917756016,1,1,0,0,0,0,1,0,1,0.8690899449060698,-0.840176490493363,0,1,0,1,0,0,0,0,1,0
1,0,0,0,0.6915156983459625,1,0,0,0,0,0,0,0,0,-1.4760336507976195,-0.5691623493269898,0,0,1,0,0,0,1,0,0,0
0,0,0,0,-0.43868443231853704,1,1,1,0,0,1,0,1,0,0.46796109422180326,-0.25603689096731475,1,0,0,1,0,0,0,0,1,0
1,0,0,0,-1.2285172368640718,1,0,0,0,0,0,0,0,1,0.20560614193836937,-0.9417133572718603,0,1,0,1,0,0,0,0,0,1
1,0,0,0,-1.2816237461508113,1,0,0,0,0,0,0,0,1,-0.6180487596115566,-0.9900804569535647,1,0,0,1,0,0,0,0,0,1
1,1,0,0,-0.8382588146626073,1,1,0,0,1,0,1,1,1,1.1615949450854455,-0.5049160437921806,0,1,0,1,0,0,0,0,1,0
0,0,0,0,1.0517721063570362,1,0,1,1,1,0,1,1,1,1.4175025330289366,1.7308945273224006,0,1,0,0,1,0,0,0,1,0
1,0,0,0,-0.8834107166847835,1,1,0,0,0,0,1,0,1,0.6598618643892171,-0.5988223243176684,0,1,0,1,0,0,0,0,1,0
0,0,1,0,0.6212247690700023,1,1,1,1,0,0,0,1,1,1.3490323747849369,1.1535101371573073,0,1,0,1,0,0,1,0,0,0
1,0,0,0,0.3634033694605454,1,0,0,1,0,0,0,0,1,0.44558802899813527,0.41821455685442854,0,1,0,1,0,0,0,0,1,0
0,0,0,0,-1.0730799571337883,1,0,0,0,0,0,0,0,1,0.22908352027953305,-0.8237303957167659,0,1,0,1,0,0,0,1,0,0
0,0,1,1,-1.153731404864542,1,0,0,0,0,0,0,1,1,0.5725530679383081,-0.8619831892908171,0,1,0,1,0,0,0,0,1,0
1,0,0,0,-0.6415636247667126,1,0,1,0,0,0,1,1,0,0.9633314530935914,-0.31390859017938444,0,1,0,1,0,0,0,0,1,0
0,0,0,0,-1.1124062067322917,1,0,0,0,1,1,1,1,1,0.30273040307134763,-0.843090593183112,1,0,0,1,0,0,0,0,0,0
1,1,0,0,0.44940588845564033,1,1,0,0,0,0,1,1,1,1.0058840406535325,0.820410975325544,0,1,0,1,0,0,1,0,0,0
1,1,1,0,1.2578163274662804,1,1,0,1,1,0,1,1,1,1.3248177321330208,1.9495090389619798,0,1,0,1,0,0,0,0,1,0
0,0,0,0,-1.2816237461508113,1,0,0,0,0,0,0,0,0,-0.6876721005921854,-0.9910016559618648,1,0,0,1,0,0,0,0,0,1
1,0,0,0,-1.2409180113122174,1,0,0,0,0,0,0,0,0,-0.6686092126685245,-0.9739805158665162,1,0,0,1,0,0,0,0,0,1
0,0,0,0,-0.8642710327717081,1,1,0,0,0,0,0,0,1,0.39904185664350184,-0.6345851914306768,0,1,0,1,0,0,0,0,1,0
1,0,1,1,0.7358571766441933,0,0,0,1,0,0,1,1,0,-0.24125472837790712,0.2677335481701935,1,0,0,0,1,0,0,0,0,0
0,1,0,0,-0.5089896632525098,1,1,0,0,0,0,1,1,1,0.9730418863509755,-0.18459689207169233,0,1,0,1,0,0,0,0,1,0
0,0,1,0,-0.9932975446140325,1,0,0,0,1,0,0,0,0,0.37621447965926635,-0.7506624268047248,0,1,0,1,0,0,1,0,0,0
0,0,0,0,-0.9818659741026364,1,1,0,0,0,0,1,1,1,1.036005076678804,-0.66628021766695,0,1,0,1,0,0,1,0,0,0
1,0,1,0,0.7291494171101974,1,1,0,0,0,0,1,1,1,1.0096965717024917,1.0984580332777878,0,1,0,1,0,0,0,0,1,0
0,0,0,0,-1.2317598679432733,1,1,0,0,0,0,0,0,1,0.36096366825305665,-0.9402037519637524,0,1,0,1,0,0,0,0,1,0
1,0,0,0,-0.9528979148491504,1,0,0,0,0,0,0,0,1,-0.6507196080771175,-0.8378873599914611,1,0,0,1,0,0,1,0,0,0
